:020000041008E2
:100000000000082895F6091035000A1085FD091032
:1000100039000A103D000A1041000A1000000000DB
:100020000000000000000000000000004DFE09106C
:1000300045000A100000000049000A104D000A1097
:10004000BFF20910E5F209100BF3091031F30910A2
:1000500057F309107DF30910A3F30910C9F3091030
:1000600051000A1055000A1059000A105D000A10CC
:1000700061000A1065000A1069000A106D000A107C
:10008000E0000308E0000AC8E0000508E064084852
:10009000E0000A88E0000A88E0000A88E0000A8898
:1000A000E0642E28E06431E8E0643548E0643B8891
:1000B000E0680468E0681768E0681B48E0681EC8EC
:1000C000E0682528E0682848E00009E8E00009C861
:1000D000E00009A8E0000988E0000968E00009489C
:1000E000F8020006C1C381011E06A10B1A06810099
:1000F0009923E10097B397E3062C97730634E2C087
:10010000062CFC80C183E340E2C0061CFC98063448
:10011000FC9C0634E340061C6938C183C143E800F7
:10012000C1C38105E100000CFA045E65EC100CF01F
:10013000F41C5E60BC6E8861FF8407FC9A14D804CE
:10014000E4300460FC124C06E0D04C4AC1C3821576
:10015000C1C3C1C3F804170C81938183E2C00C2C86
:100160001C8CD167E36BE404E56B8E058064038827
:1001700004D8E76BE96B8064EB6B8AC58064060882
:100180000A58ED6BF16B8064806407280878F36B84
:10019000F56B8064F76B8AC5F96B8C05FB6B8C453E
:1001A0000C0A8A458A65E4B4E4B80C0A0A788445E6
:1001B0004006E064404AFC1280D5E0D0C1C3C1C310
:1001C0001F0CC1C30FFCF004BCF4F784C153FD64E1
:1001D000E080000CE080000CE080000CE080000C6F
:1001E000E080000CE080000CE080000CE080000C5F
:1001F000E080000CE080000CE080000CE080000C4F
:10020000C1C3C143C1C3C153FAFC040C600006DA88
:100210000A20A10B183064000E24E400020A378083
:100220000C068000083420000A70B7805842A404ED
:1002300081613298212BAA45060A8CBB0C10000064
:100240000400E400181A6400A825E0000804A11DB9
:100250000E1457801006D780044040000854C40490
:100260004C72768010C4D2A0144076800E64A480B4
:100270001224F680A16B76803C0154808C8B400068
:1002800004800890DC004870849B28A3EC040EA036
:100290009EE5A07D964B217B0E8A86450E9AE50051
:1002A0000006448016A0800008542C84C000289CBE
:1002B00020010E4A0054400000C4A8ACC000289D94
:1002C0000F9C14544002885B80CB99A86184008401
:1002D000E1840894128401CB324FE0FCE4041C70EA
:1002E0004B0A01A158DA841094BB64006D84401A53
:1002F0001C70C61F00C424080E54A084085421FC9E
:100300004002A084A1EB399C3C005800BC004A404C
:100310001D5A08C50EE0E0040DCBEC04E1FC00A47E
:100320004B0A42B758FA840808C4641810A4E0FCC9
:10033000400A608420BFED8C005490AB148461842B
:10034000280F9C809194482213B04A624C50C3C736
:10035000805B1C0027F04ED89C004440960B211D6A
:10036000578004A4D78002B440000606C4040420C9
:10037000528C42124010946B4C205C00801BDC00BD
:100380000C0C8C0BDD93F2FC8C1B7FC5806B7FA566
:10039000967B73E5FA3C040C81C1210B0000020A34
:1003A000A085986B76800A140824A12B060A768013
:1003B0000C048000988B7680061A1EC51834E00065
:1003C000A11B7680A4800E403C014EC00860C00096
:1003D00048500480A873DC00EC040A709AC5A05D44
:1003E00090CB215B0A8A86450A9AE500080644807C
:1003F000107080000A4A2C84C00020002895083420
:100400000C24400008248F94182428A0C0002894AD
:1004100019984842883B982B61840814E0FC0C141E
:10042000618418042CCF893BE41046DA0430450A75
:10043000E40412506D84401A125081C10C24240827
:100440000834A1FC0A2420844842A084A19B399846
:100450003C004640BC004450135A186B88C5E00469
:10046000EC040E9046FA033B450AE4040A24040017
:100470001034E184C26760FC60841CC4ED8C400AC7
:100480006184083410C4B05F9CCB61FC5002306FB3
:1004900044129188883B138C1C00422040808A2B98
:1004A00018E41C004FD89C80180BA7EC0C0C8C1B7C
:1004B000DD93F23C826B00CB75F5FF95C1C3905B79
:1004C000FAFC040C808B210B0000020A046B829B57
:1004D00080E5867B060AA12B400A800080E5E59C2A
:1004E000841B81210C0C840BDD93F2FC6800418895
:1004F00000BB841B02AB900B41188E1B007BE800F5
:1005000040D8920B8C1B680044B2813142A2F08C1F
:100510008623F29C42127D85C1C3F280E6864A0E94
:10052000E706580E6606460EE1C008546786440E7C
:10053000E0C000C402C460578A03E1C0F2904212D6
:100540005D938603F2884212E50004CAC17C02145E
:10055000DC004010848004CACC800420C908001448
:10056000C17C02148000045AAD88061420010606DE
:100570000004C0000214898840028908DD93998C28
:10058000E50004CAC0000206C0000006848004CA58
:10059000CC800420C9880014C00002068000045AE0
:1005A000AD880614200106060004C00002148988E4
:1005B00040028988DD93998C8141610B06148A255C
:1005C000E11B768076800404088581410630A433DF
:1005D00004046C04A03DE184A13B86E5C88C0214B0
:1005E00064041830E408431A24081830A084021464
:1005F0000AC021CB195AEC048245E004C247401DD1
:100600001C8008449184400227FC4A985D93C317DC
:100610007FE5880B7D55804BC1C3883BFA00040CF5
:100620008111006BE8045048E1A040860015800469
:10063000A11BE03CDC384208680457C8C1C38C0BDE
:10064000FA04047C74A9464E490EC010C01074A967
:100650008825893DCD14CD04050ACD244A00E080CB
:100660008425F00CE4000A3A600100980420800020
:10067000C116EC04F80C004A0420FE65E92DEC10CC
:10068000FE85C11EE00404CA8000454845C8C11665
:10069000FBF587FCE198414661914306801EC0004E
:1006A00081119B0181318121E8044A888C45A10B8D
:1006B00074A906CE484EC010C01074A98A45893D61
:1006C000CD14CD04050ACD244A00E0808625F00C27
:1006D000F00C4C10E4184A5AE4000A3AA000012831
:1006E000600100A8C5508000EC040420004AC156F7
:1006F000FE45F80C0420C554E92DEC10FE65C15EE2
:10070000E00404CA80004588C156C55087FC45886E
:100710004786FB6508F0E1908C4EE430E1A40C467E
:10072000E1A40E4682458F6D023AD9140068E400B8
:1007300080006001FC3842088161FF650046E16B82
:100740004C08E1A48B04DC38FE248914E86C65684D
:10075000E1A40C46E1A40E4682458F6D023AD914FD
:100760000068E40080006001FC3842087578FF658D
:100770000C7CEFFCDD93F2048055A11B0A00831171
:100780004006E550404AFC12D7F4E0D0C1C382B520
:10079000C1C3C1C3F4040B3FF4040B2FF4040B1FBB
:1007A000F4040B0F0A508135405AEC404406E0BC7B
:1007B000446ABC22404AA090C0002089ED88401ABB
:1007C000200101980AFFC000C1C3F404C1C3C1C322
:1007D000F4040BF5F4040BE5F4040BD5F4040BC599
:1007E000F4040BB5F4040BA5F4040B95F4040B8589
:1007F0000AFF81550A50F404D7E4EC80D7B4D7D46B
:10080000D794D7A4D774D784820B9464FA005C0879
:10081000F83C044CE440048A212B80A58215803BDF
:10082000461281F5064AF98082B5F80C0420803B17
:10083000044AEC04C548E4004588CD460C4C87FCCE
:10084000DD93F03C6C400A204927E1C104208ACFA7
:1008500006C06C04044AE440481264000033F08C83
:100860000275806B0285F0100295F80C02A5F8085D
:100870004C75F8044C85F0104C95F80C4CA5F80814
:100880004408F804445287F8E92DF1B00A2086950F
:10089000C5276C1061880E54EC040C206404187099
:1008A000E4000C4A047444C74242E088867B70B07E
:1008B000DD8ED18487FC4D8871884452A12B9833FA
:1008C000F7E5ECF5881B212BF7A5EC75E100000C92
:1008D000F804040C780C000A8225803B94A5A12B17
:1008E00004204D16064AEC04FE25F80C9095E92DDF
:1008F0007A800814E440048AE0A00A440854A85FFF
:1009000006F5E0C00C24AA4F0A20619061C1EC40BA
:10091000EC040C600C4A0ACF4E32E400862B70B017
:10092000E4400670F0104445F80C4445F80844458E
:10093000F804444587FC4C08F1B044528695E92DF3
:10094000F9C107514A52A4530453FAB0EC100420E1
:100950000E2408514557E188E40418706C040C50CB
:10096000E0880A7464000C4ADD4E867B87FC4DC823
:10097000AA2344C7A12B983304208205044AEC041F
:10098000CD16E40087FC45C8F0040C0CC1C3DD9310
:10099000FE7C040C044A007B4072E0101EF0798853
:1009A000000CED20001A6200110EF80C1B0E828B59
:1009B000200100265E05C00040002035233EEF8D5B
:1009C0005E17A40B9D2EE0FC2388A10E0024C0001E
:1009D000C41B6188C03B7D417A104212FA10463236
:1009E0008413003382113E1E82317C3E0020191E8A
:1009F000973EEC040084FE0EAF8B6184540A158E82
:100A00002EA5E68A00808EA3108A6C04400AE4A416
:100A10005672E68A40707080A2B5DC0000840FBE7A
:100A200023B4E18CE68A4C0A60840064F09850722A
:100A30008E030D0E8E0B0B0E5608901B138EFC387A
:100A40000B84809B901B900BFC385608829DFF11F5
:100A5000A00D82850E0B84D5A324901BFC3844087E
:100A60008E0B210D81C582858275A10D901B0E0B09
:100A70004408A324210DFC3880458E0B930E900B67
:100A800050A22C0B2364F198F09856A2900B0B0EF9
:100A90004C08941B009BFC3809BE940B4C08961B19
:100AA000FF11FC3882A5829D84D5A00D900B0964AE
:100AB0008C1BA324FC38440801D5A10D9C00506078
:100AC0008255A10D900B09A4941BA324FC38440863
:100AD0008055A10D8FB490AB8D148B949693A36425
:100AE000718440B28D0E921BFC384C08920B008B27
:100AF0004C08961BFF11FC3882C5828DA00D158411
:100B00000D648615A324961B44088C0BA10DFC389C
:100B10004CB001E515849C008275A10D961B0D64F7
:100B20008C0BA324FC3844088095A10D8CBB0135A7
:100B3000930492BB941B23644C08930E009BFC38D7
:100B4000961B940BFC384C08829DFF11A00D8285EA
:100B500013A484D5A324961B4408940BA10DFC3840
:100B600081D582A58275A10D961B13648C0BA324DD
:100B7000FC3844085660A10D96AB9C00002A9B04EB
:100B80000118E00080004001E0FC1E0717148435C6
:100B9000024A8E0B8024E400C13EA8344308E92EAB
:100BA000830587FCA8149C04A80E9C1E191481B50B
:100BB000024A8E0B8028E400C136A8384308E92693
:100BC0001D1487FCEC040080500A81614072668627
:100BD0001B0EF0840E8380AB90BB809B8CD5D6AD72
:100BE0008E1B140B4408A324A00DFC38A10B8AF51E
:100BF0009D049205A10B8DB5C0401E05012888D526
:100C000080004001E0FC1E0717248455961B900BC2
:100C1000E400044A80448434C13EC54E87FC450844
:100C2000AC048315AC1EA01481C5A00E960B19242C
:100C3000044A901B8038E400C14684484508C53604
:100C4000210487FC80838361D6AD80B3160B94F5B5
:100C5000A3248E1BFC384408F2C5A10D4001039863
:100C60001E0780008E35E0FC960B1724044A941B67
:100C70008434E400C54E80444508C13E878587FC26
:100C8000400101281E0780008455E0FC940B1724C6
:100C9000044A921B8434E400C54E80444508C13E9A
:100CA000831587FCA814A404A80EA41E192481C5CA
:100CB000941B920BE400044A84488038C536C14630
:100CC00087FC450883611D0471958093A80480A367
:100CD000A81EAC1481C5AC0E940B1924044A961BB3
:100CE0008038E400C14684484508C5361D0487FCA9
:100CF000210483616F3580A31D1480B39504A16B1B
:100D0000E686400A00000E88F0805872719C42927C
:100D1000F1A440A2922B011D44A00E3B46909C00E2
:100D200048229C00A14BF18C1E078A2542A260FC40
:100D30008455F190FD3145474422C82B8E3B7A0CF7
:100D400082218823E400044A84548C44C54ECD5E3D
:100D500087FC450808308335FD516C04822124430B
:100D6000FA14484226238823044A8E3B8C48E40028
:100D7000CD5684584508C5461D2487FCF1A042C2C3
:100D8000F1AC52824492A413A12BFB841E078C4524
:100D900084B5E0FC61880224423BFD41F18844C2F5
:100DA000FA10463202308233024AE404A834E400E6
:100DB000E94E88444308C93E83B587FC06B07E14DB
:100DC0003033EC04901382214212B813FD317A8C37
:100DD000FA0C4612F1844232E400024A46C2285814
:100DE0000E48F188EC0404208E56E94687FC420840
:100DF000986B1D148245C20DEFF87E088E0B001B08
:100E0000A3349D24EFFC5C68C29D9D147D58A80509
:100E1000920B6FF8F1A44E62808B1D24F98840720A
:100E2000000A11045E07F80C1B0EE0FCC00000264F
:100E300040345E051E08EF8D408A9FFC840DE68AD3
:100E40000E03A0C5F08850720024190E441BE188DF
:100E5000403BFD21FA08421244321D348023FA0837
:100E6000E40416200C108613CE8DE404909B8AC5F2
:100E700092AB2194941B2324920B9493FC38440846
:100E80008875A30DA10B9B041E0782E58435E0FC49
:100E90006400164A961B920B8034A824C12EE93EAA
:100EA00087FC4308A8048305A81EA41481B5A40EDA
:100EB00064000C4A8C1B920B8038A828C126E936A6
:100EC00087FC4308F4B5CE9D19049D04C18D808331
:100ED00087D5F2B5820D1BB48E2599CEFC84BE64F5
:100EE000828182618AC5CEBD2194969B232492ABD8
:100EF0009493941B4408920BA30DFC380118887539
:100F000080004001E0FC1E07104A8435920B64000B
:100F1000A824901BE93E80344308C12E830587FC3A
:100F2000A414A804A40EA81E0C4A81B5920B640058
:100F3000A8288C1BE93680384308C126CE9D87FC43
:100F40009D04F4B580B31904F2B5C1BDE5201EF0CF
:100F5000F67C0C0CC1C3DD9304FC805B4006E2C050
:100F6000D56EFC12D58ED57E405AD59E4206E0BC89
:100F7000D5AEBC22D5DED5BE426AD5EE404AA090A1
:100F8000C0002089ED88401A20010178C1C3C0004B
:100F9000C1C3C1C3F0044B85F0044B95F0044BA5CD
:100FA000F0044BB5F0044BC5F0044BD5F0044BE511
:100FB000F0044BF5C21F81A5D51ED51ED51ED51E2A
:100FC000D51ED51ED51ED51EE0D0404A82B5D52EE1
:100FD000C1C3C1C34B0FC1C34B1FF0044B2FF0045F
:100FE0004B3FF0048165F004D51EC21FD51ED51EEF
:100FF00094FED51EDD938101E0041986A3CDC1C303
:10100000184A82A54346E0000215E1984205800097
:1010100041FE8000BFFF1FFD4346DD938414E1982D
:1010200041FE84CEFFFF7FFDC1C3DD93FE7C040C37
:101030006C401EF07C0E826BE1A04086020580149D
:10104000A10BE14802109AE5C0016521BE14BE1E45
:10105000808BFE1EA30DA204401B92551400FD219F
:101060004E1264044407FA0810039473E4000E6AF5
:10107000E6101600A16B140B140000E51615EC0425
:101080008D1BE08022148AF5EC080000F8801625FC
:10109000500583AB020600045615C000A12B5880F2
:1010A000101588258331618800342294801FE880E0
:1010B0008265A11BE18C10152C14801F8205A11BD9
:1010C0004408820B8175FC38FC384408FC048145D7
:1010D000FC384408819BA204FE048835910B8004EF
:1010E0004E6886B53FFF47E5EC1016B0A10B8101B5
:1010F000A2048625A10B2004A10B82B5FE74846591
:10110000900B1C0E680140089C84C000E875A18B00
:101110007E8E8195E6D5A10BBE048155A10B80047E
:10112000A0F1E4F5F67C0C0CC1C3DD93E100000CEA
:10113000FA00004C8301001BEFFC76088105C143D7
:10114000FA8002140006E11B00069422DD93D462AB
:10115000F800040C6C501EF0E47C034A826B3C5E89
:10116000FC1EBE5E42668E050C4AF0020634647CAC
:101170005E15FA804A0E00045E259FFC061A0008E0
:101180001E25E400442280045E2598141E2580005C
:101190001E5580004A5080084422907C5E25999418
:1011A0001E2580044220800418149C0040003CB599
:1011B000BC341814024400D5E11BFA80DC3C18C48E
:1011C000E2320066420E28F1C01060010C0C8C2B3C
:1011D0008775F000017E28F10C0CFFF8DD93F0001C
:1011E0006C401EF0E47C014ABE2EBC2E8685FC2E8F
:1011F000E47C000A440684453E2EF002FC1EC12118
:10120000841FBE14BC14BC1EBE29FC24BE1EA41F19
:101210000006BE148155E206F87E4006F0FE000688
:101220005D9381017FE5A0F1FFF801AEE2C0041CEF
:10123000041FC111F07C4400021CA41FDD93E34095
:10124000E47C040A408804240000060E0830801064
:10125000481204105802D08802067190FFFC60000A
:1012600000C483C7020FF080700142C0610BDFFC35
:1012700073FD40C04807C00300A5D0175D93A20FBF
:10128000FFF8018E60010286A20FF8004006900E62
:10129000A10DFC12400682C5A10DFC1A4006821564
:1012A0000206FC0AC02060018075830DF3720046BF
:1012B00081015D93FA7C040CEC301EF0864B088BA8
:1012C00081713E2E405A006B7C7EE506425A813188
:1012D000882B6586EFF84F6867D10000448640018F
:1012E0004212E03C8131729CEFF84568000017A47F
:1012F000C0046401729C42121974D707E0D416141A
:10130000FF0120BF001401BB57FEE1ACA10B1FFC85
:1013100060381409DFFC57FE81111B940AF01C246D
:101320001504E420BE44A10B8008001B06148004B1
:10133000901B7B00E80043C8FC04BC0EE0180E497B
:101340006834AA245082A01B8E0B7B9068384A68B0
:101350003E0E8C4B850581A10E29D90A42BAE01CAC
:1013600048BAE502062065828301E41C0203A70F48
:101370004242811190217284EFF850487FFD45FE72
:1013800082A1403F41FEC50D003F1FFD41FEA11B54
:10139000C03F1FFD91ADE50EBE04F8151E05A10B63
:1013A00098F10000F27C0C0CC1C3DD935896211B10
:1013B0000214E008180640AC442AC000A14B4106C4
:1013C0000000020680085896FF1182650244023D23
:1013D0006037E10491800214421A86132023E092C0
:1013E0008223980BDD93942EFA04044C8111026B36
:1013F0006000450666D88C0B81716FF8660000604E
:10140000E4C00260912101A50420067E4073EC0433
:101410004275F820C17CF008FCF5A12B7FF4410E49
:10142000E038030660280506FFD4470E486281F5C0
:1014300000007180927EEC204862107E107EF08861
:10144000F084486282111076870B882141F6FC35C2
:101450008111600C6F404C01674400606398C003C9
:101460008F216FF86561006002604008C00367610A
:1014700005060195067EE008EC040420F00842759C
:10148000A12BC17C0C4CFE35DD93F2046FD1001909
:10149000A11BC00500098245C006602DF3F0400085
:1014A000000CA90BDD93E20081015D93F0804412F2
:1014B000EC7004298405A12BE03C0229E682402A35
:1014C00002098013C0056B71EC140000E40800CA27
:1014D000E200000C5D93DD93C1C38101F804040CAC
:1014E000603C0239677002100A04C0030420608C5B
:1014F0000455E64058227C14463AF0948171668285
:101500000834B264C2376088FC10024548628853D0
:101510008613729C0804324E305EE08802138443C6
:1015200040016C01083580238233E200E200483537
:10153000EC000409440182010C0CEC00DD93F00482
:10154000FE04040C4822086B214BF98C08658A7B49
:10155000E008489661840824E0FC0A340A342A4FE3
:101560008803E1846FF47188F2844252641C434A18
:10157000421A8141416AE01C420AE418421AE5809D
:10158000420AE1880904ED80DC004C00DC004E10CA
:10159000806E827E0C0C880BDD93F604F800044C00
:1015A00067FD00258151400186448434E01802C55E
:1015B0006FC90021843340056050026BF2944842A9
:1015C0006FCD00010255C00584C3601C8261064EC8
:1015D00042C5843E80536018E01C4255E05042638F
:1015E000F0000C4CC1C3DD93603C0239C84481C19A
:1015F000463ACA54C437E682063582338643E7DC6E
:1016000072B04652CA3E80130201C84E0435EA70D9
:101610008033E020E0204435E054043BEB700201CD
:10162000E0240415443382318013E054E02444154F
:10163000C1C3DD93E03C0239E058044BE682403AF6
:10164000E01404358013C407E7DC0205E01004153C
:101650008101001372804032440582414415E01438
:101660004443E010DD93E058605800290A39845B58
:101670000A49EF400239EF44400160514A21C72D29
:10168000C82D4F406F484A21E4A008004F444A212A
:101690000035C23786136020603002C367600A508D
:1016A0000213C003980BE0C0E0002468FA3C040C6D
:1016B000846B027B60500E2B0EAB81810E9BE0543D
:1016C000188EE0589A8EA12B4C23D88E4CA3E0188C
:1016D0004C93E01C84C5E02006241C049E14E18485
:1016E000813106036FF46588F2A0421267FD008A1B
:1016F00041FEC7FF00011FFD41FEA11BC0011FFDF0
:10170000140A980E04A4680084C5FB8006245C04B7
:10171000DE14E184813106036FF463E8F2A0421223
:1017200067FD008A41FEC7FF00011FFD41FEA11BAE
:10173000C0011FFD120A9A0E049468008605FB8002
:1017400060100E05E1840624E0140E1581310603B5
:101750006FF46228F2A0421267FD008A41FEC7FFC3
:1017600000011FFD41FEA11BC0011FFD0C0CD80E86
:10177000DD93F23CF804040C843B010146018A0627
:101780008E06F008020B8C06A10BE05002C58845BE
:10179000060460187F51E184866BA64B4C408ACDCD
:1017A00018639C00FFF8180EE0824E6AE01C026588
:1017B0004A720A6D4640FA300A521C000856E9FC8B
:1017C000403A8C334002E0820002FA308A06E9FC9B
:1017D000E054020B8845A10B602002C5E184060499
:1017E000A64B7F518ACD866B9C004C40602402C57D
:1017F0004C6A9863020E60828ACDFFF81C00464056
:10180000FA044C620A621833403AE9FCC856E08296
:10181000FA044002E9FC00020C0CCA06DD93F00455
:10182000F81C040C8904847A0489861AD658E010BE
:10183000807C8898C8C88A780429CA68021CE01489
:10184000E1840284601040510A249813C217618415
:1018500002100C534011EC04C257601C6C0402507F
:101860004011C287C22760206028402166400440A2
:101870000619C00381316038E0144091E0184071CE
:10188000E024408149488195EC040A30EC040210C0
:101890004640C95DA11B9C004031FCF58101602CD4
:1018A000F01C0C0CC1C3DD93F0804622EC700639AD
:1018B00086A5A13BE03C0439E682403AF08046220E
:1018C0006B7106390630C005E23DEC14C207841581
:1018D00004038023C00263B986128422411A850D55
:1018E000400AE004000CE184DD93E20081015D9395
:1018F000FA7C040CEC701EF081611D04888B7C5E08
:10190000901B7E1E00063E0E8B6EE004E03804B98C
:101910008145896E0000456EA10BEC047C04FE95A8
:101920001220874140036571E640143066410E3055
:10193000806EC003C26E824E0006406EBE14E00888
:10194000864E840EC46EC66E9C2885E586A5A12BA6
:101950000009FE04C12DE0103E148245E008004657
:101960008701040EA408860EC60EC46E06F02A1463
:101970002804E4407FFD49FE3C3ECFFF5E188131E4
:1019800081516FFC8195890483017C24880E871125
:10199000A4188A1ECA1EC86E16B0610E0291EC040D
:1019A000827190A1F455A1BBB8F17C04A10B800415
:1019B000C0084C960C0C8C0BDD93F27CFA7C040C6A
:1019C000EC301EF0886B0A9B80BB067B64D10090D4
:1019D000848B4001089002AB3C0EE49064910A9025
:1019E0000E2BC00178588C3BA10BEFFC98F180A521
:1019F000F27C0C0C0490DD93960B64306FFC6588D0
:101A00007C8E8C1BE48010908C1B160B6FFC6B483B
:101A10003C9E902B7C24960B0E3B941B70188C4B99
:101A2000905B6FFC0C0C98F1DD93F27CFA1C044C7B
:101A3000829B048B867B086B6F481019676004805B
:101A40001209C0038C3B6010E8045968E0100E05D1
:101A5000E0340E1BEF481029E0101239E08C0E49DB
:101A60008101180E4C21D81C4C31E0184C41E01C6F
:101A70000C4CE020DD93F21CFA7C044C81B113A4E1
:101A80006E4002221174888B285E866B0FBE819196
:101A90008155812182214134FA245232FE75C32DB1
:101AA00041FEA09D803F1FFD8000540506F090057B
:101AB000920B6470902B0A1BE8345E488E15A10BC4
:101AC000901B120B68346148A10B8E2B8F848C35D0
:101AD00054B5A18B409600008A458008981A9C0452
:101AE000C7079A2A8095C30D8101440D40128825AD
:101AF0000406708842B2FF40813172ACEFF44E2888
:101B000060FC0414240FC3070131C3174438902B21
:101B10000404EFF4FF3160A0D0177107A20F072B68
:101B20001FFC45FE45FEA10BA82EDFFC0C4C8101DD
:101B3000DD93F27CF81C040C84030413618A400AD0
:101B4000421A82110420618A1804EC040C04608893
:101B500008C5E08C4E527C300A65F098850D7C18E3
:101B6000CAC79E8412C4A6C38CC3617CF2A04C92E7
:101B70000C041E6E1CCEE0840CCB8A630006690048
:101B800000008000830BC4044CC382C1F6D5E90079
:101B9000F01C0C0CC1C3DD93F81C040C61FC182470
:101BA00004C3A20303C786030BC481814C0AB80394
:101BB0000034618E0904E088F0804E420C13948E4C
:101BC000421AC4678863618EB08E808EC417022368
:101BD000618E462AF08444424242C4370670708CBB
:101BE000827BEC101494D9841093C66DDC004C40B9
:101BF000DD84949EC67D30944E401093309EDC0070
:101C0000FC35856BC9C480549853C62D4440005E92
:101C1000832BDC000C0CFE35DD93F01CFE7C040CE9
:101C2000EC401EF04C4208134C6AF0808211619225
:101C30006192421AE0881844D6077E3EC467193480
:101C40004FFE4417C0017FFD52520AC33E3EF0844E
:101C5000F098545206C00C7E7C5EEC10FCA8160472
:101C600081C1014181110181E96483F5C6AD7E0422
:101C70001EA5CA674E624008217DF1800C068E6B5E
:101C8000A02D40009C004C70617C0E64406A8C4327
:101C90005872642E4C6AF2B08083E4AE7284426261
:101CA000640016B093ABC00818CAF835181AE000E3
:101CB000082AE000420AE000421AE580420AE18870
:101CC0000845ED808008409661840044E0FC04C42F
:101CD00004C4240F1003E1844212983B882B7288BD
:101CE000EFF06948E000034A021A3E14006AE0007F
:101CF000420AE000421AE580420AE1880006ED80CF
:101D0000040EC000A0F18101F67C0C0CC1C3DD9370
:101D1000F87C040C4C520D040C23F080F0944E120D
:101D20006196582AEC041050C487027118338F242E
:101D3000463AC4C7420261964C6AF0B0829B6196F3
:101D400061964E7AC4378151708C5802F0A04602D9
:101D5000E5A481659453C69DDC005200FE55999B15
:101D6000A34D4467C477046380000C9552920265CA
:101D7000FF9190946024491A0C958A9B5292A0007E
:101D8000189EB1940483847383D5FF91C5B4F1A4E4
:101D90004AA28AA30CA5F1AC02458000909454A2FB
:101DA0006024491A0CA58AAB54A2A00018AEB194C5
:101DB000E40C591A3C015800431A40004200E40C5C
:101DC000C0003C0164101460551A846B4CA0E420E0
:101DD0004C1ABC003DB8E01CC3FF3FFD0C0C810158
:101DE000DD93F07CFA7C040CEC301EF0CA37008BDB
:101DF000E1FC148400A490A38033E10460A2403A83
:101E0000E17C0654617C180456C2AA034602F38C96
:101E10001734F9AC41FEA13B00011FFD80084E962E
:101E20000A449005A443617C617C18244A52FF2136
:101E3000817173B04472045D3E1EF180124480CB08
:101E4000E05761C01C005820F3AC4272E0477C3E72
:101E5000608406B4E1FC0C04608404045610B25F94
:101E600040C21C0042B2F090AC3F7294EFF05CE8CC
:101E700002A495B4D6B77C00A2833E14A38B7C3415
:101E800004010000D617800402048203961FE17C3F
:101E9000401A80130002E1AE0002E000C7FF6BFDB4
:101EA0008E0B0C0E0C0C98F1DD93F27CFA7C040C7A
:101EB000EC501EF0A4131B74A403093E8A9B1F64FC
:101EC00046721D84563AF088882B619E7C4E99A4F8
:101ED00016138E4B7E1E960321B4A0133C6E931DE9
:101EE000C404121070A442020210943B905B6C0474
:101EF000EFFC69688615A10B943B7E148E4B3CBEAB
:101F0000905B7C24E40400106FFC68A8A10BB20372
:101F100018048275400AD677980EE11E400AAC0478
:101F20002C0EE11E98248101C22DAC1440004C15EA
:101F3000DC004220C0005625C0000C354430093476
:101F4000A8F1DC004C35C62D1615C000C71DC00019
:101F5000C0005635F27C0C0C000CDD93C000610112
:101F6000FA7C040CECF01EF0849B111E934E955EDF
:101F7000973E8F0EB3148C08191EA10B9D1E811164
:101F800084459B1EE004000285B381138BF3990402
:101F9000E5800000F8604015F83040154015C11E7E
:101FA0004015E02C9704E05CA10B820831B4A22517
:101FB000AF8481711324ADA4E08400747C000443D9
:101FC000F0804222E09002238245844D0674190479
:101FD0008033E0880255861B8404F030190485F5AF
:101FE000E08806744442092E0D7EFA0800338221EF
:101FF000061BA823E6400C30F030025502C58404CD
:102000000513E060EC0404408B4E8533E800313C5E
:1020100070884EA282718221E1AA4E7A1045C4775F
:102020008803FC1CE444840E8C5E8853FC1C16451B
:1020300098CE88C38B448D7420518924E0880C7419
:1020400008444B570C5EFB801E55CA0D40024030C1
:102050000674D19482214088FA8018A4D094463224
:1020600040604605F190462206340F040009FB004B
:102070001904E0308063A10BE6400060C000002539
:10208000800004060000402580000406A604914458
:1020900050588414E4D008F008F07C4EBE4EE4E0C2
:1020A0009544BCCEE80062088271210B80341E1575
:1020B00080C04C1586189714DED5837D020B801BDB
:1020C0000C0CF8F1DD93F27CFA7C040CEDF01EF0C0
:1020D0001E05A90E972EE0ACE0B41E251E059D0E30
:1020E000195EE0A0E64018209951151E1E05A30EAA
:1020F0001E15E09C1E65E0B0130EE0A81EB5810120
:102100001E75E0A4BD0EE098B90EBB0EB50EB70E5D
:10211000B10EB30E8145AF0E0A50710CA15BEC04F9
:102120002954FE95E640142012101B7E256EE4C053
:10213000E5800C40650118500A504002C004660159
:10214000101021CE1F5EE640E00844968171273EC4
:102150009395ABBE020AA414C7FF63FDA10B8A05C9
:1021600025B486D5AD2E963BF8C00C0378300C1301
:10217000A324964B6B58A954A10BE8000C0382B51D
:10218000812178C078300C13AB34964B6A98A154F7
:10219000A10BE800A7348445AD24ABB4E2A4040A43
:1021A0000FFC43F680084496800054138891027116
:1021B000846104A184810D8581212BB4F8C00C03B6
:1021C000F8300C13963B1D4468B89F542734E80040
:1021D000AD24A10B2002F895E5A004F006F018123A
:1021E0003E2EE5D0E5B00AF09603113EE1AE400A7E
:1021F000BC3E9BB42B34AD0EA144962BEFFC4CE8B7
:1022000000F018123E0EE5C0E5E00AF0962B11042E
:10221000A944AB342D04BC0E4BF886BB9704EFFCED
:10222000E03000098405A10B657000F0E58004F042
:102230000AF018123E0EE590BC2E963B9B24AD048E
:102240004AB89F44BD04EFFC99249514BB04AD0E1D
:10225000B534B3B4841A910E8B2E8DAEAF04932493
:10226000892EB1C4FCBEFE0EBECEABB4B944BC3E9A
:102270009B04B7549134AD24E81875688101002B94
:10228000F1D5A734837D8E181EF0D8D50C0CE5F05F
:10229000DD93F27CFA7C040CEC501EF0828B3E2E17
:1022A0000050009B1911E7608185812178604023EF
:1022B000EC040210F8304023A11BC12C0C50FE1579
:1022C0000E4067607C3EE4C0BEB481A19C0485D50D
:1022D00063FD000A88A5C7FF78300E15A024960B71
:1022E000E042A43A4298E458090EE8009C14960B88
:1022F000A43AA024E458E042E8004208960B7E0E7F
:10230000E0300E15A43AA024E458E042E800416809
:10231000FC34FE14F8604C13980C8914F8304C13FC
:10232000846102A18E088871F45581ADA8F1010184
:10233000F27C0C0CC1C3DD93180E2413441AF00078
:10234000401AE4820224E40282CFE17C810100C3CE
:10235000F2844222640104C04212C0801814F28048
:10236000E1C7E17C42129823E1277280A22FE01797
:10237000080E0823422AFF00442AE48E0614E40EC5
:10238000864FE17C421288230420F28CC00864014D
:10239000F2804212E17C06148623E93772804212F1
:1023A000E817D927020E222F4222F8000212FA045F
:1023B000C07F6BFD4010A11DA05D1C0040105D930F
:1023C000C1C39C00FA3C04CC886B008B602C1009C4
:1023D00001A183412034C827214F867B0FAE820B99
:1023E0000DAE841B5298882B58AEE8301AAE809BF5
:1023F000E47004F0921B0E0BE83057A88435A10B53
:1024000006F00F042214E460580E922B53988E0BA2
:10241000A10BE83080181E0500044C058000000662
:10242000F23C0CCCC1C3DD93FA7C040CEC301EF002
:10243000889B007B602C0E090E29846B83516030D1
:1024400060100E4B215F81B11C3486AB7CBE820BC9
:10245000E8880454881B3EBEE8304F080090008B8B
:102460000195E4C041BE9911EC040210F83440B566
:10247000E02C40B5FE15A11B658014A005C5E091B8
:10248000A10B8101280488D5E42004F068305308AA
:10249000A10B901B7C0486D5E41006F0A40E902BB3
:1024A0009E14A804E8304EE88475A10B06F03E04A3
:1024B000902BE410F8305205E06014054E189E147D
:1024C000A10BE83080041E05003052058000000694
:1024D00088A102B19A188891F49583BD0C0C98F1EB
:1024E000DD93F27CFA7C044C847B1124889B15A438
:1024F000FF8113B441F6A12B4C960FFC8A0580088E
:10250000442A2B3F463AE68A8161668E423A8F1E04
:10251000463AE502002465828203E18472984232E1
:10252000739881310F24EFEC41FE910BA11B1FFC2E
:102530005FFC41FE0294A19B81814184509C421228
:10254000501A847380734026408A8E83AC8EF00AC2
:102550008C0B280EF27C0C4CC1C3DD93E682401A32
:1025600064010000DF07C0406FFD00025D93C03FC3
:10257000FB800004FE7C040CEC601EF0827B049B5C
:102580008161005B8111120B81B101A1030A81C538
:102590008275E23CF0080025F8040045564284A309
:1025A000821172ACFC958F1D6000174AE18400A473
:1025B0006000161AE0FC02B46000146A7E0EA20FDE
:1025C000E580420A6188421AE18400B4422A7C0E06
:1025D0003E3EED80E43010305E27895E89A5E05CE8
:1025E000601C4CCA440A8101400AE1808EE5E99CE6
:1025F0008101262404CAA414041AE000022AE0007F
:10260000420AE000421AE5801E27E188420AE05CA7
:102610008AA5ED80647C0B0A0050823B46206C80CA
:1026200044529C0002067B800022C0002023EC7CE8
:10263000EF8008146C000A047E04A13F4852A11FD9
:1026400004227890A83FEC0482037C14942B253F4D
:102650007284423269F8963B0954EFEC67FD008AB8
:1026600041F6C0FFA11B0FFCCFFC41F68261610C5B
:102670000C0A9091ECB5E240B0F13E04E0184071D4
:10268000E01C4051F67C0C0CC1C3DD93F800044CF7
:1026900002100A280814EC04E03161FC834108139D
:1026A000831703A57830065BEC040420826080C0A9
:1026B00046C38AC3CD5AF8600AC40A631864FB0093
:1026C0004A427B004663F1949853602CFB144A12F3
:1026D000E05C4653F8F5A12B0C4C8101DD93F00032
:1026E000F804040C60880C3401458A7BF098585239
:1026F000D97DDD2E0613FED5440A86038211618E34
:10270000618E461AF09840420C34C42742426088D9
:102710004652F088444270888195F098C11DC56486
:102720004240CD6ED93D1C009C004650FCF5851BF7
:102730000C0C8101DD93F004FA7C040CEC701EF0AB
:102740000034008B0603E1FC1F1482BB0D3E83079F
:102750001D348A6B2374845B21A4A02B3E1E829BB4
:102760000B4E900B7E2E8141093EAA233C3E961BC8
:102770007C5E8A3B6CD88C5BA10BEFF809048675F4
:102780003EAE81417E24961B3C0E8C5B8D34900BBB
:10279000EFF86C0882D5A10B81410D24961B7E04B5
:1027A0008C5B3E7E0904FC343C0E80236B18900B3E
:1027B000161BEFF80B64968D090E8CBB0A55944BD3
:1027C0002594920BFA204212B0138211A71483139E
:1027D00083B38D1EE80031EC70A046B2463A801BF0
:1027E000828161AE00A5C437880B7C0C7C0C085537
:1027F000F08C4492FC0C0EC5719848A20A438CA33D
:102800003843B453084E98530D14804B8233820BD7
:1028100009048C5E0C0CB8F1DD93F27CFA7C040C9C
:10282000ECD01EF080BB2904828B2F7443FE134E24
:10283000C0017FFD8A6B0F2EB144B32481017E0E4F
:102840009C0E913E970E990E41F6150E8B4EE00CA4
:102850008D2E900CAD94881E91A4AB544062897E5D
:10286000420AF0ACC417E19AFC040A2584A5A12B06
:1028700084E5A12DFC0412158E95A11D400A82014C
:10288000C407E19AFC000A158C95A11D7C00120575
:10289000820DFF1181A58AF5FC0412058A45A10B62
:1028A0007C041205820DFF11030188A5E4B002F03B
:1028B0008A7B1C0E0AF00B04142BE4C000BC8C3B7A
:1028C000E4A000F0960B3E0E8F14BC1E5658FE443A
:1028D0000D04EFF89924961B3E0E97349544940B03
:1028E0009354BC6EEFF868088E5B0974E2A4000A8A
:1028F0008101807582B19C0E808591BDA10B9C04E5
:102900000101EAE50C0CE8F1DD93F27CFA7C044C61
:10291000827B006B60140C19E00040C69475F41DB6
:10292000E0180C2992F5F02DE686502AE500110AF0
:102930001921925576D88E0B8C1B6FEC6430007089
:10294000E0040206819101550210419CA11BEC0498
:102950000060FE9581B1649081110195E500028AC5
:10296000412480E556228211D11DFAAC00B4FE1537
:10297000D8B761D098710F0E81A14861810103D54C
:1029800040961824A12BE0080F148485E1840024CC
:10299000813116036FEC5008F2A4421267FD008AE1
:1029A00041F6C0FFA11B0FFCCFFC41F681011C0CBE
:1029B000847102A1D1AD8861150A80C58075E4FCDF
:1029C000F6E5A10BF27C0C4CC1C3DD93FA7C040C40
:1029D000ECF01EF0866B04886010021900A981914A
:1029E000060E6010C00072C088BB1D9E42967E1EFF
:1029F000C00167B98B1E8004110E8D1E63214156E4
:102A0000150EC0016EA100061B0EC0018F1E840BA7
:102A1000191E931E973E8C1BE80048C86C0400A04A
:102A2000E00842C6741C010A090E8101808800A4D6
:102A3000045002F0E010101A1C000205800002068B
:102A400000105E050904B18BED80420AC00842C641
:102A500042C6A10BE5AD00088A95FC1EA10BFC0443
:102A60007E148A350E0B907B4998962B18B1E8009E
:102A700004068111960B6008EFEC72C8E69E4E7A50
:102A800000068375E7AD610084159D0E00F01834D3
:102A90001A44E4E0E1EC0B76901B3E0EFE24890420
:102AA000920B3C0EE80040C86D0C9D04937B829114
:102AB0007C04FA350C0CF8F1DD93F27CF87C040C04
:102AC00061064E0AE08812246006500A0F4488CB43
:102AD0004E9A866B8111669EE6A2509A8E630D34E3
:102AE000402A10C3101EE68AF0A44E62650E443AD6
:102AF000F0A450C2E58E463A8FAD81C546AA56AACB
:102B0000C41014A0D0A456B242127E3588C1D0ACF5
:102B100052CA91CD546046B2FC15DC00E184180421
:102B2000425A02C340CAE6960C0CE0028135F07CA2
:102B3000C1C38B45FA00040C480A086B400AE5063D
:102B40000A2465860244E184E84761B018346807C6
:102B5000201FE184E0FC00344042A05F41B8F094C3
:102B600042126FEC0406F2B0404060018403FF3172
:102B70008131070B728C42129FFC41FE41FEA11B6A
:102B8000400ADFFC0204F00A8413E184E002401AE8
:102B90008101180EF2000C0CC1C3DD9360144401D6
:102BA000083C81310A3CAF41FC0006146018440126
:102BB000E41C0030601C4401EC040030602044013F
:102BC0004441C21783016010E0244411E0284411FD
:102BD000E02C4401C1C3DD93042E0038A13BFFFC6F
:102BE0008208844582E5A10B71804822262390014A
:102BF00040009031400173C173C146300623C001CB
:102C000081358803FFFC002E860E842EC1C3DD9320
:102C1000FA7C040CEC501EF0867B090E61840014D3
:102C2000E0AC0674886B202384138623E10E401ADF
:102C3000E10E422AE1AC0404611E562AE1AC041400
:102C4000E11E502AE40404B0611E542AE080040608
:102C5000068422230623E0ACF184420204B47C2ED5
:102C60007E1EE0AC3E0EA40385B5909B8235919B01
:102C7000E02C521AA0101E05A00C1E15A000016821
:102C8000E020521AA0000088521A090400F8E02C33
:102C9000C000200180101E0580081E15179B80C5EE
:102CA00080B58101BE148904E8004B086088029455
:102CB0000C2582918C137C04E11E529A842E802371
:102CC000F4B5959BA8F10101F27C0C0CC1C3DD9316
:102CD000FA1C044C847B028B866B009B00061C1440
:102CE000E024E0804338A434A044E8009E14980E09
:102CF000880B602442B8A4349A0EE800F21C0C4CF5
:102D0000C1C3DD93FA3C040C828B047B60240E1952
:102D100010498321866B602460280E591C04809B17
:102D20002234A32FE0900244682C4888E8941424AD
:102D30009C24A4142234980E040BCF1747D8942B4C
:102D40001A0EE82C0C0C8101DD93F23CFA0C040CF9
:102D5000403A006B027BE50AE58A423A00000181B5
:102D6000C00167D172A04212E03C44866FE871480E
:102D70007F218131850B81311FFC41FE41FEA11B6A
:102D8000427ADFFC447AE502006465828203E09CBB
:102D900072A04222E0A00464EFE86FE87FFD45FEE8
:102DA000C50DC03F1FFD41FEA11B003F1FFD41FEA1
:102DB0000C0CC03FDD93F20CA11B005B6008409639
:102DC000640018500006C080070A400040C6E64074
:102DD000190A4000C0FF67FCC00040C65C08A10B98
:102DE0001814DA00A15D61FCE05702C3D63703C7AF
:102DF000D18018C442CA8AC38413E086E00002125C
:102E0000E10E421ADD93901E6506440A420A8131A2
:102E10000020E586C0046401F28C42125C08EE1DBD
:102E200041FE5A00C03F1FFCD7076A17A20F5D93EF
:102E3000FA7C040CEC701EF081617E3E88BB092E8A
:102E4000E03404098D6EFC1EE80D3E0E602402A9DC
:102E5000E00040C6150A981596B5E6408904FC14B2
:102E60007518FE3404106FFCA10BE4307C049495BB
:102E70008914963B72D8FE2400B0EFFC81116420C7
:102E8000551D81751625812182114004020AC12E2B
:102E9000FE15E24089117E04B0010175781040658D
:102EA000EC040210A11BC16E0974FE557E8490B122
:102EB000BCBE8101C0717C94B08105B58A75A10B3F
:102EC000906B0B6E8984FE14F8100E25A0048614F6
:102ED00073D8A4342224EFFC1C0480BBE46008F007
:102EE000601012157698943B8C8B6FFC8295A10B29
:102EF000781050B58D24943B8904A02E0014BC4456
:102F00006878960B0B64EFFC88818871BE1482612F
:102F1000F4B5C36D0C0CB8F1DD93F27CFA7C040CB3
:102F2000EC301EF0806B064A04C9840A4C45E0C0B0
:102F30000249EDAC4C05E020C40AEDA8EE244C4556
:102F4000E0CC0449EDB04C05E0C80409E0C40479C4
:102F5000EDC04C45E0D00441EDBC4C05E02C04052F
:102F6000EDB44CC5EDB84C75E0D404C1E0D80471A3
:102F7000EDC44C45E0E00449EE284C05E0DC0401DA
:102F8000EDC84CC5EDCC4C75EDD44C45E0F0044992
:102F9000E0E404C9E0EC0479EDD04C05E0E8040974
:102FA000EDE44C45EDD84CC5EDE04C758AC4884441
:102FB000CA84C874E0F80491E0FC04A16DDC4C05FF
:102FC0004CC581014C75EDF04C85EDF44C95EDF858
:102FD0004CA5EE484C05EE4C4C45EDE80645EDECB5
:102FE00004C5E0340475E0104C45E0140645EE508D
:102FF0000485E0380495E01804A5E01C4CC5E020E9
:103000004C75EE704C95EE744CA5EE7C83A16E80F1
:10301000EE544C45EE784C8504C58C44A194E024D4
:10302000EE844C45A4888E444C459B74CC44EE8879
:103030004C45A7B4CE44EE8CEE904C45E0100645CE
:10304000EE944C45E0140645EE984C45E0180645D4
:10305000EE9C4C45E01C0645EEA04C45E0200645A4
:10306000EEA44C45E0240645EEA84C45E028064574
:10307000EEAC4C45E02C0645EEB04C45E030063554
:10308000EEB84CC54C3599C49734EEB46D884CC538
:103090007FFC59E69F44C020ED844C354C85C834F4
:1030A0009D84ED806D8C4C4567FC0430582DC0FF2D
:1030B000E0081806017C18342344FF2181C018C49D
:1030C0006D944C7590B04632183425344C8581404F
:1030D0000E606D90C00D6600EE344C55EE044C252C
:1030E0009534FC3E6DA44CC5FFF459CE6D9C4C4507
:1030F000FFF8088E0C85994B5082CD9C084051906A
:1031000050A1CC04FCF5C0006E3C4C05670000608B
:103110004C05C00600606D98C00265006E204C35FD
:10312000E080068A6601066050C640044C65E000F7
:103130004C05EDA04C35EE2C4C25EE308875EE1488
:10314000EDF80C35EE280C4586B5874DEDB40C2511
:10315000E4080020E17C18049803FDC76108180406
:103160005802A101A9CDF1B0BEBE82D5EDC40CC5F7
:10317000EDC80CB580F596CDEE7C0CC5EE800CB597
:1031800080C596CD98F1100BF27C0C0C0CC5DD932C
:10319000AACDEDCC2041FE15A6439833FC75A94D70
:1031A000EDD00C35FAF5AC3DE4040620E1FC083422
:1031B000460206438347F1B0F8B5893DEDB80C45AA
:1031C000EE240CC598438643F6B5854D6DD80C4565
:1031D00051F69131A24DE00C3EB482F50906A14BA7
:1031E000188600008605800049F6234B11C1E00CCB
:1031F000846589213EB4838549F6A54B59F6000CB8
:103200008245800C82F5A74B600C49F6E00C59F61C
:1032100045F601458921E00CEE584C45EE5C4CC565
:10322000EE604C25EDE00C458235A24D84C5A14BE6
:1032300041F6234B0465E00C8375892141F6A54BCB
:1032400047F6000C8245800C82F5A74B600C41F6D6
:10325000E00C47F645F601458921E00CEE644C058B
:10326000EE684C35EE6C4C254C55C60A4002EE34E7
:103270004C05FA148E0B6E34E80C5448680C46E882
:1032800053B88E0B8E0B6804680872280C058E0BE1
:103290000C15EE384CA5EE204C05EE18BE0D6E3C1C
:1032A0006E1C4CA5908440020E3C4C05000082032D
:1032B00081116C04EE404C056E444C05BE1E81012C
:1032C000BE048F55E31C010AA1ABD6D50C0584D5ED
:1032D000A70BEE1CA50B8225A30B82654AF88295ED
:1032E0008E0B68006C1881858E0B6800551881451F
:1032F0008E0B6800EE180CA580F5A3AB8E0B7C142A
:10330000FC384208EE180CA58A35A5AB6E080C15E2
:103310000C0587218411EE404C15830D40104E4062
:103320000C15DC00010A6E280116E0404C058000F7
:103330000C058E40820D6E20840402108E404C15C8
:10334000E68A400AEE3C0C15EC3800004C05801D66
:103350008E0B4E3CFC385608EE180CA58815A7AB12
:103360006E400C050C158721010AEE080116E0409D
:10337000841100000E404C050C05830D4C15EE2009
:103380000C15CE40400AEE3C0000E68A801DEC1889
:103390004E3C4C0550388E0B0CA5E8083E04EE1848
:1033A0008201AFAB000CBE0EA10BE2000C05E26582
:1033B00081116E0426068201FA8000040C25839593
:1033C00000006D9C0C45EC040223EE2004338411B4
:1033D0000453E030583AE060465AE19244C3E19227
:1033E000468AE0304632E8304433D090A10BE060AA
:1033F0005995F8F5C1C38181FA3C040CECA01EF08C
:10340000548E2D84C010641113AEAF9463D1144E4A
:1034100091AEC0108D8E8F9EA1C4ABA4A974A5647B
:10342000A384A794897E8BAEFC6EFE9EBCCEBE8E1E
:10343000EFFC57680C0CD0F1DD93F23CFA1C044C05
:103440000C05806BA10DE0880C1580B5830DE0BCE8
:103450008F0180A5E0984C050C158BC50C25E1402B
:103460000C75E0A84622E018870BF0840C358255D5
:10347000A13BE07C0C3580D5460AE0749295E08053
:10348000E1D00C19E088420A0321822563388C1BA5
:103490000C25E8084C05E0A80C15E088875160C4AD
:1034A000E0340C35E0A00C45E0BC4C15484A8233B2
:1034B0004A326696095DF1884C55855148426098BC
:1034C0004C5590880640609C48328C04C42B71880F
:1034D000182444470E55E08898737C10E0AC0C45E6
:1034E0000825C4570A34FC148E53E0880000823D3E
:1034F0004C05840882A580C0063057C4C4C7EC04BC
:10350000FC3008C5FC7584CD60BC4C35FDC5982BDE
:10351000F21C0C4C0C25DD93061460840C45E088ED
:1035200086736078823B01514C25822182436084FE
:103530000EC58345DD84F810E0200C95C487C4C710
:10354000FC3012C5FC201285F1B058824AC20ACD67
:103550004610FA1482115C00FA85881D0C559814E7
:103560000C45E03C0210E01C032DEC040443C22790
:10357000483386534853E030DA85E0608201031116
:10358000E0984C15E09C4C15E0BC4C05C1C3F925F6
:10359000FAFC040C0C15806BA11DE08C0C05823527
:1035A000801DE0880C0580A5830DE0BC8F0180E5BF
:1035B000E0984C05F2FC0C0C0C55DD930C25E14415
:1035C0000CC5E0A80C35E0180C4BE0B44452604840
:1035D0000C2BF188851B6050E0C80C85E0CC0C7585
:1035E0000C958275A19BE0800C9580F5520AE074E1
:1035F0000FB8E0800C55C000548660705202E03C69
:10360000AAA3F1849645949D60940C55955BFDA109
:103610000C5594A51450E03416A4E40496A3E1FCE0
:103620008AA383A79245959D708452020291C63762
:103630001494A031CB3761FCF9A114930CA5C29767
:10364000949F6010189592C3B2C4F80C14A5C49747
:10365000C4C77C24641016A0C7B786A3669248BA74
:103660007FFC578E0840C3FFC947E50060200CB5BA
:1036700088A3964FF00A48AAFC241695FC3016C57C
:10368000E68A444A0420A69398936600849DD12735
:103690000C2584A59834E084E01C0C454C2582213F
:1036A00006306084072DEC040443C227F1944602DF
:1036B000E0304833E06048030C05DE65FF9161347B
:1036C00060944C9573588C2B0C35E8080C25E08CD5
:1036D0004832E088861B7180613C4C454240854DF4
:1036E000AB0D1C00E13C4C150C0982D5400AE1D021
:1036F0000026E0904C05C0004C05C0980030409C6E
:103700009435CC1060340C05F188483286E5880D7C
:10371000E40402000614A8130C35E1FC861360844F
:103720000C158317A223601C8403023160844C357E
:103730004C25C23786136088603042234C058F21A8
:103740004203E08C4C25E060E755E09860380C05BA
:10375000F1884A12E0A40C45895D804330238A45F4
:10376000F09C403260884C254C058C1B68B8E08C7E
:103770000C15E8080C25E0840C35E01C4C05E088AD
:103780008211608C60844C150223C21744038F1190
:103790008C0B6060E0304433E0984C15F2FC0C0C6C
:1037A000E00810A860BC4C054C15FD11E135E09413
:1037B00060A00C050C3587210C45E044400AE04828
:1037C0004C25E68A461260980000F18CA8136C180C
:1037D00060BC4C354C25803D4C95E09C4C15E094EC
:1037E0004C05E0C0DD75C0BC60780C0544528131E9
:1037F0000054718000C3E08883558A0B1875F34428
:103800000C85F80CC447E0201045C4771075FC10F7
:103810004872FC1C064DF190FA0C46425C00405088
:10382000EC040A50FA65855DE0840C250C4598345B
:103830000C55E03C8221601C60844C25EC04063071
:10384000C227072D460204534A33F1904A03E03061
:103850002AE8E06085019FFCE0984C05609C4C05DF
:10386000EC040010C1C3F505FAFC040C8781006B61
:10387000E0900C05E0180C15E0840C7560984C8500
:10388000ACD5A10DE08C0C25AC45850D60200C5508
:10389000E08804047C080225F0884612F8100645EA
:1038A000F80806C5781806350A25C427C4477C08D9
:1038B0007C100A450AC5C4C7C4377C30FC0C0A35E5
:1038C000A6C3A823906584CDE0340C25062484216A
:1038D000FD37E17C852786234C05A4030404609012
:1038E0000245E08846127C088E34F088C4479A244A
:1038F0000435C4370445FC0C4832FC108931719002
:103900000A00854518046C0402C5E08812547C3016
:103910000295E088C4C7FC247C3004C50495C49794
:10392000B2C3FC2482F5A3CDE4081240E17C1494D8
:103930009493FDA793CD859700904C559C004050E3
:103940009C0048C0EC040630F695A13B8C1B03217B
:10395000E8047D28613C0C450C35FFC112606034E1
:103960000C15E6200C25E0944A42E0884052F18C88
:10397000991B7B00FA004422E0904C250C15B045C1
:10398000981DE0840C05AE051414601C0CC5E08481
:1039900080A3E0A4E0301453F1B056520F38972DB5
:1039A000021180004C158433081460840803E084FD
:1039B0000CA591114C15E0508C1B6050E030402359
:1039C00060604033FB000034E80855E80C1598248B
:1039D0000C35E0844CA5E01C04206050051DEC046F
:1039E000E084041446038433A0A5E0600C25A535CB
:1039F000FF11609486B5832B613C0C250C05827108
:103A00000A7460349844E084E01C0C35608C0C052A
:103A10004C25A023084060900A33EC044C25897D96
:103A20004C75E0944623E0844603E0309865E060FE
:103A3000E0880C05E0A40C35E0904C25F18048228C
:103A40008E25864D60340C35EC04042060BC4C257A
:103A50004C4585414C45E0988033609C60944C1502
:103A6000EC0C063060C04C359215862D603C0C1570
:103A70000C2582710674601C4C75E0848013E08410
:103A8000608C4C15440386234413E0300C09E0603D
:103A9000400AE1D08AE5E0847B0000144F388C1B9B
:103AA0000C15E8080C25E084C217E01C44038223AF
:103AB0008515E06086F5A17D601C0C15E08404741A
:103AC000E0400C3504238223463AE030A023E0A2F4
:103AD00082A5862D02098E138201E1E0E1E0420118
:103AE000E0880C05E01C0C15E0840C758E13C27781
:103AF000E03042034C058F010C0CE098DD93F2FCA2
:103B0000E0A40C05E0840C15F1804052812D0211D7
:103B1000E0844C1598449425E01C0C35E08C0C0591
:103B2000EC0418401814191D86C3E084E030585383
:103B3000E06058030C09F8050C55E1D0400AE03C60
:103B400002A5E084F0884052680849E80C158C1BF7
:103B50000C25E0840C35E0909844E01C08400211EC
:103B60000A14EC04891D608460844C1546038A3372
:103B7000870160606030462380000076E0984C0545
:103B80008BA5EEA5606014A348A286C3A443FB10D6
:103B90008E05984D8211184460844C15084084337A
:103BA000091DEC04E0840814402388034033E0300E
:103BB000E825E0600C3587F50814601C0C05E084EE
:103BC0008833E08CE0304623E0604603E1D00C29E6
:103BD000E084440A000482E58C1B7B00E808454829
:103BE000E0840C15E01C0C25E084061444038623B5
:103BF0009804E060E0984C85EC040000DE65811DCF
:103C00000C3583B5A4536040E0A2463A82A5865D98
:103C1000001982038211E1E0E1E04011E0900C25FF
:103C2000E01C0C05E0840C15E08406144023860398
:103C30004C85E030A404E098E0A40C35E0900C251D
:103C4000862D80330C3586C58033E03490A5872DD2
:103C5000601C0C25E4040810603C0C35E084024430
:103C6000E0844C4544038223423260304413F080A8
:103C70000C09E060400AE1D030F8E084E7B5DFFCF1
:103C800086F5A11D601C0C25E0840614E0400C455F
:103C900006338433484AE030A033E0A28285883D71
:103CA000040982238201E1E0E1E044010C25A4043F
:103CB0000C15E01C0614E0848623E084E030440305
:103CC0008F01027160984C0531888F1B8C0BDFFCD3
:103CD000F2FC0C0CE0042708E0FC0C05E1000C15DC
:103CE000E0944C2560984C85F180402260BC4C05E6
:103CF0004C25A223E125E0C0F81C040C81610224BC
:103D000060200015004581718834E0A0C8C48A5441
:103D10000035CA248653601858529853825B7088C5
:103D2000044055CE81D5EC10827102847C18108538
:103D3000F098528260101295B0C38861D5CE92C3BC
:103D4000FC75857D60881844EC04084070B04A1208
:103D50000A50983318C06C3081F5EC4082214D74C4
:103D600002858264C477FC307C300C950C6588C178
:103D7000B283FC1CD58E8C83FC35892DF01C0C0C79
:103D8000C1C3DD93F87C040CED801EF060BC0075AF
:103D90000035FF61811160C06018002540158181E8
:103DA0004065E07C0015E08800C5E0B44065E0A80F
:103DB000253EE140E088067460D800350045862342
:103DC0001620606C4ACAEC40812166864686213EF8
:103DD0002833E03C1B3EA051E440061008100B378E
:103DE0007C3EE410E4080610CB57021185370747E4
:103DF0008317195E81513E4E8141093E0015951E83
:103E0000931EE0DCE0E000150015FE1E8D1EE0288C
:103E1000E02C00150015911E8FCEE0241D1EA37E00
:103E2000E08402C481110B1E8EC32B1E81113CCE77
:103E30001A38971E0AA0E0000B0AE4041A48E7208B
:103E40001615C000A24D60105E45AD6E5E25C05CCB
:103E500098F5C04CC41727BE60AC003519748CBBF4
:103E600006C58E6BAB34FC0404CDAEC32B3E883349
:103E70009C0058204E600E05298E9C00AF4E988BFA
:103E8000E0B000358BC48F44FC0406156084061432
:103E900088338E13E032463A463A9DC490CB66B2E0
:103EA000E5000630463ACF370D34E692421A8613C3
:103EB000421AF00A0210E68ED117E6001E4582CDA6
:103EC0005820005C1E859C001E75805082658044D1
:103ED000966B2F44E0884095A14BA984811180C541
:103EE00081E5AB1E966B01E583413C14E1404095B2
:103EF0009413A5247B084412A52E8111A374AB1E34
:103F0000AB249B14822DA7B4C00013F81278A34DE4
:103F10004C80400027CEDC0016158321AF2EE01028
:103F200060201625E0880814E0200035E010001518
:103F3000C42721C4FC100665FC0806257C10024538
:103F4000100599AD93C48C239E6599AD83ADFE1485
:103F5000EE34AA85FCC482140215C43742C2FC0C9C
:103F60001814FA044C22E08CC267F1B01E95906DD3
:103F70004C8000580FB89C00298E8000E4100E4041
:103F8000C77740C4B3111F1EE686442A18259D1426
:103F900010207C0C1F34E4084E7AC58782CB6686DD
:103FA000AD110883483A10714977E686E0980224FB
:103FB00006060E830283E0041043831113E58F810C
:103FC0001F5E83711615805B1665F8301675F82034
:103FD000298EF8102C84C41706C5C467C4777C04E6
:103FE000FC1806657C1C06750635C4872904FC2070
:103FF0008E639863866315347A184632E0840C2405
:10400000806DA6631D849245E4100E40C7770A0BAD
:10401000844342C466A24E7A9F54C4477C04181558
:1040200045778471087390CB027391814872901127
:104030000414708C0606E1908911600887710BF5F5
:10404000F8101675C477ACC47C1C06650635C4C769
:1040500089C4FC3046C28C334C22FA0CC267F18C06
:104060009EE5906D1840298E0215E410C7C77C1C90
:1040700084431D740243918144CA88118643669E1D
:104080008ECB4447060604214527E008044385718A
:10409000E18C0414851107358A0B006BA374AD9471
:1040A000A7C4AF448D559F54C477AC74FC1C06154F
:1040B0004232BE340614FA044C22E084C267F18C0A
:1040C00092E5906D1840298E0035E410C7C7601442
:1040D00084431D847C1C063558CA877110C1E6A232
:1040E00049C786131843843110CBC4170434824364
:1040F0008F81618860040606442A89118223E6B212
:104100001124EF2F424A8443421AF00A8613E68AAA
:10411000826DF11F80501E6580581E9580441E756B
:10412000AF4488C5E088409523749714A7C4A34B77
:10413000971E8211001584958EA360F060A0002563
:1041400085418731442A94130610668E853DE4101C
:1041500040485E154015831181B5E07C8195AD9492
:10416000906B2D94A7C4AF448135A374A7C4AF440A
:1041700088B10C8B926B182B8AAB2514F0A8527265
:1041800025A8829DA16D9FFC97248215E0F0001563
:10419000832D8221C08840651EF001114015E58005
:1041A0000C0CE098DD93F07CF87C040CED801EF0A4
:1041B000FF31012160804025E03C4A86606C00258B
:1041C000001581B1816160B4608C403540358191CA
:1041D000A453614460C00035E440041060A800C5E9
:1041E00000458B27A93EE0BCE01800A50410092E6D
:1041F0000727E410E68646CA44427E2E4427F1B0E3
:1042000050A2A031041070880211E4080527CB37B2
:104210001F3E8317E088064486A3215E81310F2E5E
:1042200000159B1EA51EE0E4E0E800150015991E90
:104230008D1EE0ECE02800150015931E971EE02C63
:10424000E0240015231E95CEE08402C4B81B111E85
:10425000FF117C1E81110B1E81C11D1E0D0AB1A50F
:1042600018B8E31CA2CDC0005C004E30DC0046C094
:104270002DAE965520248CAB0015886B98B360AC9E
:10428000C4279F44FC080215F1904E120C05867D50
:104290009C004E308E9B2F9EE0B00055917495147B
:1042A000FC080A2560840A2482538823E01E4A5AA7
:1042B0004A5AA374927B669EE5000A504A5ACF5729
:1042C0009314E686442A8A23442AF00A0420E686C8
:1042D000D127E6001E95847D4E30005C82059C004F
:1042E000A1CB0C4BE08C404501E580A501D581B107
:1042F0007C248C4B404581B183C161448823A9143F
:10430000FA044222AF94A91E946B211482BDADA47D
:10431000C0001348833123CD5C0046C0DC004A90C6
:10432000C00011B8ADBEAB7EF8101425E0200055DA
:10433000F82014C5C4272514FC080AB56010002510
:104340000A75C4C7836D7C30FC3004C58EB30E651E
:10435000836D99148D149C25836DA8740214A68511
:104360008924C477FC1C0215FA044422E08C022440
:10437000F1844AB2925DC25780000FA812C02F9EEE
:10438000278EE410C014C797B3113E1EE68650BABC
:104390003EB4A314C58784816686529A16B5988365
:1043A000ADC17C1C582A10914997E6B2E0040E0674
:1043B00004B412830483E09810C3839113458F8162
:1043C000A78E83211475A8241485E0102F9EE02069
:1043D0001495C427C47760307C080A150A75C48711
:1043E0000A85FC1CC4977C20FC240A5582731B148C
:1043F00090732F940AB40A734E12E084AE53FA1CE1
:1044000090E5925D10C023944214E41096C3C787D0
:1044100066A6508A0215C4C78481FC089883C587A4
:1044200090110283709C5882E19016149181121BA6
:104430000E060B95A78EE0081415A884C487E0101B
:104440007C200A750A15C4178F54FC044E528E1333
:104450004AB2FA04C257F19C8665925D85912F9EFF
:104460007C200415E41004C0C727238402C396C32C
:10447000442A88118EC366A2161444C70421E18C15
:104480004527901B04C39181E0080E06852105D5C0
:10449000925B0D05C4777E24FC1C0A15FA044422A5
:1044A000E0840224F1844AB2925DC257AF9E98051F
:1044B00010C0278E0015E410C787601496C323949C
:1044C0007C1C0215E0040E06E6A6508A82231081A9
:1044D00084114987C42710C361881614121B84C332
:1044E00007218F8142BA89919213E686E51F17242E
:1044F00042CA82C3421AF00A8E13E68A825DF11F15
:10450000805C1E55404588C5A33B608C882B1D14DC
:1045100048202784ADB4DC0082112B7486959D1E43
:1045200060F40015984B84CB718446220230FF2141
:104530002924EC409514841D5C0044301E25833DE5
:1045400083114050608040158B4E85318145A92EE6
:10455000ADB4A78406CBAB740840826110806C04B4
:1045600014A0EC108A9B6C108E3B0145925B7F354A
:10457000834DA9149FFC2758A13D8B349D2482159F
:10458000E0F40015832D8221C08C40351EF001110E
:104590004015E5800C0CE098DD93F07CF87C040C71
:1045A000ECA01EF060BC00854015FF110015E090E6
:1045B000911EE0C0E0300015E01800B500158D1E1A
:1045C0008B1EE024E064001589BEFE8E81110F1E53
:1045D0008111131E81113E1EADB5FC1EE31C050AA0
:1045E000C00016E860200075E08806A47C0C1685E3
:1045F0008F1482210E95C487A11B7C2096C5932E13
:10460000B413FE149645B01D60B4001506559633DC
:104610000625FA10C457E0207C140E450EC5C427A9
:1046200004107C088727E410FA10442260100095DB
:10463000082492C34CC2E0841285F190A36D7C20C3
:10464000A4B5BC8E601400458B94C2677C140845E9
:10465000E4100A8098834757E6A64A5A6408164031
:1046600045B7882356BA9051C95766A6C4270A830E
:10467000848308B1C7B70D44448A9683442AF00A5C
:104680000420E692CF27E5001EB5846D9AE58010E0
:10469000846DFC24C09040A589B4BE24C0085E652A
:1046A00098B5A12BE0F8002544A291444822F18856
:1046B00083217A10BE2E914E00658BA542B260B464
:1046C0000245F08C00B5FA100660E0144447E4108F
:1046D0000E25873716C5FC104A32FC2004947A0850
:1046E0000654E0844622E084A33DF18CC0101EB540
:1046F0001645A25550C27C103CCEF0A4E40816C06A
:10470000C5B70BC4844108838A83454766B256BA4D
:10471000484AC487C23766B288B10D54C7B708414A
:104720009643C747484A9043484AF00A0840E696ED
:10473000CF47E5001EB5883D1EC5801098658000F6
:1047400089B4FC4440A5883D5E35C090BE34C008A5
:10475000A13BBCC4003596159144E0F8F18C46A20B
:104760007A104832914E833189D5BE3E10A00C3468
:104770000484EC04A01160887C08166502248B1761
:104780000E45C437C467FC0CFC180425FA08461211
:10479000E0880234A2A5891DE08C0234F18442C273
:1047A000A0F5A31DB3414024669248CA8BC4C2172A
:1047B0007C1804253C6484410A60C5478C4364101E
:1047C000AD614757E6B24A5A66B2582A1051CC2713
:1047D000E69A463A82C14957C3C70A4386430D3415
:1047E00098438443F00A444AE68E442AE5000420B4
:1047F000841DCF27FC2496C540A5841D5E15C0905E
:1048000089B5C00810A002440454EC04E088068472
:104810007C0C16358B67A0610234C4570835E088DC
:104820000E45FC044C62FC140664FA0C893DE088D9
:10483000066490054622E08CA33DF18C40248E5501
:10484000E40808C0C5470B74C4C739517C0404157B
:10485000484A9B21C237669EE68A449A4A6A0841C2
:1048600004C3E696E69E441ACC174747822108C344
:10487000C3270AC30D2482C342CA84C3421AF00A62
:104880000210E68ACF17E5008465823D823DFC1464
:10489000C09040A5C0085E35A11BBE14001582550E
:1048A0001114E0F842A2A2A3111EFA04BE1E831145
:1048B00090AB111483AD93249FFC2928D0F10111F2
:1048C000E0984015F07C0C0CC1C3DD9360AC001582
:1048D00000258141815160A08185843406CDC5C405
:1048E000FB3046321C004850855D82514045FE1524
:1048F000DD93E0B8F87C040C601802658E35A32BBC
:10490000E04C02559465815D080406C40C25E088DE
:1049100088637C106C040E00804B8381E088062441
:10492000FC0C183586AB03F5F8040C951895C49764
:10493000959DFC24879D82A502A5826516A4E0B4FE
:10494000F7B7E17C8EBB16A3949D8BA7A38B8095B4
:1049500088BB82750C6002810E70EC1092AB6C0407
:104960008A8D964B9854F8451855C45781C5FC1448
:10497000040406340C25E0880824FC080655E08869
:10498000804B7C1002C58A3BC4276020E34002199B
:10499000FC081825E686463AE686425A86530421E4
:1049A000822385274800855D880BDC00F07C0C0C99
:1049B000C1C3DD93F87C040CEC801EF0E08400158C
:1049C000B0F5A11D601C0025E084121412738493BD
:1049D000A17DE0300045AED5875160A0E060123384
:1049E000E696504AACA5913DAC75A13DAC25917DB4
:1049F0000C70092E0045E40C00A5E0B4A041E0D401
:104A0000617C0A44FA8004A4F7570F2E04A40A43D9
:104A10000B47E1A00D4EE1A7E0880864601800553F
:104A2000FA801624FE2EFCAE54520B5E0151F0901B
:104A300081C5814182616924E02000C51825C42711
:104A40008421FC0848228527866DFA100FC4FC8556
:104A50001223A01D8EC3C02CF0AC4EC25B1C4E2294
:104A60009CF5A3CD892D8D2404B09C85FA2DEC04F2
:104A7000917D9C150D249AC5E18406B40CC00BA44D
:104A80003E1EE404E0880264A8230F1E82A344278C
:104A90008191262360AE462AE08804448C8B01B1C4
:104AA0000315A6CB6924A4C3821482810215C427EE
:104AB000C417FC08A6C3181360000412E800021211
:104AC000A29304B3FC058E8D18900B840F14E40898
:104AD000E40806B00325899461148283C0248261AE
:104AE0000415C4170025FC04442AE0248A136686B2
:104AF000E50004204A12CF278E6DF088FE14FAE5F7
:104B0000F420028A0C3488D585C76108F1B046626A
:104B100086E5A03D60D000057C248CC342CA8AC3D0
:104B2000D107F00AFA800004E692400AE68A421AA7
:104B300005078401E600021091170603820D3E046A
:104B4000D0A44002C1E00019C4040210C1E0401129
:104B50000C0CC0F1DD93F07CF87C040CEC401EF0F2
:104B600060A80015007581410025E0AC00A5E0B00B
:104B7000A31D60A0884E9C4E831384358DF3833330
:104B80009CC48254FC100A559C5E985388C4C0543F
:104B90007C100A55985388410254885EF18448A2DB
:104BA0001870234D4C70E4100855DC00DC005050A8
:104BB000608806447C3E8E6BE0881614FE0C0C95D3
:104BC00082A17EAEA2A309138AAB3EAE8973833362
:104BD0007C2C14A5CD84943B1493B093F19E86ABAA
:104BE000BEC4FC840254FEA4C4C78A830EA08EC334
:104BF000489AEC0400D8E01C0E10A0008F13EC04BF
:104C000087738333E174D934AE33D594F13E923354
:104C1000182040548875E41060880E440C85846B1D
:104C200006A07E1C0913E404F184483206140733FD
:104C300030ACE0888A9B68007C0C1295E9B492AB9A
:104C40001283B683F18E949B46524054C447F09C25
:104C5000200100A8582240008305F0908A3B046B95
:104C6000A00000D8EC04001083338113D9048773AB
:104C7000D524CD148403A203A0F1F10EF07C0C0C1A
:104C8000C1C3DD93F81C040C60A0023502258741E6
:104C9000463AE0504822E6920630F080874DEC0418
:104CA00002358AA50804601883C1E088FC10065507
:104CB000C4578644FC1408550C0083F50E046404A4
:104CC0000675E08810647C1C0685E088C477FC20AB
:104CD0007C1C08950875C487937DFC208B7D82051C
:104CE000028580C5CA7760B48095907D806B23CBA8
:104CF00002C180B584CD8C0B0C0CF825DD93F01C23
:104D000060A00055004581310254E01804546088C9
:104D100081C5E08C4A4208CB713EF084943E8443C6
:104D20008231103E60A000558B3D984BDD93FC9581
:104D3000F87C040CECA01EF081312D0D0455AC352F
:104D40000445E10404A5E108135EE10CF194561258
:104D50004A12114E0495F190401261100485F1A899
:104D6000585261140445F9AC4CC261180F1EF98009
:104D7000F1A44E1258120D7E2C7FF1A0F190481232
:104D8000B87F0BCEA17DA87F7C4EA275E08802B4CF
:104D9000C45709AEFE8EBE9EE0180495E11C048542
:104DA000E0B404A5FC141275FC041215E0200455AF
:104DB000C417C477FC040A45FC1C0A15E1200475DD
:104DC000E6A2504AF1904812669E4E4A907DB48306
:104DD000044598E50C0461241235E0889304FC181E
:104DE0000A35C4374232FC0C421AF184924B669267
:104DF0008C258E1DC4B78DB4FC2C08050A65C4072C
:104E00000405FC004662E128463AF18C9104E682F2
:104E10008825823DC4A78BA4FC2808050A95C407F1
:104E20000405FC004292E12C421AF1988904E682C2
:104E30008425861D0435FC04C407E130FC00080508
:104E40000A05C407B203FC00E68E400A820D7E0408
:104E500080041E058875A90DE0740415E094420ACB
:104E60008FC486C5AFCDA0C3C4C78655181588C3E7
:104E70001825F818F034F8080A15C417C4277C045C
:104E80007C080A250A35C437A413FC0C841DA6230C
:104E90008C1000000C0CD0F1DD93F07C060B803BF5
:104EA0000C0CD0F1DD93F07CFA7C040CEC901EF03D
:104EB000827B0B2E0240090E0008E4C0E70004408C
:104EC00066400A4001F599C14265816118C0783099
:104ED000C56EEC044265D56C4A63E02CC966E02CD3
:104EE000E02C4461FC55A1CB608802047C0EC20713
:104EF000E700004000403E0E7E1EE640E4C0123057
:104F000064C01440E6400C308181110E12058D45BD
:104F10009921783043389C1A1C1AE81C7FFD57FEF3
:104F20004002CFFF99217BACF83054054278E5046C
:104F3000690EE81C8F9E9921E02C120541F89C1AFD
:104F4000593AE81CFBAC400299211E1A54058DAE5B
:104F5000860B602CE81C4148992111B40C03ED0C20
:104F60009E1AE05CE81C42A8602C0C031E1A80AB61
:104F7000423899210C03E81C809B608C99211E1AF1
:104F8000E81C41C88934FC244222FE44B42371A4A5
:104F900092230013402A8E38441AE0921144E09282
:104FA0000202A13B920B600060000622EBFC04129F
:104FB00002323E340006EBFCA19D40009C00409074
:104FC000603048030C269033461182818F94E03084
:104FD00091BE8DA482088B04E655818DC8F1010134
:104FE000F27C0C0CC1C3DD93E08400447C000A0316
:104FF000F0805852E09018C3FD0120C380CD3C04DE
:10500000978018C4440418C08615A31DE68A44CAB4
:10501000E50E582A658E442A18C08131C10064010A
:10502000728C4422DE27E3C702CDA4CF80F5931112
:105030000A298853E22DE1E08B1180554011880345
:10504000DD93E3901824425A9833E088E030063527
:10505000C35DC65780000A06D1944A128215CB3D23
:10506000E010000B8203C6075C08C03D04439A00B1
:1050700048018501DD93E390FA7C040CED301EF0CD
:105080001E259B2EB7C4E08899411D4E1E25952EE6
:105090000CC06084B5B4E7901E25972E992EE08051
:1050A000A32EBF24912EBD24932EBB240F2EB924F2
:1050B0008145812108405926A14BEC041F1EFE9515
:1050C000E5800A5060004F06E00811068191213EFC
:1050D000161587D5020AFC1CC7FF63FD48C28C6504
:1050E0008D1170A4E3904811A11B801A942480E5CF
:1050F0000286C32D4811C000821AC3908265A11B8D
:10510000709C44C20425CE17C22DE030C000023688
:10511000C3904811C01AA55E8205A11BFC20182B64
:105120000236C22D4811C0002314C390163B922BA7
:10513000006B984B787898AB2134EFFC255494CBD6
:1051400002918C0B087188518E188481F055839DD3
:1051500002299F14040AE0348485E3FC985B15243B
:105160000D2E9D448B2E8921892E9724FE2E8F246F
:10517000FC2E9924BE2E9124BC2E932440989B246F
:105180000101E800E5301EF0F27C0C0CC1C3DD9398
:10519000FE7C040CED001EF0848B7C0E955EBB043F
:1051A000110EFE4EB704A30BB304BE0EB1048B0E5A
:1051B0008E28890E8675972E817103658E0395045E
:1051C000E390000982D5AD0B8E4B7C048B3489248F
:1051D000E0200013FE549504BE04BC0EEFFC706882
:1051E00082719724FA758F2BE0003998E03002091C
:1051F000B5B49514A10B1F0E021015011D0EE790FA
:10520000C0000046C0385E059B0EBD0481A5B904F0
:1052100004200438AD3BEC0480381E3500004231D8
:10522000A12B82110994FCD5E200002A81A10B7404
:1052300060080D06400A8131962B66A640090C06CF
:10524000420AC000400AE51E0210E59EC008640143
:1052500072A84002E807D9178111220FEFD853280E
:1052600066A6446A640000004212C100E30772A807
:10527000651E462A442ADE174C02659E0630F984D4
:105280004008640140228111D93772A8962B680723
:105290008131260FEFD8516800001734C100640136
:1052A00042121B445E17F2A80434E307A20F608881
:1052B000A61B08236401064004204009C0096401BC
:1052C0006008488611B48151852581C1A9BB15A408
:1052D000FC10147314958C7E4695FC1452A260C089
:1052E00012A9F1B046A5E3908295E180887E8C7387
:1052F0000E7595744475FC141279E0C04475E39002
:1053000018C0E18084416C0488310821991B8851C0
:105310001F24F6D51B44815191B481C160880624B5
:10532000193EA41B0F3E8833E5E0048065810630FA
:1053300008404009C00A678108628515F09452420E
:105340005265A9BB1075F9805275FC144E8278C065
:105350000EA9F1B0A4AEE240006382B5F0945232DF
:105360001065A46E5265FC140E69E0C05265E240FF
:1053700018C0E18084216C04991B88511104F6F552
:105380001754FF819F148141004A1B34000CE00C2C
:105390000454E20000146880420AE8808135E68AFD
:1053A00082414D8EFEB5834D0E041B148141E08871
:1053B00065810610933EC0091BC48595E0880A44A8
:1053C000829B13648AC39FA466010AC018C0400A66
:1053D000C009640194B4836582E5A1BBE1800CB58A
:1053E0008265A1BB9834B0B416B4A6B3170AF08096
:1053F000C0036081800052B56C0414A0886188915C
:10540000FA55A1AB824117548B4B8E139114F4F5CE
:105410000A48A91B0368C000C00040016696420A02
:105420009B34814105B5C4171B548613F094464242
:10543000C4371364829B1FA40A308A33400A660172
:10544000640118308365C009A13B94340C3582E5B2
:10545000A13BE180B0348265B63398B4F080163455
:105460006081170A52B5C00314A0800088916C04B3
:10547000A1AB88611754FA558E138241F4D58B4B3A
:105480001B1487459934814106108613C009658134
:105490008595933E0A441BC41364E0889FA4829BB5
:1054A0000AC08AC3400A6601640118C08365C00946
:1054B000A1BB94B40CB582E5A1BBE180B0B4826518
:1054C000A6B39834F08016B46081170A52B5C003B1
:1054D00014A0800088916C04A1AB88611754FA5520
:1054E0008E138241F4F58B4B420A9F349944E69621
:1054F00086131B340613C4170630883340096581B0
:10550000933E81411BC48595136488531FA4C457DF
:105510008AC3829B66010AC018C0400AC0096401A0
:1055200094B4836582E5A1BBE1800CB58265A1BB23
:105530009834B0B416B4A6B3170AF080C0036081E3
:10554000800052B56C0414A088618891FA55A1AB13
:10555000824117548B4B8E131B94F4F58D058141BA
:105560006682424A7FFC55FE139EDFFF0D1E923B72
:1055700059FEFF515FFF7FFD0385FF618C14819110
:105580008405911B4A60951D58A05C000275DC00E3
:10559000DC004C9092BB191D1C005650FB30581279
:1055A000941B965B88310291819D82AB1394FA35EE
:1055B0008C85915BF1A842C2E1DC030A58A0085532
:1055C0001B94DC00E088024460880664E08816547E
:1055D00012901213C00A6481FC0C1235E9C0021546
:1055E000FC2C1295F18C4612063432131394F08081
:1055F000F08002144A60871D58A01C008A6B9C0032
:105600008131121B458E8135813D82318D14FEB56D
:1056100082631B148263C467024198CE854D8E93CA
:105620001B34E8158D35819143FE139EDFFF7FFD0E
:10563000FF4106BB7FFD4BFEFFC15FFF81910385EC
:1056400091ABACA483AD84055C0048C0DC004A107B
:10565000589002750BADDC004C40926B4AA21C00C6
:105660008C4BFB14029182AB941B8EB3FA35859D53
:10567000914B13944C528E450D0AF1840855E1DC90
:10568000DC004A100C941BA412C4E0881644608805
:105690001463E088670114A01495C0090C65FC240C
:1056A00014A5EA205262FC2C3463F1A4F080129419
:1056B000F0800C64936D13941C0048C09C004A1049
:1056C000011188CB856D816150844832C4040C601F
:1056D00040004885D09C421242CAFCF59B44E682B9
:1056E000C4179213845E881388310291E6B5819DB8
:1056F000022A91140C28E010C0004001FF311B6405
:1057000081C17F41136E8B757FB18C5B0345FF6157
:105710008A9B8111FE1C12A519A491ABDC0046A046
:10572000DC005610FC280A554850915B4C105C0078
:105730000211DC00851D925B91BB80A5916BFA651F
:1057400091BBFA25916B8C8542328C450214F19005
:10575000030AF0808695E1DC02C41B940AB4E08859
:10576000146460881213E088670112901255C00912
:105770000215FC141295EA204A12FC283213F19407
:10578000F0800A54F08002148095835D893D818504
:105790009F1480C5E6824A6A98130155668242BA10
:1057A0001B54985BC4178A13848E8A1382C11364B6
:1057B0009F5488618BCB9714420AE8F58151668625
:1057C000C4179B2454220B85192EF084141B84BB10
:1057D0007FC1FF2181E58161919BED9446904594C5
:1057E0004460DC00919BDC005C005860DC00489069
:1057F000816D8261912B80A591CBFC05912BFAC51F
:1058000091CB8CC542328C850214F190030AF08052
:1058100086D5E1DC02541B9414BBE088E0880C249C
:10582000E08814C412901213C00A6481FC18126537
:10583000E9C002157C2812954C1296AB3213F198F0
:10584000F0800C64F08002144CCA015546CAE00492
:105850001714E010DC00582002069B248A13C000B5
:10586000E682421AC4179813848E84138251192435
:105870008E238EA3835B97149724EA359BB49F14E1
:10588000E68A400A00138F341D94C4074CB2C41733
:1058900080B370848111091582AB1504862B0F3EED
:1058A0008C4B163B82031B1467900000816581516D
:1058B00088410251882108319FC488118845995D2B
:1058C00093CB80C884C4FCD5841591CB5FFD3F2861
:1058D00088C4C3FF80F591CB91CB8CC490C48095D4
:1058E000F8E591CB801689117C0481D58924944BED
:1058F00000138B349504E020BC0EFE547758BE0490
:105900001B04EFF80F34941B172482110E038E63CF
:105910001B0E8EB3851B8E331EF0F0150C0CE500AC
:10592000DD93F67CFE7C040CEC601EF0829B00ABE9
:1059300060940034E18402A4820325C4602A400AF2
:105940002984A1714202816140C27BB0A273FA80B6
:10595000F398426240128073CB777298E0EC0204B5
:105960000E042E1F0B1EE194FA90402244422E1F7B
:10597000211BFB88EFFC43F6A403201C73984262B2
:1059800080084C968000101848AA9F24897EE6AAB9
:10599000064406233E5EE1840623CA27442A823B4E
:1059A00084C3E012F29844624E22A0C1CBC7729821
:1059B00060EC167438BFCB777FFD45FE56CAC03FFA
:1059C000802B6408E0000E1AE180420A1FFD57FE9A
:1059D0000E06403F5758C0000404EFD4D01761E0D2
:1059E00045FE241FC03F7FFDFFA1500742CA7C9E99
:1059F0007E8EE408E008421A406A0B940984E0288D
:105A0000E580420AE188421A6D80420A41FE922BEB
:105A100043FE5FFCC03F1FFC6FD44BE8122B903B52
:105A20004B98903B023BEFD423A4802BE028446AA0
:105A300006CA21841D94E5FCE1FC061A6580420A31
:105A4000421A960B8E1B6188ED80420A5FFC45FE70
:105A5000C00447F6EFD4536847FE3E24C03F7FFDA5
:105A600089B4A774446284937E84F298442290930C
:105A70007C94F298442292A354CA7298041AE40CBB
:105A8000420AE0000406E18055FE4000C03F1FFCD2
:105A900061E006A450A7D0271403A62F4212FFA14D
:105AA00045FE7288DFFF7FFC640842CA421A847197
:105AB000C7776008E028406AE580420AE188421A18
:105AC000ED80420A1FFD43FE41FE5FFFA11BDFFC8C
:105AD0000B24824545F8963B0131EFD44F188E2BAD
:105AE0008195EFD48E2B0131EFD44EC8963B0B2419
:105AF000EFD4452843FEA11D5FFF1FFDDFFC41FEE3
:105B000082E5A11B963B0B24EFD4446860F8041493
:105B1000240FC5070131C5174D388E2B81E5EFD411
:105B20008E2B0131EFD44CE8963B0B24EFD4434845
:105B300060F80414240FC507211DC5177FFD45FE1D
:105B40000414C7FFFF3101880188000480F80214A3
:105B500019844602465AA12B409A6028400AE5263D
:105B600047FEE18404065FFC0033C000E5A6409ACE
:105B70004022953B47FE7280A10B9FFCDFFC47FE55
:105B8000F00A403A0C0BA00C0C0CB0F1DD93F67C43
:105B9000814101B582414954985DC5C480000A061F
:105BA000D1B04A52814DCD5E5D93FCD5C1C3810118
:105BB000F87C04CC67900A30E6A0183081610F4E63
:105BC0004806088B03A5E0242066809B18A3A51B2C
:105BD000160E40001478D0000001160606A59000AD
:105BE000F27D0000484A80B554A2E49C65AE90ACBA
:105BF0000831826104C182518AA88281F8D5956DED
:105C000088D5E5AD82418F44885B033181C103B5FE
:105C100078040A699478A51BE08810647C200085CC
:105C2000E0881274FC240095938D80958175809591
:105C300080A5928D78044A71946683C182310AA846
:105C40000CA482518D3DFA80A3CDF8958101F6C553
:105C5000F07C0CCCC1C3DD93FA7C040CED901EF0FB
:105C6000E0841E75A74E9D5EAF2EA13E9E14A91E18
:105C7000E0200E05E08C1E85E0881E65E0801EA5F4
:105C8000820B250E47F8AD1E1F0EE8140E0583C1CA
:105C90004C05E0180E09EB54DC34E0580060310E7E
:105CA000C00B65419E48AB0EE0200E1B5C589C2843
:105CB0004C35A9CF4C21EB50C0026D6904C41E04C1
:105CC0004C13E894C00166B16D6D4C414C51C0025B
:105CD000C0026D71E8144B2860180E050E29809BD8
:105CE00090BB604CF0145605E0480E0914199BAEA9
:105CF00081A16034E0900E39E0940E497818560185
:105D0000E7F4030A78105631001081010270040490
:105D10005641E460904B780CF8145621E01C0E3587
:105D20005001A31E9901604850A1AC0650A1E05457
:105D3000AB04E058B124AD14EFE074688D51210B31
:105D40002FC490A5B11480AB6401006004704009B9
:105D50000165E4A04944823BEC040630A13BC14EFE
:105D60001E05FE75A1AB60909D0E96D5E0A41809A6
:105D700012C5A10B8460128064601280E48002C0AE
:105D800064E004C0E5F006C06401006008604009FA
:105D9000C002650166010A6018604004C006670120
:105DA0008DBE8F9E895E8BCEFC6EFE4EB104BE0E04
:105DB000A554A744A904BC0EEFE8720880AB3114C7
:105DC000A1AB2FC405E588A5AFC49551E0701809B3
:105DD000EE45A10BE074180996F5A30BA114A304DA
:105DE00000349D24E44000C0A0114654FC2EFE6EF9
:105DF0003C1EBE0E2904921B9F24989B65B8B1449B
:105E0000210BEFD890858F5192CB00AB00C0F3D51A
:105E1000962B66F06FE443C880AB923B8265A1ABE2
:105E20009D0497511EF000AE025EE5900C0C940BA1
:105E3000DD93F27C028027040460E670400964016F
:105E4000924B963BE02C0059FE1EAF043114A71E66
:105E5000FC6EA001992EBE2E8E1B3C1EA324970E15
:105E6000EFE0480880AB1D04995121AB239EF695C5
:105E700064D10E802B04C0022D14962BA7348E4BB8
:105E8000EFE06D48A1AB80AB79C58AA512099D51A1
:105E900092CB6070D605A10B60580E0965000460B6
:105EA0000660C00240046601670108605B78C006B6
:105EB0008C1B68109151210BAFC4D0B51809B114D7
:105EC000A10BE070020BD045E4A0047064010660F1
:105ED0008C1B4009EFFC65E880AB311493512FC453
:105EE0002D7EE91566310480A574C001FC2E9994BD
:105EF00000702B2E3E9EE440E17C0204962B771727
:105F0000820323340A042F04155EE11431048E4BFE
:105F1000E7000200A904BC0EE8044808A1AB80AB6E
:105F20000AF660352F04C000AD24963B0009A11489
:105F30008F2EE304B0112B248D2EA3448B6EB1243D
:105F4000FE2E899E9F6495243E7EFC2EBC0E8C5BAB
:105F50009724A904EFE04BA8A1AB80AB0B46587582
:105F60002F04C00021748C2BAB64963B00002D9451
:105F70000270E7108C4BE4406FE058E800AB925B96
:105F800021AB8E2B52D5927BC0000BC608802F040C
:105F9000C003649164700220162B849B254E8E3BB7
:105FA000E7200000EFF47828A1AB80AB0BD64E754C
:105FB000120BC0002534961B4CB88E2B80ABE80426
:105FC0004C15A1ABC0000BE61215AF74122BE010FC
:105FD000A994E03C0E0BB1440E39E188919EE32078
:105FE0008D2E8F4E9F148B1E0070090EA344E73038
:105FF0009B14FE1EA534FC3E041027543E3EE44094
:10600000BC6E963BEFF843A8A1AB80AB5FFC30B809
:10601000C0000BF663800E1964500880120BC00498
:10602000A534962BEFFC5C684A0600ABDFA5E000C8
:10603000FA7C040CEC301EF082AB1914849B1574AE
:10604000866B3E5E88BB7C1E6040128947F8941BBD
:106050008E3B6800E044120982E5A60D8665A90B17
:106060008C25AD0BAF0B7CB4100B9A1561F88E1B11
:10607000A30DEFD88D158C258E45A50BA70B7CB4F1
:1060800002609695900B64206FDC4108A30D8E2B67
:106090008B3582258E1B100BEFD860A8A30D7CB426
:1060A0003E6492958E1B900B6FD861A8100B8C2BC1
:1060B00069B88E1B8C2B6FD8921B140B6FD86D6830
:1060C00087B58C2B642002607EF8900B8E2B6FD8E6
:1060D000A30D7CB43E648C558E1B900B6FD860086A
:1060E000100B8C2B6A788E1B8C2B6FD80E09856554
:1060F000C0056FD184E5A10B67FD0E159704C001A3
:106100006FC90E290E39C005C0056FCD60090E4B51
:10611000C21EC003E0105615E0585621E05C56310F
:10612000E03056436FD85B487CB48E0B80B5A30D2E
:106130008E0B3E14EFD8634898F1010140162C0EE7
:106140002E0EE0000C0C8101DD93F27CFA7C044CF5
:10615000846B028B867B6028A008A218E810626816
:1061600060581019A204802B6678E034C8176810B4
:10617000E0440C199C55A51B4E05E014C00167DDD9
:10618000E0180C0B98349A2467E14E150C19C001E5
:106190004E03E038C0026FE1E0540C0967E94E2578
:1061A0004E35C001C00167ED6FC94E11A10B40050E
:1061B000603C0C190C2981010C39E0404E11E0487B
:1061C000C0056FCD6FD14E014E21C005C0056FD502
:1061D0006FD94E31B0A5C00560510C090260400175
:1061E000C0036491E08804047C080235F0884812FA
:1061F0004E358463400167F9E08406046060084519
:10620000065B82338013612068014E458341400163
:1062100060094E530C25C003063BE1BC4E41E150E2
:10622000C0056FD167FD4E254E33C001C003600D20
:10623000E300020960214E010209C0064E01E3306D
:10624000C0066025E360020960294E010209C0060C
:106250004E01E390C006602D0C2991450670604008
:10626000E014E470E0104E0508241A044E15E0888E
:1062700086436014603C0E59E08410248C0B100E91
:10628000701500158683400260540CC9445A84334B
:106290004815E68A001BE100C0047811781900490E
:1062A0005013C008425264004641FBB058726A0065
:1062B0000049F088C0087815EC004611EB00464113
:1062C000781100494641C00808246D000059E08457
:1062D000400878090E43C42704708473400767712F
:1062E000677108404651C01106C06E00C013677048
:1062F000815107657C1400C9649010600EC4C0030E
:106300001095E08854827C1C8C73F09C7801449535
:1063100012C4400214A5E08490936060612012BB17
:1063200044A5988348B3E400C0027801E1BC0E752F
:10633000E150129B4E32497E519CF09410C982511B
:106340009CC6E300E33010C9E4004EC1E36010C90D
:10635000E8004EC1E39010C9EC004EC1F275835DB8
:10636000F27C0C4CC1C3DD93FA7C040CEC901EF063
:1063700084BB0B1E80AB2B1481813C5E866B3E4E32
:106380008D1EAE04AF74A514FE1EA7944FB88F8E59
:106390001639E810981AE094A53B9A2AE010521397
:1063A000E0145223090E8A557401000EBE7EC00708
:1063B0008301260E85017C0E2D64A18CFA800204D7
:1063C000940B29748D34FE24E8004D28609416192E
:1063D000122B940B49988C3B0B64E8001629940B04
:1063E0008E4B6090E094161968004E888D148C3B9B
:1063F0008904BE748F05FC941619A334CC28E09050
:106400008295C51DC51DCE2800141E65800012266C
:1064100000181E15800050C6090E96E5F084403223
:1064200060200019E47004F0E120000960805E1132
:10643000E48002F060845E0159788C0BA10BE800C7
:10644000008B80E58B64879189048D140F04895536
:10645000E47004F0608402040C13C407021B806320
:106460000C05E2485213E02402F06028A60EE480F6
:1064700057B8BE648C0B68008B11210B88F5FC1E8D
:1064800004F00F04FE14E4700215C4078C036010BE
:10649000E024000502F00203E60EE4805658BC64D6
:1064A0008C0B68008475A10B8C1B0F0404F0216415
:1064B000C207E47002F00203000BE4805203E0180C
:1064C0008C0B603CE80055288465A10B808B0B6425
:1064D0008B910D14021B89044418E1A84C03EFE0D2
:1064E000900B6018C8F11C8E0C0C9E9EDD93F27C04
:1064F000BE7E8F048063C207E0180C0BE0385203A5
:10650000E0941609C1C3EBB5FA04044C843B066B56
:106510004406027B0C0BE00057B8861BA67DEFD02B
:10652000A97B8225AD7B80A5AF7B822501858695E1
:10653000A57B8101A77B8285810184D54C03DA0E7E
:10654000020660284C13E10081D5E038DA0E8101A3
:10655000E0284C0360304C03E1000006E0384C03B7
:10656000E03C4C03F2040C4CC1C3DD93FA0C040C68
:10657000847B066B4446028B0C0BE00C54988E1BFC
:10658000AD8BEFD0E00C101AED80420A80000006BF
:1065900080704C01A58B82E5012182B5E48000600A
:1065A00060704C21E4B002700C0C99211318F20CAD
:1065B0000C0CFFD0DD93F20CF83C044C8C35A51B81
:1065C0006FD106090619C005C0056FD96FC9062924
:1065D0000659C00540056FCD4811A10B4821E03494
:1065E0004851E0204801E0249AC5E03067F90605EB
:1065F000061BC001C0036009602D06294805C006BE
:106600004813E0100605E0E0C0016801600D061BBC
:106610004821C0034805E2804813E0408B45E11063
:10662000603C0659F08840326E700019E6801840D0
:1066300081710161E0344811EA700019E0204811CD
:10664000EB700019E0244811E68A425AEC70000908
:1066500060840414E0880A141002862300106C3051
:10666000C0166770677102200450400FC00B67713D
:1066700060304881E5000A40029B853550327C1825
:106680001085F08840047801F09854C278605493E3
:10669000F098521278304A850685846188217C08FA
:1066A000E400129B5032558E5493F09C52C27830C5
:1066B0001089F09C82717C000889A4861084E030E7
:1066C000917DFA800C4CF675DD93F03CF88C040C4F
:1066D00060384611462181510430603CC00164702D
:1066E00060184653647018300C30C0024002667166
:1066F000E00C43F68171032579004455F09C50620B
:10670000F15CC95E63005071A0568271E100505186
:10671000E2005051E4005011E1000E0A0430FAD5B5
:1067200040166771E010180649568145EC0418C000
:10673000FE95A1CB67F14655040640014655EFF0A2
:10674000C00167ED67E946554611C00140056FD9A4
:106750004623881BC0026FE9602D46510C0CC00611
:106760002438F08CC1C3FFD4F81C040CE018007965
:10677000E0280039E02000C9087006684A3AEC04B5
:106780000049E6920089E0145252601C0059F0B0B2
:1067900081016024D26D041840C6080E8E55E000B9
:1067A000EC041240E6A6525AD21D9093D96D8C7516
:1067B000D11D8C35A13B8AF5A15B8AA552C28A65A1
:1067C000128AF9A088D5F0008895F07D8855F44D9F
:1067D000EC081240F4F4130AE57D86B54E32867556
:1067E000A27FF9940E8AAC7F8495F0004E1AB01304
:1067F000A17BE116B86382F5E10E586A8255A1CB00
:10680000E00E406AE016421AE692400A080E820341
:106810000C0C8101DD93F01CFA7C040CED501EF091
:1068200080AB3D048191255E848B154E1630130E8E
:106830003B04E520E0080D068171211EA30EA99EF0
:10684000270EB904650100A01B0EC002660100A05E
:10685000190EC004670100A0170EC006640100A055
:106860001F0EC009650100A01D0EC00B8D858101A2
:106870009855A10B78901603AC12945BA734A5240D
:1068800072F8A344A10BEFDCA13494F516039D44E8
:10689000AC12F890E03016238B4E8C38A7549F44EE
:1068A0009744894E9944FE4E9B44FC4EBCAEBE4E6E
:1068B0007438A544A10BEFDC93448EF51603A13484
:1068C0002C12F890F0A44A42603016238E388C4384
:1068D000E0510F5E094E8B5EE54008F09D44FE4E90
:1068E000A754915E9F44FC4EBCAEBE4E7978954451
:1068F000A10BEFDCA904883511048FC40034A30B6D
:10690000C0000006C0005835C0605835A14484B5A9
:10691000160393245058F890E58008C00423AC1265
:10692000894EFC18FECEA744BE4EFCAE3C4E9544AC
:106930006BD883410271EFD804B18891A2188461A9
:10694000E4F5837DE5501EF0F27C0C0CC1C3DD93B1
:10695000FE7C040CEC601EF084AB06B860100023D3
:1069600002149941000B81513E0EE014E7600030A3
:1069700041568145EC040840FE95A14B6C04001083
:106980007FFC49EE3E04CFFFE410414AE00404DA04
:10699000ED80420AEC0400006FF9015A40C6400F36
:1069A000420AE000175AED80420AE4300006ED800A
:1069B000BC0EC000800013C8600A402EE760123091
:1069C000E6A01030E502441AE582481A0224092E96
:1069D0007E4EE184E0FC0044C347201F8B4EFC1E2A
:1069E0002012A535A8348101401AA01D423AC6865E
:1069F000403AE5820414E5020620F680050A6C8020
:106A0000005BE47CFB8C48226C7C06429C004A10B4
:106A1000688C18544A0081510C341C000E54EC0050
:106A2000A6436F8C789C4C62EC040842ACCF0B649C
:106A3000689008C4483BA75F4D4ACACB4C1AE40C87
:106A40008C3B600C420A7C644D6AE580421AE4305B
:106A5000420AE1884052ED804E20509808F5DC0053
:106A6000D28C42420865A12B80000E066C040E20D9
:106A70000F0A803B4610E47C02201C004472EC8428
:106A800000067B840222C0000804EC7C0A146F8498
:106A90002223EC00233FA30FF8904852A83F0B1489
:106AA0006C040422A53F8C03F2844232FE34892414
:106AB000EFCC47280070002B0870E42C010A6C54BE
:106AC0000331E47CFB90480200000606E48000CA23
:106AD0006200000CEC7C0A426F941804EC000C5429
:106AE000AB3F2A4378B05862EC040842AB0F383F02
:106AF00044AA293F471DE400E00C41F6E00C421A8D
:106B0000E580420AE188421AED80420AA11B9EC537
:106B1000BE448EF5F6800024F6800244028A80137B
:106B20009075E48064740F0A9C158341BD113E0486
:106B3000402AAE13044466820270E884042064088C
:106B4000A32FEC04F808460298D5853B6C8006100C
:106B5000E47C030A461201210416FB8C02CA4000A1
:106B6000080CE480023262000A44EC7C18146F8442
:106B70002233EC004AC2A32FA34F789406322A2F67
:106B8000272FEC048111880342220755040BF2845D
:106B9000BE248131EFCC496864080670070A812160
:106BA00001E5E47CC000041664080670E512402A82
:106BB0006592422AE47C070A04068321087080005B
:106BC00006CA6C780A0CE480483262000642FB90E8
:106BD0001854EC7C0C346F8C2643EC005862A72FC1
:106BE000A75F78B00842382F292FEC0442128A039D
:106BF0004C78F28804706FCC008AE40C41F6E7FC14
:106C0000A11B000CC00C41F616B0A40682916C04C6
:106C1000848108A10244819586716884EF0F820304
:106C200000027F45A1BBEFFCDFFC2DD8B0F13C0496
:106C3000F67C0C0CC1C3DD93F804040C80CB061D5C
:106C40007A0C4C12FB0442321C005820F18446623C
:106C50001C004400670FFF01E17C0CC4698C0EC46A
:106C6000F89840028403AE0F79084C02F9304E02C6
:106C7000A16D8E6F040484F5BF6170804662632F3E
:106C80004229F18C0424A7CF06C476800420FC7C22
:106C90004222EC042263F1846D3FA30F0335841B71
:106CA000A31D860341FC04241FFC41FE0275DFFF87
:106CB000D088400260010606C30760000210062F5C
:106CC000A40FEC04941E900EF0040C0CC1C3DD93D1
:106CD000FA7C040CEC701EF0889B1D34826B00CB98
:106CE0005022062D5890FA0C52001C0021049C00E2
:106CF000FB084632718C54829C004C504A107ECE68
:106D00000D0E9C001F048C1B095E942B0B0E868BB2
:106D10004378980B007BEFCC7F0182BB7CAEFF11E8
:106D200042F8942B09A4EFCCE17C046478884002FB
:106D3000F8884212B61F2E0F56023E6E4E12F0A475
:106D40004072F2A842727928820FF9189835A10D85
:106D5000E17C0274F08440B272844472441FC20F1A
:106D600040F8902B211BEFCC0014BFC1811156803D
:106D70009C0440009680000484800000EC040C0019
:106D800044627C840020F1A0050A6C804822E47CE7
:106D900042B07B8000429C0056706C7C06149C00C4
:106DA0000A046F804652EC00A1BF788C4EB27EB4CC
:106DB00047F6F98CB0C3600071A04A320B0AA043B9
:106DC0005852647C1EB5FBB0965B00046C04104204
:106DD000EC7C08C240000A06EC0014446F90125488
:106DE0001014B17F40A2688002B4F8A4A8C36890D0
:106DF00000C2201F211FEC04E89000547C7C021488
:106E0000F1884432EFC87BE803D59003F29C42122C
:106E1000FF01238D020682F560006001E0FC007432
:106E2000C37743B7B60F02AF79A84272EC040C8067
:106E30007FA781A57FFD43FE0121DFFF422294034E
:106E4000906B7284880E8B240D048A1E806EB8F1BC
:106E5000F27C0C0CC1C3DD93FA7C044C887B0A6B7A
:106E600076801424E00048C6B4431951090A34530B
:106E70004A42E47C81C17B946C7C08529C0058009F
:106E800000000006E4B012106F9002C4EC0016443B
:106E9000788442B22853A90F0252A20F86A36C0431
:106EA00068840204E89000C46FC85B088181813166
:106EB000FF213493849D1E1E82859C0E128A189E8B
:106EC0008A55E0FC6FC87428ECF8049051E605255B
:106ED000322BE000050A803B4610E47CC1111C0007
:106EE0004222B2130412FB840834EC7C813168889E
:106EF0001C004600EC000A246F8800344052A413A2
:106F0000204FF880EC04001268800244E8880034C6
:106F10009E1E9C0E0C4C988EDD93F27CF87C040C2B
:106F2000887B52C4F0140E65E682521A6090580AAB
:106F3000041683C1A16B400044C20DB41224918891
:106F4000423AA32B8FA4E6860824118419C49B809F
:106F50008088084410904E72E08808140A70147EED
:106F60002C5EE41017649071F0904A721490285EC1
:106F70000A94E40C12A460887D97E17CF094567228
:106F8000F97112A3708452B2209E8EAF103494B364
:106F90001204608854B2E08850B270A018AEF0A419
:106FA000303E9033E0E0440A020613349524C000DA
:106FB000C000461586018295E17C18049803FDC740
:106FC00080838E0F8A83104390130C4E0C0C881E06
:106FD000DD93F07CFA7C044C88AB027B617C1074FE
:106FE0001003866B527284BB509FF2A0100BC08FAF
:106FF0006C78921BA11BEFC8D68000149C04400043
:1070000096800004848000006080010AEC84020005
:107010008255A81E41FE7F77DFFF7FFD810100734F
:10702000A80E987E561B85158203902B6C8002005B
:10703000E47C010A7B844002C00004066C7C0202EE
:107040009C0050906F840424EC0006144432220308
:10705000238FF888EC040002A17D248FE88000844F
:10706000D18000040C4C980EDD93F27CFA7C044C29
:10707000827B0A6B617C0264E17C067481A102431D
:10708000586211B40603F284F90450C2728C4A7239
:107090005842C60FC65F7904E5B2420AE532465A45
:1070A000E5B2485A428A02334842E502528A72A83F
:1070B0000613E582E522465A72A44842E5A24A5ADE
:1070C000708C5042E532400AF2A84852F99046824C
:1070D0008E85A13B06440F2E4A82E17C5842F08CFB
:1070E00007CBF28C06C4C6CF90CB5680990C4A527F
:1070F0009680065484800630EC040A30E47C0B0A47
:107100001C005840EC8408307B904A52C0001006A6
:10711000EC7C08526F901284EC00144452A229CFE8
:107120002853F8A41216B2CF0A5260042693EC0436
:10713000E89414C4922B298FEFC86248B41F0F241F
:1071400081A1300F01E584B3A11DB2B356B202652F
:1071500004B39088E0FC0614C317430716B0260F4B
:1071600021BDEC04E00004B21FFD43FE41FE5FFFC1
:10717000048ADFFCFF8160FC603880F504206FC862
:1071800045E6ECF84E6FE000F18048A2906D135494
:107190004040154446A29C004230F384961E9C0059
:1071A000902E940EF27C0C4CC1C3DD93FA04044C77
:1071B000807B026B811158046BC804F6581881312A
:1071C0000404EFC8C21761FC7C7C00048403A22F76
:1071D0007C7C02040013FF077001000E411DCFFFED
:1071E000E1C000140000581E803F0FFD45F65C14FE
:1071F0004022C3FC009AD180C03F634D200100F8BB
:10720000DD1740006D8D0000401AC03E8711668278
:107210006686400AE0144306009A8FA5C03F61C904
:10722000200100E80000C000C03C6F2D6682401ABB
:10723000400A8711028666868D95E03061BD009A0E
:1072400000E8C03EC00020016D750000401AC03843
:10725000871166826686400AE0800386009A8B85E5
:10726000C03C6071200100E80000C000C0306DF536
:107270006682401A400A8711038666868975E1286E
:1072800061C9009A00E8C037C00020016F290000E2
:10729000401AC024871166826686400AE2540306BB
:1072A000009A8765C02F6149200100E80000C000F6
:1072B000C0166FC96682401A400A871102066686A8
:1072C0008555E41063F9009A00E8C022C00020014F
:1072D0006D590000401AC00A871166826686400A0E
:1072E000E62842060721834562D9009A421AC01255
:1072F000400AE68A40002687295943060000C0005C
:1073000080022DB92686400AA8240206E086400A9B
:10731000D1800004F2040C4CC1C3DD93FA04044C88
:10732000E0300229E090440AC0000006C000420597
:10733000842480F50416A12B40228000442A9180E9
:10734000E4500C108171230BC427811190884C628A
:107350006FC86C08987E8C0BF2040C4CC1C3DD9393
:10736000FE7C040C6C611EF0133EC0010E09807B94
:107370008121604C60BC5E255E25886B81A160B474
:107380000AF01D0EC00164515E25DC345E25E0ACC0
:107390005E25E09CA13B608C06343F2E5E25C154E7
:1073A0005E25E1045E25E1005E25E0FC5E25E0F857
:1073B0005E25E0F45E25E0F05E25E0EC5E25E0E889
:1073C0005E25E0E45E25E0E05E25E0DC5E25E0D8B9
:1073D0005E25E0D45E25E0D05E25E0CC5E25E0C8E9
:1073E0005E25E0C45E25E0C05E25E0B85E25E0B025
:1073F0005E25E0A85E25E0A45E25E0985E25E09489
:107400005E25E088BD2EE084443ABB2E8731468E4F
:10741000800C0E25E0500E090424971EA32D813800
:10742000C40004068121192E9314982E6020423145
:10743000042E8131E7C002F004F00D1E0B2EE7D0C0
:10744000E7E002F004F0091E7E2EE7F0640102F08E
:107450007C1EC001641104F03E2EC001643102F0B4
:107460003C1EC001910E832197449D14EFFC55886A
:10747000E1141E05AB0B8004E008001AED80420AFF
:10748000C0003C58E10C1E05A10B8004800000B632
:1074900080004C0580003BB8676000F064400AF053
:1074A0000D0EC001E77000F000F00B0E090EE78032
:1074B000E79000F000F07E0E7C0EE7A0E7B000F051
:1074C00000F03E0EC001642181213C0E8131110487
:1074D00097449D14EFFC5248E1101E05AB0B80044D
:1074E000E008001AED80420AC1141E05C000000524
:1074F000C000342861081E05E58008F0610C1E15E7
:10750000E5700AF08004813181110424EFFC4A689F
:1075100006F03314B104E5307C3EAF24E54006F0BC
:10752000804B3E3E825B3C2EEFFC5A2881611B7EE5
:107530002FB891540E09E00081116040E09C5E1567
:10754000E0885E1540003D1E1E05F3F8AD0B60F4AB
:10755000E0985E15E0945E15E08C5E15E0845E15A3
:10756000BB1EBF1E88F5956E60F01E35E7100CF04F
:1075700018F00044AB14E6C07C6E8C30E17C0A4409
:10758000A904BECEBC3EA724EFFC572860B41E154C
:10759000E70006F060B01E051E258C4B51B8E0C414
:1075A0001E25EFFC1E35E0DC1E05E0D81E15E0C0F0
:1075B0008195E0C4E0F01E15E0DC1E25E0D81E3504
:1075C0008410800408F008240C30E5C0E5B00AF00F
:1075D000EFF87348819101810E09A9D54000E04080
:1075E000AD0BF3F81E358A750CF060F81E05E71038
:1075F00018F060FCAB14E6C0FC240631FC2000450A
:10760000BECEFC6E0A442904A724E17C52F8BC3E9D
:107610001E15EFFC06F060B41E05E7008C4B60B051
:10762000E0C41E25EFFC4D88E0E41E25E0E01E3599
:10763000E0C01E05E0C41E151E0581D51E15E0FC28
:107640001E25E0F81E35E0E40005E0E00211FC2014
:107650000425FC2408F07C200631E7500AF07C2445
:107660006EB8E7401E25EFF8A32DE0D4DC0480952A
:1076700082C5A10B60D01E1508F0840B0AF067507C
:107680001924E7406D989D311E25EFF81E35E0D492
:1076900008F060D00AF0E6A0830166906FF87DE8FC
:1076A0000E0981114000E040AD0BF3F81E358AF55C
:1076B0000CF061001E05E71018F06104B314E6C079
:1076C000FC240631FC200045BECEFC6E0A44310489
:1076D000AF24E17C4CB8BC3E1E15EFFC06F060B454
:1076E0001E05E7008C4B60B0E0C41E25EFFC474848
:1076F000E0EC1E15E0E81E25E0C01E05FC2002455A
:10770000E0C41E15FC2404311E0583151E35E1045A
:107710001E15E0E81E25E0EC0005E1000245FC2016
:107720000411FC200631FC24282BFC24E73008F04F
:107730006FF86848E7200AF0A58EA39EA10BDC0431
:107740001714842553388E0B1E05EFFC802B60CC5C
:1077500060C81E15E73008F067200AF066D89D3132
:107760001E65EFF812F060CC1E35E7400EF060C8E1
:10777000FC9EE6E00A643E7E1E15E17C8C4B60AC0C
:10778000E0A81E05E0A41E25BC3E9F3E46F8A15E73
:107790001EB5EFFC1E85E0BC1EA5E0B8961BE0D030
:1077A0006D38900B942B6FC4E00002CAE000021AFF
:1077B000670500EA420AC927421AE580420AE188C1
:1077C00082A5ED80727D10068101400260B85E8561
:1077D0005E0581A181B160BCE0D05E05609C1E1594
:1077E000E65006F006F07C3E3E3EE6601E05904BFD
:1077F000965B6098E0941E2566B8BCAE1F34EFF827
:10780000FC9E8C4B1E15BE7E1E05E0BC1E25E0B8FE
:10781000BC3EE0D042B8A1541E35EFFC18F060D059
:107820007CCEE610E62018F01E15BECE1E05E08CBC
:107830001E25E0881E55E0841E45E0BCBC3EE0B835
:10784000EFF8648860A41E35E5D018F018F07CCEFF
:10785000BECEE5E0BD04BF141E55BB241E45E0AC02
:10786000BC3EE0A8EFF86368A584A39482919B7462
:107870009D0488812B28930B3944DFFCE5D00CF064
:107880000EF03734FC6EE5E00A443E7EBF14E17C26
:10789000BB24BD047EB8BC3E7C6EEFF83E7E8131D9
:1078A0003F148341BD048151BC3EBB24EFF86128E5
:1078B00081513904BB94B7143D44BF34E9840404B6
:1078C000F6800C24376EBE61F18442626C80041035
:1078D000E47C030A7B8850129C004A006C7C0E8278
:1078E000817C00046F9C0254EC00047454220C9DB3
:1078F0001604F884AE83689C82A5A55E71984492B4
:107900006238880B861B6FC4823B004B8C9B3D4EBC
:10791000BB6EBF3EB4BF379D148202F50490EC04E9
:10792000880B6C286FC46128004B861B3D4E9591D7
:10793000BF3E823B2524BB9EF98C404202B4210B02
:107940000235E8A8E89C00248341012183213F2ED1
:1079500081313D2E6FC445A83F1E882B1E15B26392
:107960000EF0609C1E35E6601E25E0983B6EE094AC
:10797000E6500CF0860B3D0E864B7C6E825B3E7EA5
:107980007758BC2EBB34EFF8BE7EFC6EE09C1E1513
:10799000E0981E05E0941E25BD44BF547678BC3E99
:1079A0001E35EFF881716098E09C1E55E08C1E1525
:1079B00060941E35F18C487273944A72E61018F088
:1079C00018F07CCEBECEE620E0881E05E0841E25A1
:1079D00057F8BC3E1E65EFF8FF01608CE0841E8501
:1079E0001E95806D0C0640885E7580008C1B008C97
:1079F00000885E751206902B5A788000920B6FC437
:107A0000E00002CAE000021A640100EA420AC10072
:107A1000421AE580420AE1888225ED80608C5E751D
:107A20005E05FF0181A16088FF010305E044108A23
:107A3000048082F5920B6C406FC4588881A18C1B26
:107A4000E08C5E15E0885E0591549B74210185559C
:107A50003003E1114402B013010A7B84121BE47C61
:107A6000EC7C0022400002069C0052606F800614ED
:107A7000EC000804A19F202346421154269FF88C55
:107A8000EC04042200141B74259FE8805E0581A18C
:107A90005E95E0889564E08C1E2593341E45E104D4
:107AA000026460F81E35E088861361008261460E2C
:107AB0001E159DC400C4E0FC983360888013002329
:107AC00061045E251E2598435E35E0F41E35E10015
:107AD0005E15E0F0882160FCE0EC1E1560F45E2588
:107AE0001E2582315E45E0E4801360F8E0E81E4523
:107AF00060DC1E055E3580231E35E0F0984360E0B3
:107B000060EC5E151E1588015E25E0D8983360E4B0
:107B100060E85E455E35A121821160E0E0845E256B
:107B2000E0DC5E05E0D85E1510688B6B1304DFFCAB
:107B300001B5811141249801EC040A50454A9E3454
:107B4000040CE40C8413E200FCD5A15BE0580E09A0
:107B50001E059334811D6114E200040C8EAE8C2E40
:107B60004611800489116024A50B9324C00002668D
:107B7000E0204411A50B173493148645A31B8414ED
:107B8000CE1480E5E094424A00300E250E19843070
:107B9000AD1BE040400C0615C4300030AB0B8AF53D
:107BA000800C06059C940004800C4605E1101E051F
:107BB000A51B80140E1982750410E040A11B6C18DF
:107BC000E40804DAED80420ACE1488F5E0440E2978
:107BD000F0C042104410292BCE2EFC04800480F506
:107BE0004210A50B46159C0CCE14800CE094420A62
:107BF000003082058921643091218125801EA41FD7
:107C0000E0500E09420193141EF0E028C0016461A7
:107C1000F67C0C0CA31BDD939314FA35A31B841480
:107C2000FD45F4A5FA7C040CEDF01EF0829B233E8A
:107C3000E0981E35A50EAB4E0619A73E1EB5E09086
:107C40000089E0A88013E04860700261AC1E8111D9
:107C5000E0105615E04C0019A91EE624605000A95A
:107C6000E080440A975ECE78241482E5E084441ACA
:107C7000020CA11BA41EE200A0000078921B0101CF
:107C8000EFF874E8440AE6240016E08842904000C9
:107C90007458DC0000F0CFF80AF065600D0EE5D0F6
:107CA000E59000F000F00B0E090EE570E5A000F085
:107CB00000F07E0E7C0EE580E5B000F000F03E0E98
:107CC0003C0EE5C0291483210C3B940B5278924B57
:107CD0006604EFF8E1318111E08C400AC0741E05A2
:107CE000C00040151205A7440819C00C860FE09487
:107CF0002554E60EFC1044101FE8AB2B159EC00067
:107D00001C08A16DBB04C000A50B800480001F5897
:107D100060A01E051470C8770025E4409404E010AC
:107D2000FF0100230024802D520AC1AC8215C12A14
:107D3000D707A40B400AA00B1200E1AA0A09EC0421
:107D4000400AE0644420E094400713FDC0C006945C
:107D500040281E25D9884632400844350A19AB1BF5
:107D600008258068AB34E018529223140C249084C8
:107D70008418E120A71B521806298215851BE02CC8
:107D8000062984158175E028E02406298235851BA3
:107D9000E0200629821102214C2A9F1E8135E69A95
:107DA0009F1E83118825A16B02641F24832DE0840C
:107DB00008158685400A60209D6EE088E6A2461A76
:107DC00084D59B3E403A9F24813166A2600A442EAE
:107DD000E17C02047758932E0414EFC0A12BE194A8
:107DE0000C248E2587E5F680AC0E89011F04B15561
:107DF000E194023476800214E00044068EBB1F74C6
:107E000076800004E5E00AF000102023192EEC181B
:107E10003344802D91884202088400348414021077
:107E200051804222C000045600342D34400AC90457
:107E30004222669EBD1ED1848C309024E09A400A76
:107E4000EFF46FC8AD14BD04407E8406930EE01EAF
:107E500004048DA506146194A62FE0ECF6800C2492
:107E60000460C061804B6C14647C050A48108EBBB2
:107E700002601C001D74EC94FB844222EC7C061210
:107E8000688C0A444800814118341C000044EC000E
:107E9000447A6F8C40C2E6AAA61378800012205F55
:107EA0000254EC0400446880442AE88C8131669EC8
:107EB000EFC06728802B2704AB2EC0084E62A31E9C
:107EC000840B71806FC075E81D648E2B0014A11B9C
:107ED0000004D68000009680AE038480E080010A12
:107EE000C0541E05421682952B04E000F180441216
:107EF000A314A12EEFC07468A273A1140AF0334436
:107F0000AD14E5E09024BD7E8E1B0430EFF469686B
:107F100046061F24BD04E0000424AD14A433F680FB
:107F2000993E8406609C1E0525549EB1A74481C1DC
:107F3000406AAB0E926B669A93B5910EF0844492B0
:107F4000040CD52D0A29E200A40F6064FBFC000A92
:107F5000444A80858665E090E17C06640663963F2E
:107F6000956D943B40000606E08C440A40541E3553
:107F70000464A6634422E0880420D08CC009040174
:107F80009090442284A0042084738824821102618A
:107F9000F4B5838BFBFC000A0A0980C5404AE06403
:107FA00098A5E09000741B141934E094E0880AC48A
:107FB000A203B744F0800404E1940224F680021482
:107FC000EC1802104212823D0424918C02100884A5
:107FD00042328414065651840424C00042324904BB
:107FE0001F34D1849D04A10D442ABD1EB134E68EF8
:107FF000E082402A7C14082506318A43215EFC3049
:10800000D18000040AF023CE6178E5E0A3C4EFF448
:10801000BD14B10480169803A744A554E0640A096E
:10802000E084404A93048885B544A124E69E400A32
:10803000847B2F34F6800204A41D115480000206B4
:10804000CC080210A30F3D1E7C1C0825400A8E435D
:108050000AF060160631E5E05EF8FC30A3C4EFF4E8
:10806000BD14AF0480169803A744A554909302C191
:1080700081CBA90440000E06C0000206000662552E
:108080009714C0000A49B9348408E0548C24861837
:10809000E682401AE4040220E692480A891B8C1EFC
:1080A0003B0480D5801E851183659534A12D153440
:1080B000A10B84750A2984250424E040040AFC00ED
:1080C0008255F018E182401A1E05A10B0256007479
:1080D000401580000A098000400AE0648285E08043
:1080E0008014BB040615A51B4210800C46159C107D
:1080F0008311000C1EF0801E0C0CE5F0DD93F27C69
:10810000FA9C040C605000190029826B81C1604CFC
:108110000A1090CE0E14640C0059E088525060642E
:10812000C00173F06686502A48C592731280E01031
:10813000C487640C73F15290907341FF60844A0AC3
:1081400010069273404000014C8590715292400499
:108150004E7290A0100610A44CC58000127400044A
:108160004A0AE188B28F60800E741A8E108480846F
:10817000A8711CC400044C85DCC0108440044C85EC
:1081800060440E8A08A5C01880000066E0400079AF
:1081900086D5EE7DE00C1036E49C504A0089863589
:1081A000F38DE048007604C506898000FC8DE02C44
:1081B000068982B5FC8DE02406898235FC8DE02895
:1081C000063980B5FF3DE02001358215930191010C
:1081D0000C0C900EDD93F29C6044000918CEE02751
:1081E0004C25A22F2B0BE010FEAC01F68101580E9E
:1081F000000001065A0EAD7BDC940004400C4C05D7
:10820000E0804A4A40000006DC004260CFF848881F
:108210008C1B0301F29C0C0CFFF80828FA3C040CA0
:10822000EC201EF0829B006B0E603E2E088BEC044F
:108230003C9E86AB012181010141893156988E1BFC
:108240008C5B6FCC82B5A10B81013EAE81213C9E3F
:10825000814111318C5B0E1BEFCC55C880A5A10B61
:108260000C0C90F1DD93F23C81013E8E81213C9E0D
:10827000814121318C5B0E1BEFCC54C80C0C90F16A
:10828000DD93F23C8605A11B880DFF41C1AC0804BB
:10829000C106484AD19048121780080473FC400078
:1082A0000844C0070840812C424A84048816E186AD
:1082B00081010C0E5D93DD93E0084096FE7C040C7A
:1082C000ECE01EF0886B00BB60181689067B844BBF
:1082D00004F082AB06F064D0094EE4A07D38880B30
:1082E000901B6FFC64C004F0E49006F0901B140B2C
:1082F000EFFC7CA864B004F0E48006F08E0B0B7EEB
:108300006FFC7C281E09901B98B160D060C01E399C
:10831000E084048460B01E5942079623EC080420D0
:10832000708042B20010C2374EB26C08570DF08C0C
:108330004257849B9C0052006C080070F09446B237
:10834000845B570D1C004A00EC08003084CB570DAD
:1083500058001504FC0E9C000B048904130481AB27
:10836000E000541AED84400A9104BE0E81013C0ED7
:108370009195FE0E8AAB0F8E8E5B048AA40A8D9EA9
:108380008994FC74400AB0030F2A669EC0086400FA
:10839000521A8B740E00601CC0046400400D41260C
:1083A000D7774000400D5E058C9B4000200001887F
:1083B000A0000C06B00A8C6AAC03BC446692400A6A
:1083C0006400091A4926C008C000200D200D5E4532
:1083D00000004000C00464018063D70706258E8337
:1083E00080000E06824B147ABE14A80A400AAE031F
:1083F000031A6686C0086400200D43265E15C0007F
:108400004000200D640100005707C0048073881BE2
:108410007B800064FB800C847A804C62E40800104E
:108420007B800274E408411A7A984212591C926BBC
:108430004200961B00503C00411AE408967B6408F9
:108440004E000D440030BC00963B64086408411A9D
:108450004600969B00403C000F84E408E408411A63
:108460003C005200E40800A06408411A4A00965BF0
:1084700000C03C00411AE40896CB64083C00580058
:10848000EC041080E000101A3FFD37687E04C3FF43
:108490000C0CF0F1DD93F67C71884412E1F5823327
:1084A0008401C20700045D93C1C3FA80FA00004C46
:1084B000E506440A6586400A04208111C200640171
:1084C00072844002E1CC082460B802040624DA0772
:1084D000A04F61C879844432FC7C004460100206DD
:1084E00075988131084CEFBCDD93F200FA04044C1E
:1084F000802B046B4E96212B82C5E00860C80014C7
:10850000E1840624DD170603813101716FBC7448D4
:10851000F29C42128E0B980EF2040C4CC1C3DD93F8
:10852000E506440A6586400A04208111C200640100
:1085300072844002DC07E527A40F5D93FA00004C2B
:10854000822B4207811104017A8000047B988131DB
:108550000404EFBCA22FE1A041FEA12B0004DFFC2C
:10856000084CFA80DD93F200FA00040C6FFC7A08E4
:108570000264846B8203E184E01A400AF2000C0C6E
:10858000C1C3DD9369294386441AC001401AE5023C
:1085900081116582640104204002C200E5277284D3
:1085A0005D93DC07C1C3A40F04348331A33F688803
:1085B000422A82218013E68E00145D93C1C3FB80A2
:1085C000FA04044C847B066BEFFC77288461C26755
:1085D000FA800264E69E421AE502441A6582401A55
:1085E00004208111C008640172844002E807D92781
:1085F0000C4CA40FDD93F2048111210B0000846563
:10860000040E6C044602FFF0A13BF808418400040C
:10861000C40402100214FE3500047B80D017FA80D7
:108620005D93A01FFB8000147A800204A11FD10774
:1086300000105D93C1C3E404FA00004CE502482A2F
:10864000E5824A2A6506403A423A882B8A3B65868B
:10865000EFBC73886001040681314200421284033A
:10866000F907728C60900414240FF917850BFF2111
:108670001FFC41FE41FEA11B084CDFFCDD93F20014
:10868000FA04044C866B211B81710A4588E5A12BF5
:108690007E81060E481A40004A0AE50A400AE50EA5
:1086A000461AE58E1854658A5607E1D4E1840244DF
:1086B000003420CF5657E0FC0434A01F40126184E0
:1086C0004222F094882B72B0EFBC6668850BFF21C4
:1086D0001FFC41FE0165A11BDFFC41FE4E9601011E
:1086E000180EE0080C4C8E0BDD93F2047FFD47FE64
:1086F000860DC03F00000602083EA11B8000020656
:10870000409C0634C184081450904632423A81019C
:1087100040964006881E8008C1C3DD93FA00040C11
:108720008A25A12B0A0206130614E000030A7A80A8
:108730000830F47C81116C807B904632003281419C
:1087400048506C7C0A069C00184400000C04EF8022
:10875000A0336C0078B05862214FA15FE1840024FF
:108760000632385F275FEC044252880381317284FD
:10877000EFBC6128F2000C0CC1C3DD93FA00004C81
:10878000A12B003BE506403AE586423A0620826589
:1087900083416C048131274F6F38880342126FBCCC
:1087A000FF21F28C41FE850BA11B1FFCDFFC41FE6B
:1087B000F200084CC1C3DD93FE00044CA32D003B26
:1087C000E406403AE486423A0820867583316C0418
:1087D00068900834211D81C1E17C0A4471904CC22B
:1087E000E8880434739458C2DC0048605C004AC0D6
:1087F00042528803062472845078E17C034AEFBC1D
:10880000021AE00000EAE000420AE000421AE580B5
:10881000420AE18880F5ED807FFD41FE0C4CDFFFD0
:10882000DD93F60006067F21E0006001E008434A80
:10883000E008421AE40C416AE580420AE188421AE3
:10884000ED80420A000100060C4CE000DD93F600CA
:10885000FA7C044C866B044B7090080908298151FE
:108860001210788C0839E600141078841806E4C0D9
:10887000FFF857CE4E461A265856E000DA36818168
:1088800089A58F4EF0A04042E04000198AA5A11BA7
:10889000E06000198A25A11BA11BA41A081988C52C
:1088A00044627C204411F0A00019E0104411E02043
:1088B0000019E0304411E0400009E0504401E0605C
:1088C000A42AE070AA14A804E184062481310603D6
:1088D0006FBC5628F294421242620F44040EF09C80
:1088E000120B815181F5F820F0A04062E010405158
:1088F000E0304051E050405160704051F09C406287
:108900008101005E71AC4262040C8281EC0816B0F9
:1089100088710491B18B90A18101ECD5F27C0C4C53
:10892000C1C3DD93F87C040C060006286001E60054
:10893000E610081065100A1059C6F8118161600030
:10894000027983F5A17BF820847884A58445A17BF6
:108950008084947406AB8294107AF8200CBA8E83CB
:10896000F2985292008E829E46A38EA382B1782006
:1089700002C18CBC04418431085190010EC08211A7
:10898000857DECF00C0CF6F5DD93F07CFA3C040CE4
:10899000846B062883814438807B46089111258F9B
:1089A0006FFC5CE8E88C128414041C141E34E09004
:1089B000020B902B6418941B1C14EFFC980E922B46
:1089C000020B9E346398941B9C24EFFC0E1B9A0EA2
:1089D0001E34E0106318840B922B6FFC0C0CD80E25
:1089E000DD93F23CFA1C044C887B44488101009BD7
:1089F000846B0A8B860B0B0E902B0E1B6800434872
:108A0000AB9B883BA59B84050C6002E5A79B84106B
:108A1000A99B824540800225A39B9C000861867526
:108A200081258E0B0D149061E45006F06298982415
:108A30000B14EFFCE000001A619C4E0A0F24810128
:108A4000200102060206C000881EC000F21C0C4C69
:108A500040C6DD934E0A60084E1AE99C8111619C64
:108A6000C1C3FDF58403A72F5C08C30D00061A00DF
:108A70005D938000F1804012FA7C040CEC501EF0F3
:108A80006461000081414003FC1EBE0E06088BF5A8
:108A900001B181A1814D81717E4E926502098813D9
:108AA00081A160B060F00239024981B181616090BA
:108AB00060D00229420A9D118033668681713E543E
:108AC00088230813C417094E814102531885832552
:108AD000C001783110A3F1944842818192B3F2A091
:108AE00072A04C6282118271FC55851DF051020109
:108AF0001E15870D58504010FCF5DC0084D5E57D2F
:108B00006184107440828191813170A872A44242C4
:108B100044188E2B00ABEFBCF0AC408272A44262D2
:108B2000439881318E2B6FBCFC1480BB0044FE4403
:108B3000061060880444E510860360848241043393
:108B400040B580AE4673E0208408E080E815814D92
:108B50000C0CA8F1DD93F27CFA7C040CEC701EF096
:108B600081C13001827B7C0E0C700DCE0BCEE4F007
:108B700089CE81A1FC94FECE1E0889558DCE81112F
:108B800001ADFECE89CE81018C058BCE70A85662D8
:108B9000F0A8509278E01609E43004F078A0161995
:108BA000E4600AF0F8201039E02010499B213C2EA7
:108BB000E800430878C01609E45004F078801619DC
:108BC000E4400AF0FC281239E040104993213C2E81
:108BD000E800420881C17E048085A10BA11B8B1493
:108BE0007ECE80B50BCE81110D248101F0A84862A4
:108BF00082A10934F8204801F8604821F840483142
:108C00009C089016EE5581AD0C0CB8F1DD93F27C0A
:108C100058120033143EF080F09040320000190DDD
:108C2000001BEC0402C081513C148C04FB04442260
:108C30008235843D885B040DC0000016D18C400253
:108C4000D0884A02DD93845EFA3C040CEC201EF0CE
:108C5000828B0A6B847B11948C1B080B6FFC6988D8
:108C60000101902B856591A18835A10B60801215BB
:108C700012458131902B6040E0601255BE9E9C08E9
:108C80008C1B3C1EEFFC6B088435A10B6080121519
:108C9000E480049060401245125581319E08E060E6
:108CA000902B3E2E8C1B3C1EEFFC69E86C0414A03C
:108CB000A1AB889190F1F655F23C0C0CC1C3DD9349
:108CC000FA3C040CEC201EF0827B1584846B179414
:108CD0008E2B13046FFC65C80101901BE00814C6BD
:108CE000A10B857512158855813168C064601245E5
:108CF00012558E2B9808E6903C1EBE9E6738901B3E
:108D0000A10BEFFC12158455049068C0C00264C02A
:108D100064601245125581319A08E6908E2B3E2EE2
:108D2000901B3C1EEFFC66086C0414A0A1AB88915C
:108D300090F1F635F23C0C0CC1C3DD93FA3C040C07
:108D4000EC401EF0809B1584847B0A6B008082AB14
:108D5000088064503C0EE410E4400A80EFFC776821
:108D60008415A10B67A00280E760008004807E1E4E
:108D70007C2EE7903E0E941B7A388E2BA10BEFFCD5
:108D8000A0F180A5F23C0C0C1744DD930E1B920B56
:108D9000103B8C2B0C0CA0F18115F23CFA0C040C4E
:108DA000868B086B847B020B6FFC6D88100B8C1B11
:108DB00066388C1B1009EFFC0000E358E20DEC0C48
:108DC0001C0040709C0042608FFC5AE80C0C810132
:108DD000DD93F20CF83C044C6201025B81C140015E
:108DE0000CC485950E64FB808263608460010C89ED
:108DF00082734002E8000E7B06A5C487C4777C20FE
:108E0000FC1C00955082D3AD5095D08C0489C000D5
:108E1000A18BE0300C6082C54008640198688073C3
:108E2000C4679C747C1808858863CF77988E8E837E
:108E3000588A82C1F4D5EC140C4C8101DD93F03CCE
:108E4000F87C04CC81C10F4E81610D3E640900396C
:108E50008745C00260340299FA800EC4603002B9BE
:108E60000485C477A1BBFC1CE5A6548A6526508AFC
:108E7000F09C5222D187F0A756820F848E83F9A8E6
:108E80008DA4A0BE8EA302C5C65AA864E516486A82
:108E9000E5964A6AEE57D347F9944C42A0BE8CB38C
:108EA000807324444E4582C1A844E904E9444E45F8
:108EB0004E65A0444E45E9C4588AE984F275F40C25
:108EC0000CCC8101DD93F07CF800044C8141193118
:108ED000185483954C12608402C3F094185B82414D
:108EE0000CC9E800C0026001E0880C547C180065E1
:108EF00004C5C4C7D96DFC30D0804A520C014A3138
:108F000002CBC00440016201FB800A44F855D95DE0
:108F10000C4C8101DD93F000FA7C040CEF101EF084
:108F2000848B026B64090C09807B4002651002F09F
:108F3000E61004F0813101650000493EC53EEC04B5
:108F4000FE75A10B661012F0E51014F08C1B0E0BD1
:108F5000923B102B6FFC740816F0944B8C0B641032
:108F6000922B101B964B143BEFFC76C88C1B0E0B00
:108F70006FFC7AC80101962BE7101EF0F27C0C0CF6
:108F8000C1C3DD93FF010024832D8414000000067B
:108F90005D93822DC0000016FA7C040CEC901EF04C
:108FA000829B7E2E02063E0E0921E01068F1064EDD
:108FB0004EF8C010920B6FBC811101018101090EA6
:108FC0008381111E81A10F1E81317C0E0D3E91A562
:108FD000E088007412058B1E4C78FC000C74E800CD
:108FE000010A6084C00164004C03926300046800BD
:108FF0001E1580844002800400B3908400010C019F
:10900000C00C4126C0085E0547FC57F6FBFC100A61
:109010007EA486C5E48004F0647006F01419960BF3
:1090200047B8E0281409E800808B602CA10B2802C7
:10903000400E82454206602E400AE0F8AA12E08601
:10904000FA0440028111090E81A10905008A8B04EE
:1090500014A0F43C02F604040CE580008000100625
:1090600089148F04F18040B2F080000482C5830D22
:1090700004F07E0406F0E4800019E470960B60288A
:10908000E8004428818102A10B0483F5E48004F008
:1090900006F07EA48201E470E0281419960B0B0EF2
:1090A000E80043C8602C14092802808B8245A10B7C
:1090B000602E400EE0F84206E086400A4002AA1206
:1090C000090EFA048B1481A192730D344E118F0492
:1090D000C00260016C004CA34C038231C0016409E2
:1090E0006201120B0E344001C17DFB800010DC35A3
:1090F0005201E404C0026409C8F17C04F27C0C0C47
:10910000C1C3DD930A448844AA43E90481010043B2
:10911000C34F084EDD938C4EA30F0C0E8101080E39
:10912000C1C3DD93603C0209A10B803B40960665FC
:10913000483A8008403AE0020844E1028243FA805B
:10914000EC7008498101490D861382A56B710219E3
:10915000F41DC005460680F5464AE0648311648428
:1091600081118045DD93881600045D93C1C3FA80A8
:10917000FA7C040CEC301EF082BB007B677110702F
:1091800012704011C003677181A13EBE810101616F
:1091900000A4852504F07B807C58E4208E1B6FFCA6
:1091A000A11B91181FFD43FE56159FFF82E580000D
:1091B00045FE201ACFFF7FFDFB800C64E017826123
:1091C000AC1EB41FC41DA414C00040C688B102A1C7
:1091D000889104816001140AF695C00198F13E144B
:1091E000620142630C0CC001DD93F27C81015D934E
:1091F00060380019A11B81210000021680084096EA
:10920000CC2A8625E02806097CC00824484AE227A3
:1092100002106686010AEC0440C66440442AE0005D
:10922000080660120006F000422A80004242E686EC
:10923000CE2CF184E0104613C1C3DD93FA3C040C3C
:10924000808B066B60380C09210B847B869581012D
:109250008E1B100BEFFC78E8409600AB140AE00878
:109260008445E2A4677112808E1B40038C2B120B85
:10927000EFFC69484126008BA18BE00C9C0050A0BC
:10928000E3C8100A0C0C8095DD93F23C8E1B120B88
:109290006FFC6448A10B8C2BDC0050000C0C900B75
:1092A000DD93F23CFA00004CE1001E06619C004692
:1092B00066388311C1C3EFB8FA0C040C806B027BD3
:1092C000603C41F673D8811181816FBC60004276A9
:1092D00062988C0B7ED8E8248C0B680CE13C0086ED
:1092E00080188004F1FC421000C600168004E1449E
:1092F000018600868004E144404600868004E14403
:10930000404600860C2BEFDCC0156E0973F5422039
:10931000444A40FF4C13E098C0156E09F8700039BC
:10932000F3EC4430F87040214C818445402B6C2193
:1093300073F942104C13C0FFC0156E09F82040812C
:10934000F8100019F3F84210F8104011421080187C
:109350008016F3F8421080188016F3F4F8300019E4
:109360004011C8194081F8300009E030400AF83057
:1093700082E5E08843F61C04FFC06FFD020E020F79
:109380004000F000C3007C019C049C0E9C0E820FE8
:109390006E0D0C09A30BC0360C098415C03863117F
:1093A00041C6A30B002012FD000102064C81BFC183
:1093B000803803118000401568005FA842868C0B3E
:1093C0008C0B6000E8245B08EFFC76E8FA00040CE4
:1093D0008B11006BE8285688612400C6E000420625
:1093E0004C118004402B6C1D00168111E13C00865D
:1093F00080188004F1FC4210400600168008EFDC63
:10940000E080400A0E090C0B4000C015C0FF137D20
:109410000E094C038C0B4015E8005CA8E8005C08C2
:109420006144404680048511018600168004E144B1
:1094300000C600168004E1440C098016C02B6C2184
:10944000EC0402008495E71DEC2C020084B5E71DB6
:10945000EC10020084D5E51D8625AD0B8665B30BA7
:1094600086B5B50B0C0C8C0B2058F2008C0BE05819
:10947000F2000C0CE04035480C0C8C0B0838F20064
:109480008C0BE054F2000C0CE04C10C80C0C8C0B54
:1094900085B5F2000C0C8C0B8575F2000C0C81016B
:1094A000DD93F200FA00040C8111010168207DA80F
:1094B000034681618331614C08368424E11444C63B
:1094C00090368844086688248414872183110426F2
:1094D000F2000C0CE0203C68611440C6800483114B
:1094E000C1838016DD93C713FA3C040C0C09806B12
:1094F000C02B6C214096B30B4C018000802B0C1DBF
:10950000406682254C01E000402B6C1D41788C0B9D
:1095100040F8E8508C0B681861D10C09807B40152D
:109520006C790C19400AC02C8201E68667F9008A22
:1095300041D6C0030E66003C00048004A17B5A8023
:1095400066314C038245C0166C1D0C298C0B402BD8
:10955000680C7048A10B8E1B47B898758C0B68443B
:109560006C210C09807B402B8855B30B92D5A17BD5
:10957000683C72C8007B8C0BE13441060296000403
:109580004C11E004C02B6C1D000E00160C19FFF8E6
:10959000C02C6CFDE3F0020AC40400106CFD4C0109
:1095A0008C0B402CE8044BE88C15A17B217B878534
:1095B000E00040666C1D4C018A15C02B614C55467D
:1095C00066E010602804C0A3676112600260C09F5B
:1095D000405465C1654104600660C054405466D182
:1095E0005ED8904B925B6FC0A17B807B280482F594
:1095F000663102600860C0AD40A164716178902B53
:10960000923B6FC0A17B807B0C2982E5402B6C1DB7
:109610006A388C0B8E1B680C8055A10B8E0B8171E8
:10962000F23C0C0C2804DD93648104600660C09950
:1096300040A2652150D8901B7395EFF8C1C3807B81
:109640006451008A80F5C0036118014680048711C7
:10965000DD9380166439008A80F5C00261180146E6
:1096600080048511DD938016611803466418014A51
:109670008414C001E200000CDD9384066661028A56
:109680000306C003046601040215800086C580003D
:109690006499028A0306C00304560104021580007F
:1096A0008485800066C9028A0306C002044601045C
:1096B00002158000824580006495030A030640027B
:1096C0000414E1040426872104268000E104030633
:1096D0008418841465794011DD93C02B030AC417E4
:1096E000C00F6681028A86F5C00F64F5010402C6C8
:1096F0008000040680000215028A8485C00C66CDB5
:10970000010402C68000041680000215030A824587
:10971000400A64A1E10402C68521041480000436D5
:1097200002C684268414E10440118418C02B657598
:10973000C1C3DD93E1180586882888240015A12B74
:1097400000090E0DC1180546C000042581B00214A1
:109750004000042984040210C4040420C00A421AF0
:109760006E014013DD93C015E12401468428801466
:10977000F3F84420430604268414E11404248428C6
:109780008426FC9484288014F3F4442080048426E6
:10979000421080188016F3CCC1C3DD93E12401464A
:1097A000801880048016C219C1C3DD93FAFC040C32
:1097B0000026006B4C01E00C402B6C1D65188101EC
:1097C000811168206FA90C15251BC00BE1240346ED
:1097D00082458424424A881880C5E0800C0C83119D
:1097E00023F8F2FC3E0EE02088188C0BF3F84210B0
:1097F000028608167578E00C81216850614410C615
:10980000E1485386FFA12004E1245746C70780089A
:10981000F0044E0080C5A17B6FA90C05A50BC00B01
:10982000A40482D5940D80000C298405402B6C1D66
:10983000E00C0296680C592881958C0B8008A004D6
:109840000155C707F0044E00EFFC52E88004AC0459
:10985000F835A10B83113E04F2FC0C0CE02020280B
:10986000FAFC040C0036007B4E01E00C402B6C1D12
:109870005F788101811168203E0E8181E12401C65B
:10988000554600048086E1248064A8048E0B0014F1
:10989000E82074A843A603910321E00C70388E0BD6
:1098A0004186E8508014E1140346048C8414E124BA
:1098B000C4298428434604260414E11884B883216B
:1098C00002C604868414E124028604968004E00C17
:1098D0008E0B009CE8506E88612401C68004A9119B
:1098E0008E0B0096E8207208600C02866DB881210C
:1098F0008E0B6850E14400C6800880045200C70700
:10990000120AF00480C5FBFC6FA90E05A30BC00B67
:1099100001C686B58004E124414600868004E11832
:1099200000C600B68004E124014600868004E124DC
:10993000421080180016F3F4E00C02A66C1D0E29EC
:109940008E0B402BE80C50A800C681858004E144B2
:10995000C7078008F00452008004A804F445816B16
:109960008E0B2B11E8206E080014A8046DB88E0B26
:1099700001C6E8208004E124414600868004E11805
:1099800000C600B68004E124014600868004E1247C
:10999000421080180016F3F4BE048311F2FC0C0C84
:1099A000E02016087001000602064020FFC060019A
:1099B000DD93801EFA0C040C808B027B8101046B0A
:1099C000682055084386811149C661480424E1484E
:1099D000700102060434C0208858A18B08489024E6
:1099E000600104060CC9FFC0402B6C19A65F843FC0
:1099F00060C7D0474652A85F0C49F9B0C02C0CFD97
:109A0000C0E00844442200B5A17BD09049FE80C547
:109A1000C03F7FFDA43F883F8311043EF20C0C0C35
:109A2000E0201208FAFC040C5006006B0C09E1A0BF
:109A3000402D67CD209E8191E14C05C6E080400A13
:109A4000C00000160CF54C014006402C8004E14C8F
:109A500088048074E1E01674E0E014B4FCC002A451
:109A60000074001E0814E1C0FCC404A4F010000A35
:109A70009405842EF008000A000A9885AA65F00C67
:109A8000F004000A40001368C14C17C6025604AB2C
:109A90006ED8E0108C0B682061980546FB8000743E
:109AA00072FD49C602064020C020730140122043C7
:109AB0002014F180E14C17C68555882A6C080A40AD
:109AC000775D807BE1900A3473FD4A500816400FA1
:109AD000484A8000E13766964A30843341FF73F18B
:109AE0000600C5478253641088CB016518C05D84A9
:109AF000D58EEC04FE75A1CBE0880A447094480230
:109B0000F094403248309034BF4BF03C1F15F615AE
:109B10000256942B8C0B608068206AA80C0B847B07
:109B200040156E09E14C17C64000AC14C0FF72F13D
:109B30006E094C038C0B4015EFF87C088E2B1BA58F
:109B400002563E2E6938E0208C0B68207B80007422
:109B500072FC43C64012C02002467180C02072C011
:109B6000041000340991E40017C68811083EE14C46
:109B7000E198054608CA85A5EC080A400A34775DD5
:109B80004A50E190400F73FD800008166696484ADF
:109B90002074E13746C086C341FF73F1E1880A446F
:109BA0008ACB0801827B0E334DA48155EC0418C08A
:109BB000A1CBDDAE0034FE75FB80189488C34457FA
:109BC00012C00A13C53EE410F03C4830F495BF4B78
:109BD00091F5BE246040025664988C0B4C91E820AD
:109BE000403864C54A588C0B45D8E8000C0BEFFC94
:109BF00040156E09FFFC03EEE8000E0A4200820FDA
:109C000040007C044C13FD0440156E09E198038666
:109C10004C03849E40156E09FB80007462E54CB1D4
:109C200017C640158E05E14C72FD49C60546402019
:109C30000206E198402073012014A043F1804012F5
:109C40008555882A6C080A40775D807BE1900A344C
:109C500073FD4A500816400F484A8000E137669667
:109C60004A30843341FF73F10600C54782536410C4
:109C700088CB016518C05D94D59EEC04FE75A1CB20
:109C8000E0880A4470944802F0944032483090349E
:109C9000BF4BF03C0C19F61540156265E14C0046CF
:109CA0008819800444208028A22FF3EC0C09802618
:109CB000C02B64C56C214C018C0B402BE8004588FF
:109CC00000602044C05465017B80040419118101A7
:109CD00072C106464F58C0202C14E800002E9F2168
:109CE0007C514EA0847EC300EFF86DE8A9910E2B45
:109CF0006001020600947FC02C24FB80A01F841FFB
:109D00007C014010880EC30067CD0C09400AC02DAD
:109D100080E5E0806C110C09400AC02B8095E0982A
:109D2000F2FC0C0C8C0BDD93F2FC0C0CC1C39FA558
:109D3000FA00040C4186006B8014E148442084281A
:109D40008426F3BC84288014F37C44208004842679
:109D5000421080188016F1FCEFF87A688311010137
:109D60000C0C8C2B2278F200C1C3FFFCF81C040CF5
:109D70006141001908004015C0D9660161450029FC
:109D80000A004015C0D965C16211003991C1401562
:109D900081710161E686442A621D00194021C015C7
:109DA0004015630940318121C015630D061007C5B8
:109DB0000C4AE4400C1AE000400AF87C0A50E184A6
:109DC0000E06041094848000500A51848225E49C7D
:109DD0006C34128012DAA18B420AE4088095ED807F
:109DE00082610271BF8B8505A16B88250095824534
:109DF000C00D696D12C0936B4093842080160BE1F7
:109E0000F03C528002A5B99B9B8018C4A19B498756
:109E100073FD508018C4400F508AFB8090C3C6A6C3
:109E200088C17D05E5FC0D0A4023F0A5400A689530
:109E3000FB8008C4688940138833400A6FF1068AA2
:109E40000A34402B0049FB80002D07CD40138811B8
:109E5000400A688DEC040230689140330606400ADF
:109E6000C0207001688540130214400A4840FB80FE
:109E7000A61F1C2007CD40410045802DC00D6969FB
:109E800064F940154015C00BC00B64FD8941095BA6
:109E90000E09002B4043C015C00A688112FD442002
:109EA0004023C0FF40150E09E14004460086082407
:109EB000881EE140801E8004F01C0C0CC1C3DD93A1
:109EC000F804040C61980B46E0900C144E0014CA80
:109ED0000C64F03CA10B7B8000162E6F5822800092
:109EE000401A71B004C4E68202C460C0246FFB80D3
:109EF000496E862B945AC507020002534A50E40467
:109F0000C1FF73F18A43016500005154C95EEC043E
:109F1000FE75A10B4032C4170C0CF084DD93F004E5
:109F2000FA7C040CEC501EF00C09806BC0366E01FC
:109F30004060A30B4F789C00410688000296613474
:109F40000004E004E1A050066C1D4C118171402B0F
:109F50000016A07E0C0B8111C0156E0973FD400028
:109F60004C03C0FD40156E0967B881017E0EE81CE8
:109F7000E148418641C60014FC1EE1488004841873
:109F80000C298008C02D67CD68890C0B0604400A97
:109F90000229E0A03E3EA61F241FF0274C15C5074E
:109FA00040026801643106608311C0284675C11DF6
:109FB000021058047E75C404C4100630618D0C0B69
:109FC0000860401CC0D9660165C10A6081B140D9F2
:109FD000BC0E81A1F8044605090EA004E1980146D3
:109FE0008101009A144A8B85141AE000400AF87C1B
:109FF0000A50E1841606041094148000420A511499
:10A0000090E5E4AC8425A1AB696D0C2585ABC00D52
:10A0100008910C0B4000800A80FF13F190984002D9
:10A0200006000EA580280401EC34041080B5E42D50
:10A03000BF1B4D1E87258AD58A65A11B703C581011
:10A04000E1C00414B9CB0C1E848B01714917824501
:10A050004E10A1CB400F73FD4E7A808BC577C6B2F0
:10A060009223091473F14020883141FF0203862BAB
:10A0700081A58E1B0210218B00C5EC048801000015
:10A08000000044C5A11B88214477FCD58E33900B7A
:10A0900082A102B1E5FC150A9D01E8E59F010C0EC5
:10A0A000BC048E0EFC04CC0E0C198008C01562EDA9
:10A0B000F017BE24A20FA40F68014C058C0B4002C0
:10A0C000E8104AC8E148418680188004E090420ABE
:10A0D00080188265421080284420F080A22FF37CF3
:10A0E000F88042207E0480165BB883110186E81C4C
:10A0F0008004E1980C0BA30B80150E099CA40004AE
:10A100000E094C0380858015680049C803018C0B3B
:10A11000451881118C2B6FFC0C0CA8F11C38F27CBB
:10A12000C1C3FFF8F87C040C6309001981214015B4
:10A1300000C9911540366E09FA800824630D006944
:10A14000460240150659F090C0156F41586AA1CBE0
:10A150000C306692C0DB66106E1146518645C036E3
:10A160007A800EC412848181CB9DFA80549284053A
:10A170005602F09C16B9F0A8C01A6E417C85B9BB96
:10A180008404108094CB32538145985681710B9B87
:10A190000A8A80A5837174081876807518C48E5B4E
:10A1A0000C007A80C058664060880EC4E088124473
:10A1B0007C1C0C85661014001493C0DB0A0A8C7397
:10A1C00082217BFCE0405285E8000E85624052858A
:10A1D000E08410C464000E7518638C83D08058C26C
:10A1E00061405275E08412446801107B94934001F1
:10A1F000527388A3107BE680C0016C01E780527324
:10A2000060010C795471C004C001610164010C4902
:10A210005441C004C001620168010C495441C004AA
:10A220004001630118498141C01A0E416211464143
:10A23000448AC038DED5F404F07C0C0CC1C3DD9335
:10A24000FA84040C8101006B681C50C80C1B81113E
:10A25000400A68910060807B402864017001040618
:10A260008811C020C517016502104134C93EEC04B5
:10A27000FE75A11B6148418680048C2BE019801873
:10A28000830100166FF8798850D881117D18EFF896
:10A290008C0B680C618D0C0B8311401C4C038201EC
:10A2A000401C618D0C0C8E0B0DB8F284C1C3E01CF8
:10A2B000FA00040C4386026B0414E148E09806049B
:10A2C000F100463044208428262FF2FCE1980786CE
:10A2D0000C0E84260C1B820940156E094210D00713
:10A2E000C0FE73FD4C13A01FC0156E09EFF84DC8DA
:10A2F000811101010C0C8C2B35D8F200C1C3FFF881
:10A30000E10001868008800482095D93C713C18340
:10A31000000CDD93C0006101FA0C040C8101006B9C
:10A32000828B047B65394C010460402CC0B16541CF
:10A330008C0B0311E80042888C0B0311E8004E28B7
:10A3400080D5A10B68485988A10B8C0B0C0C80851B
:10A35000DD93F20C457601110931E0005D588C0B5C
:10A36000A38BE848A10BFCB50C0BFC7552388E1B77
:10A37000A10BE8000111FAB58C0B8121F20C0C0C39
:10A38000C1C3B145F87C040CECC01EF060044686E5
:10A390004031A51B402B6C1DE0040E06A1810EA5CB
:10A3A000AA35A31B600C41E6E00C59E601A6170E86
:10A3B000110EE004E004012601860F0E150EE004E4
:10A3C000E0040006A1010B0E0006090E7E0EE0045B
:10A3D0007C0EA101E004018601860D0E3E0EE00414
:10A3E000E00401A649F63C0E4BA6E00C03A6600C67
:10A3F0000706E00C110660040DA6E00413A6600435
:10A400000FA6E00C55A6600C13CEE00CE00C41E664
:10A4100057F605950006E00C891160089101130EAE
:10A420004006170E0D0EE000150E85010B0E830180
:10A43000090E81017E0EA1017C0E83010F0E8101A8
:10A44000110E85013E0E8101E000400681313C0E77
:10A4500081910161140601510101E0041606814158
:10A4600081C1E0088BC488C689C48AC6FEC4C8C638
:10A47000FCC4CAC6E0184481E0144431E01044C171
:10A48000E01C4431E0204431443195348F34E024E1
:10A49000E028443144318D349134E02CE0304431B3
:10A4A0004431BE34BC34E034E03C4461E0404461BB
:10A4B000E0384431E0484491E04C4471E0444411B8
:10A4C000E0504411E05844A1E0544451E05C445150
:10A4D000E0604451E0684401440193049704E06C57
:10A4E000E07844B1E0744441E0644401E070440128
:10A4F000E07C4441E0F10101F07C0C0CC1C3DD9330
:10A50000FA04040CEC901EF0806B251B81010425DD
:10A510009295A31B654102608C0B40B1E84862E84C
:10A520009095A10B4C018301C02C6539428687E5CB
:10A53000040660044C11E004402B6C1D60110206FF
:10A540003E1EC400091C83111516A111E00042062D
:10A5500085711F16891125163116AB16AF2691117C
:10A56000040635269706E0089B769906A1769D0697
:10A57000A706A306AD06A906B706B306BB16B9061D
:10A5800060805E11E41002F0BF26BD06E0845E012B
:10A59000608C5E015E218C0B5EF8E088A10BE848C0
:10A5A0004C7180B5C02C6539C8F18101F2040C0CE6
:10A5B000C1C3DD93FE7C04CC806B027B649002F00F
:10A5C000E48004F0E810496860901E89E0040E2AD7
:10A5D000E0801E79400101880460C00040B165C17F
:10A5E0000155993149168111EC040630FE95A13BC5
:10A5F00065F104609D3140B1491C8145EC04063091
:10A60000FE95A13B15C601910785EAF0A10B81B12A
:10A6100040628E15047470A8009CFA80E09000845B
:10A62000799C4202F0AC40626EF1401143F6402B3F
:10A630008000400D603140914011C02C802C42B10F
:10A6400043F1401102B4002C4091FA80002C41717A
:10A650004F588C0B1E89E800008060900204E404CF
:10A6600082B17A80048084A1434AE424020CE40885
:10A67000500062000273DC00170A8101F205E53C1C
:10A68000F67C0CCCC1C3DD93FA7C040CEE501EF0BA
:10A69000A11B006B65390C09848B402C42668A250E
:10A6A000A50B60046C1D4C118191402B81B102C53A
:10A6B0008C0B0511EFFC7268A1BB80BBC0000BA81E
:10A6C0006804544880BB8C0BE440108AA1BBA2757F
:10A6D0000C29A235402B6C1DE00042B6680463E8EB
:10A6E00056B68C0B230BE0009ED58181230B95255C
:10A6F000E00440A66C1D4C018205C02B8C0B03119D
:10A70000EFFC7008A1BB80BB00C6A49502F06008F6
:10A710000155E42045B681B1EC040000FE95A10B83
:10A7200010600101C0B0657181013E0E15063C0E3E
:10A730008955E00478811009951140016190120457
:10A74000429A9E098203E686E630010A034680F5B6
:10A750008414E134B71B84140C2982F5402B6C1D42
:10A76000E008033668045FA80F368C0B230BE00863
:10A77000E00800C6A1BB88054EB006D52018DC0055
:10A78000E42004F06140140A8816802300045E95DA
:10A7900080000E0680005E953E0482C50004817133
:10A7A0004092FA80BE0EFB800004BC044092FA8006
:10A7B000BC0EFA806C0414A08EBB8281EE75A1AB36
:10A7C0008CF5A1BB0004BC04C407FA800E003E0453
:10A7D0001204E4108C0B7A80680054A803D5C49747
:10A7E000A1BB80BB40F688D5400061A181B5811135
:10A7F0006080420A1029902B06F05C000233E420AE
:10A800008C268211E230020A0C0BFC954B58901BEF
:10A8100000BBE804E0004F768275A1BB7A80029409
:10A82000FA800474642006F049988C0B80BBE848D9
:10A830001EF0160B0C0CE650DD93F27CFA7C040C37
:10A84000EC301EF0828B009B0C907C2EC0AF6471AC
:10A85000F0A05462E2801419E8004C88807B4287A3
:10A8600067C000A03C6E9063654512903E0EC0B17B
:10A8700001A181B105558181FC248161F80412098F
:10A88000440AA418D007E08048004D080E0FA20F1C
:10A89000FB8002648245830B1084031114A4FA80A8
:10A8A000B71F7B80828122AF3FBB806B1E0582B1C8
:10A8B000849100048000408180001E05800040A338
:10A8C000E040160A0101F6750C0C98F1DD93F27C5C
:10A8D000E57C030A041482B58E19618C0009840397
:10A8E000C02C65C1E484404AE200000C5D93DD9316
:10A8F000C1C38101FA00004C64710000041440AF30
:10A90000000BE08480137C08E5000219684C68287D
:10A91000D0078211F200084CC1C3DD93FA7C044CCD
:10A920006C590019829B402B887B0A6B84AB068B89
:10A930008111231BA19B8825A1AB80A5A18B8065DC
:10A9400000298295402B6C1DE008429668045068EF
:10A95000E00856968445A30BE022407AE122427A31
:10A96000E02A400AE026421AE6A2400AE026400A0F
:10A97000020282031816EFFC960B81B1F27C0C4C9C
:10A98000C1C3DD93FA7C044C6C59001982AB402B97
:10A99000887B0A6B849B068B8111231BA1AB86E508
:10A9A000A19B80A5A18B806500298295402B6C1D01
:10A9B000E008429668044D28E00856968405A30BEB
:10A9C000E022407AE122427AE126400AE12A421A54
:10A9D000E6AA400A020282031816EFFC960B81B128
:10A9E000F27C0C4CC1C3DD9361900414442AA9315C
:10A9F0000614668E8E39E1848121040381310603B9
:10AA0000000001E5C09C678170140049E080420AA3
:10AA1000C1900844254F9E49A83F8821E040040A80
:10AA20005D93FC95FB8000349F21011181310395DA
:10AA300068840824FB800634E34F804F618C0A440D
:10AA4000E184184484C902591844385F4647E084B9
:10AA5000385F88C9A85F90498811235F020AAA3F1E
:10AA6000F8F5E04000345D93C1C3FB80FA7C040C30
:10AA7000EC701EF09D8100AB81911E0B9D11015564
:10AA80000210419CA11BEC0400A0FE9540B165F1B1
:10AA900081459D110210419CA11BEC0485C5FE95CA
:10AAA00070A44CA2FA800E946EF10CB9940B402B5A
:10AAB0006FFC7108000A8E1B86B5F0046CE914095E
:10AAC0000C19C02CC02C62B1FA800004FA80021468
:10AAD0008435830B73C040B047079E1B022B9EB981
:10AAE00083317C008013373FA62F940B8E1B042CE0
:10AAF000E8004248120A8291F475E140648D00E654
:10AB00009E1B40209D2101650420453AC13CEC0478
:10AB1000FE75A12B648D40A69E1B4020452A8155C1
:10AB2000EC041080A18BC12C7758FE75940B6844FF
:10AB30000C0CB8F1DD93F27C833100136EF1021935
:10AB40000414C02B9E19618CA33F3C29002B840365
:10AB5000C01662F94033A43FC01662F9C1C3DD9349
:10AB6000FA7C040CECD01EF002F0009B5C18E4C0F0
:10AB700004F0680C1239E4B0C02B6C496C41120926
:10AB80001219C02BC02B6C456C4D12891229C02B99
:10AB9000C02B6C39403A8D3E1239E682C02B6C3D99
:10ABA0006686548AE188020452019101402664813C
:10ABB0000F2EC5A75221920BC02664915231893EB7
:10ABC000C02664B112B98B1EC02B6C516C55126932
:10ABD0005211C02B402664D1E4A002F064F152A1CE
:10ABE00067D8C026807BE80CA655A17B066445B7D4
:10ABF0007CBEE1888065A1BB82F5A13B6C1D12295A
:10AC00004296402B120BE0087A78866B4E966800CD
:10AC1000230BE008A0858C3BC5870D044BF67C1404
:10AC2000488AE00C81B1600E440AC5078F04E00633
:10AC3000BE2E8B140203BC4EE68A424A0000092451
:10AC4000FE0EEC0400A084A381A16C0452118D0EB1
:10AC5000C02C653D4C928BE50C09F0ACC02B6EF11D
:10AC600062B14C514C51C02CC02C63F1F03C4200FD
:10AC700092D5C51DC81D8D447E149275C20DC9079D
:10AC80008F1490F59095C30D618C00B4F01C44B006
:10AC900083413E09044412030019E888402C65C131
:10ACA00008A4868B0AF07A807C14E490F988581204
:10ACB00004340B3440C1FA80402C65C10214920B5D
:10ACC00062D8FA8006346FFC807BFA808A15A17BFB
:10ACD0000AF03E041E49E4801E39E0903C04E0A0E6
:10ACE000FA80020463F14C410404C02C920B7A8078
:10ACF000EFFC64A8A17B807B1E09847582A1608023
:10AD00004BF6103B4C01E00CC02C62B182B189249F
:10AD1000E53C170A4098E825920B68000E0B807BF3
:10AD20000C0CE8F1DD93F27CFA1C040CEC301EF004
:10AD30008181006B6C590C09A30BC02B02F08A8532
:10AD40008C0B6420E80C5D8888D5A10B6FDC400675
:10AD500080088191E080404A04F100600060C0AD4D
:10AD600080AD04F90315800AFB800E047A8002840A
:10AD7000E41008F08C0B0121680042887C0A8E3BAD
:10AD8000FB80129480938281C18DFC044C93FC154E
:10AD9000C016629998F18101F21C0C0CC1C3DD93BD
:10ADA00082F5FC1D021483318211FA80F438030A03
:10ADB000081482150834FA80804FE890FC85A14B76
:10ADC00081010816C1C3DD93FA7C040CF80010FC65
:10ADD000ECF01EF0805B029B63FC120AFC2E8101EA
:10ADE000900CBE4E80000B9810504937C0B066B131
:10ADF0000E503C3EC0B0643181A101B181617E5EE4
:10AE00000E098585930BE3C0FC04883580F5A30B00
:10AE10006CE90A09A018C02C8615830B7A8002B44D
:10AE200055788A0B000AEFFC1E55F00482D5C00C41
:10AE300002A41C0804F0E08882A1645082237E549E
:10AE4000806370AD804588BE02B181958271828138
:10AE5000E53C170AA1ABF4E50A8B9EE5C0156A7DB7
:10AE6000C987BC14FB8000146A810A0BD10D401500
:10AE70009C005010FB800284C01DC907DC005000FC
:10AE8000EC18510A3E148465E090006400F0040C54
:10AE90000195E45041249F11EC0414A044118A232D
:10AEA000C02C6171FE15A1AB81318B750034850515
:10AEB00002F060880215E4500014FC008A03E0846C
:10AEC0006E39002B810140158285A12B444A8101F6
:10AED0004420E08040FF13F9C404000004247E35C0
:10AEE0000A13C18442018231C02C6171F815953B6F
:10AEF000947B21068323A1434E8AABE38A25EC2071
:10AF0000645012F082B1FFB18845D5BD0050246471
:10AF1000C0AF6471E44004F060840264000B80639D
:10AF20000C19FC0473D8E5002108EFFC0C1988917A
:10AF3000830BE500050102600E7440014201DB80D5
:10AF40000E7040007E54C404EC204E8AC1C3F6B596
:10AF5000C8773E040101807C18FCF8F10C0CF0006D
:10AF6000DD93F27CFA00040C0246026B0414E12823
:10AF700084348321657500190045C01BC0066D49E6
:10AF8000657900098231401BA111232F880B212FE5
:10AF9000EFE875488101180EF2000C0CC1C3DD9377
:10AFA000FA7C040CEC501EF0887B008B650D1009B8
:10AFB000826B402B60880274101384AB230B8121B9
:10AFC0004225869BC00B61A5A70B8225100B8C75B3
:10AFD00040156A79910C81B13E5E8505669100103D
:10AFE0007C0EC0B142B8900B8E1B680002F049077E
:10AFF0003C1EE440FB80160464300AF00C1B900BEE
:10B00000123B942B43B8964B7E14E800FC24A10B12
:10B010008435881EBE54910AFB8006040416973BB3
:10B02000408040004270DC0048505C006CD8DC007E
:10B030008101CFFC0C0CA8F1DD93F27CFA1C044CCE
:10B04000807B026B81810191407283250009F0A40D
:10B05000C02C63F1E3FC000A8D0B8225029480F57D
:10B060008E0B7A80EFFC448882918083E140120A43
:10B07000900BFAB5F21C0C4CC1C3DD93FA7C040CA6
:10B08000EC501EF04006006B0004E118191482BB5E
:10B09000088B8A7B0008869B7E1E84AB64F8911126
:10B0A000002BEFE8E44000F00A843E0E3C7EE09086
:10B0B00064E10660160BC0AD4DF8941B924B6FB463
:10B0C000A17B807B0C298265402B6C1D54588C0B16
:10B0D0008E1B68008101230B090480E5C90781717B
:10B0E0006FFD00027E14C0FF040CA8F10C0C8E0B47
:10B0F000DD93F27CFA3C040C0E00026BC0B065716B
:10B1000064711000810140AF6004130683759DA136
:10B1100078810E194410C001C917703CE6AA442A70
:10B120008D2B822380000E198000100B08486728A1
:10B13000840402106C04129084818271FA35A19B00
:10B140000C0CD007DD93F23CFA00040C0206006BF5
:10B150005DF8E28043F6E8480586600C7B98E010D5
:10B160008C0B6FA8457601110C0BE0000C0C8C3B8E
:10B170003E38F200C1C3E040FA9C040C4096006BDC
:10B180004C01E004402B6C1D0206827B8C0B62801C
:10B19000E8485C08E4400E8A0C2982D5402B6C1DDF
:10B1A000E00042B668004DA850B68C0B230BE000BF
:10B1B0008C858171618800740609919104948311D2
:10B1C000A11F69804022C82781117984441281A57A
:10B1D000044AF91C4462F80C82115084C0004401F6
:10B1E000E040020A0111FCB50C0B9F2167B88C3BB3
:10B1F000808BE8408455A18B6AA90C09A30BC02B56
:10B2000000608435408B66B1E0100206411E814526
:10B21000EC041290FE95A19B900B8181F29C0C0C8A
:10B220000C0BDD930C0C8C1B1C78F29CC1C3E03C16
:10B23000FA00040C61004C46E004453640219814A5
:10B24000C02B6C1D442084288426F3EC8428981499
:10B25000F3F84420434604266258E01C83216844E6
:10B2600080189804F3F442100C0C8016DD93F20061
:10B27000FA80000C4186003B0004E148E0040946E6
:10B280006C1D46418048C02BFC9C084441C60046CA
:10B290008004E148830100166C2546218111402B72
:10B2A0006FF078A8080C862B0FD8F280C1C3FFF08E
:10B2B000FA3C040C8101006B68144D4881818111B6
:10B2C00068286FC81286807BA404E13C4210801875
:10B2D0008016F3BCE83072C8951103A18C0B0321D2
:10B2E000E8445E28E11041468486801480A68004EC
:10B2F0008018A4040016E01979B88C0B00C6EFFC86
:10B300008004E12C421080180016F3F8E118410681
:10B3100000868004E114410680188004F2FC42108B
:10B32000414600160004E11400868311E1144186B1
:10B33000008C8004E118000600868004E1180046B5
:10B3400000868004E11800C6008680040C0C8E0B79
:10B350000878F23CC1C3E014FA3C040C816102ABF2
:10B36000807B21AB419C0CA4E00401166C1D4E01B6
:10B37000849B402B50044C60473881018111681434
:10B380004256008B5CF8E0008E0B68140106216BBE
:10B390004E01E004C02B6C1D012688A5941B60049F
:10B3A0006C1D4E018E0B402B6FFC764841C6922BD4
:10B3B000402072FD600102068004FFC00206020FF9
:10B3C000C02072C1FCC4000401C6040E8004E198D0
:10B3D0008475A30B72C102068E0B4020EFEC76E859
:10B3E000013681F5941B60046C1D4E018E0B402BC1
:10B3F0006FFC74088195922B6800416842968E0B11
:10B400008E0B6000E81459086000426658B88E0B35
:10B410000311E8144258900B8C0BE814F23C0C0C0E
:10B42000C1C3DD93FA84040C0C0B806BC0156E094C
:10B4300072F940004C03C0FF40156E094C018101B8
:10B44000C02B64D5E8007D688C0B007BE8185E4853
:10B4500068007C8847F88C0BA17BE80C49F88625AE
:10B460008C0B68006800418801C68C0B42466FDC7B
:10B47000421EE00402168311E01C4346F808401502
:10B48000EFF069280C0C8C0B0A78F2840C0CE00CA1
:10B49000DD93F284634900190656402DC001600116
:10B4A0006401403583314005681540338121400AED
:10B4B00065454031070640224031E008401B656D7C
:10B4C0004031E0194022654D4031A1414028648956
:10B4D0004011AF31402D6349601102264031C0C098
:10B4E00040286491E00C47F6632940159111400B08
:10B4F00067C940310606402D4033E0084013698596
:10B50000E08C0606681140134011C00A40276315FD
:10B51000E010038669914013438640134033E000F6
:10B5200040136995E0004686633140118911402738
:10B5300063354031003BC027C00A69316C6140115E
:10B54000851140226C6540119D1140226FB1401160
:10B55000023440224021FCA8C02C6E5168094023CF
:10B560004023C00AC00A680D611D40259521400A8C
:10B57000656540414043C01BC0146241648D402159
:10B580004043C028C0136981631140414021C02756
:10B59000C0226FB569314013DD93C00AF87C040CFA
:10B5A000600C148663C0040E40A3C0BB40156DB58B
:10B5B000EFFC55F66DC140A355F6401540A1E00CD7
:10B5C000402C6CFDE07C0706636940A155F6402DD8
:10B5D000C02072FD645940250506400540A5E008DD
:10B5E000400B64E1E00457C664E540A5BDA1400BF3
:10B5F0006E254021832140296E8140B1B7B1402C96
:10B6000063A940A11456402DC02070016AE1403367
:10B61000120640154033E008401C626DE00046868B
:10B6200060240D86E05C11C66E8940B1ABB1402C40
:10B630006225403346C6401C4021E000402B651186
:10B640004021A351402B65D1E0400E066681402188
:10B650008111402B6685402191C1402B6B8D40218B
:10B660008541402B6B9140214021C02BC02C6D6146
:10B670006E5D40214021C02CC02C6E616E91402136
:10B680004021C02CC02C6E996331402140A5C02DB3
:10B69000C00B64ED64F140A58DA1400B681D4021F5
:10B6A0004021C02DC02D69D969DD40214021C02D28
:10B6B000C02D6A7D64D54021A92140386B1D4063AF
:10B6C0000C0640154083F90040156DB1E0CC10D652
:10B6D0006E9540B116C6402C40A1E00C402D63D1C0
:10B6E00072BD55F64023C020401C6211E01044C6D4
:10B6F000622940330706401C4091E018C0296E21A2
:10B700006E2940914091C029402C6E9D4051B591C9
:10B71000402B65C9EFF04B866D9540650C0E400AD5
:10B720004083FFC040156DB9E0005066634940B1E9
:10B730001786402D4023E060401C62154033A12154
:10B74000401C622DE0F84606632940914091C02DCF
:10B75000C02D633963D940914091C02D402D6409BB
:10B760006001120640A5C020C00B64F964FD40A52D
:10B770001466400BC02068016B1940539951401565
:10B780006D9940658961400A6D9D40758B71400AD5
:10B790006B9540818F81402B69A940B387B14016DA
:10B7A000623140334646401C4095E0F8C00B6505C9
:10B7B00065094095B991400B651140A540A5C00BA6
:10B7C000400B6515402393A1C01C622162414023B8
:10B7D0004023C01C401C6245E0180406620540116D
:10B7E0004041C015C02B653165CD40C14051C02BD3
:10B7F000C02B66416AA140714061C02BC02B6AA575
:10B800006B8940614081C02BC02C6D516E594081C5
:10B810004061C02CC02C6E656E69406140C1C02C77
:10B82000C02C6E856E8D404140C1C02CC02C6EA5D1
:10B83000632540714071C02DC02D63356341404187
:10B840004071C02DC02D6345635940B14071C02D7A
:10B85000C02D635D636140614071C02DC02D636583
:10B86000636D401140B1C02DC02D637163A1407163
:10B870004071C02DC02D63A563D540714081C02D9E
:10B88000C02D64016405407140C1C02DC02D6431DC
:10B89000643540714091C02DC02D6439646140A170
:10B8A0004071C02DC02D6465646940914081C02DF8
:10B8B000C02D6531653540814061C02DC02D6811B6
:10B8C0006A31404140C1C02DC02D6A356A3940B14E
:10B8D0004061C02DC02D6A7164D140114013C03841
:10B8E000C01C6219621D40534033C01CC01C62352D
:10B8F000623940134013C01CC01C623D62494023A2
:10B900004023C01CC01C624D625140234013C01C28
:10B91000C01C6255F07C0C0CC1C3DD93F83C044C98
:10B92000614C4446E4500A0091C10A140C86483424
:10B93000C00061954E860844C0006195E686443A91
:10B9400061900644E4100800558A8355EC0418C041
:10B95000C987D19266A2502AE1F41494508A86A92C
:10B960009493600EFB001294508A8597D99EE686C8
:10B97000A1CBDD8E0012FA75619904860202C00027
:10B98000619906C6881EC0000C4C8C0EDD93F03CFD
:10B9900004C60002C0006199840D88245A005C0826
:10B9A000C0000006619504868834C0004486870D77
:10B9B000C0000195C000042504358EB5870DE01C3C
:10B9C00001990446042580008C858000833101A5FF
:10B9D000FA8008340845C447804DFC08823180B5A0
:10B9E000F418070A0630FCC50A34EC040850FA8043
:10B9F000C45764047C080A350825C447A623FC08FC
:10BA00000605A12B80000406619558864602400079
:10BA10000A55F18C0845FC30AA43FC30E17C1844FF
:10BA20009843F5C7463A8D47443AE692CC27E08AD8
:10BA300004148A23619906868C34C000FA004032CF
:10BA4000E682400AE082402AE40042CAE200000C9A
:10BA5000C1C3DD93FA7C040CEC501EF0828B7C2E6B
:10BA6000866B621875B8BE1E6008EFFC81A19181DB
:10BA7000E100000A104609157C14C000000496037A
:10BA80008013FA80EC0002198885C3AD400ABE1409
:10BA90009403E686FA800E0460840074E0880274E1
:10BAA0007C040C1500038C03C0016C01619C041420
:10BAB000E43002F0C5077E2E00F0110C7698E440C9
:10BAC000A10BEFFC50984E72C00000E60C014E0135
:10BAD0008291C004FA800094F415D10D8211BC1437
:10BAE000FA800014560AD10D120646A25E15C00057
:10BAF000FC35C000BE0482A17C7581ABC00002068B
:10BB00000C0CA8F1DD93F27CF87C04CCE45DC25807
:10BB1000400898958F5E81416100000A0B95910164
:10BB2000C0000046107498734E12FA800E99F0A06F
:10BB3000D34DEC00508A8E858883E696FA80108477
:10BB4000F0A054226C0114B9BDBBC004214B8C156C
:10BB500064010E708A15C00388D5A59B6404128009
:10BB6000640014A05622C013068470A416B9E084A1
:10BB700040046C018483C487169428B61420E084A2
:10BB8000400E6401145BC49786A37C2C0455A85C0A
:10BB9000205EFC2464010A200A8BC00C86537C2C96
:10BBA0008F54948C06909C989C36EC040E648261B1
:10BBB000C17DFA808D34EE1518348231C1CDFA8002
:10BBC000468258CAC0000C06C0185E358241FC355A
:10BBD0007C958B4BC0000606F07C0CCCC1C3DD937A
:10BBE000E1144246841884146BF14011DD93C02B9C
:10BBF000E14C000680088004E000004AE200000CEE
:10BC0000C1C3DD93614C000680048111DD93801671
:10BC100061484186E19805C683310004C219801845
:10BC2000883E8016C1C3DD9361484186E19805C610
:10BC300081310004421080188016F3F8DD93883EAD
:10BC4000E14841868000800441C6A10D000581487D
:10BC5000001980004210800040119C04DD93800098
:10BC6000E14841868000800441C6A10D000581485D
:10BC7000001980004210800040119C08DD93800074
:10BC8000E14841868000800441C6A10D000581483D
:10BC90000019800042108000401193F4DD93800071
:10BCA000E14841868000800441C6A10D000581481D
:10BCB000001980004210800040119C10DD9380002C
:10BCC000E14841868000800441C6A10D00058148FD
:10BCD0000019800042108000401193ECDD93800039
:10BCE000FAFC040C8101006B680C7BC88181811116
:10BCF000613456862C04807BE14C1306832103A11A
:10BD0000A4048086A4048086A40480A60C158086E2
:10BD1000C00B69F94086A11B00158FDC8C0B00005D
:10BD2000E8404DC883112C04404600A68004E1344D
:10BD3000A40480A6A4048086A40480A68C0B00869C
:10BD4000E81067A88E0B0311E80C78C867CD0C09C2
:10BD5000A409C02D8275A50B6C210C09A70BC02B63
:10BD60008C0B80D5F2FC0C0CE02C1228F2FC0C0C95
:10BD7000C1C3DD93FA7C040CED501EF09711006BEB
:10BD8000E8104D28EFDC4246400084088406F3F8B2
:10BD900062650C09404AC0152258E08C0C098000ED
:10BDA000C02D6B8521F8A10B0660800040B667A10D
:10BDB000E0040006645004F081458111000049163A
:10BDC000A10BEC041921FE953E3E81511B488101D7
:10BDD000000AE0001B48F000525AC0008693E68A31
:10BDE000E02012A91249A1AB15F8802812B98000F1
:10BDF000B1AB602CE0281249E18400B440407C0ED5
:10BE0000890EF0FCAC05FE4E1E05B3AB400280105F
:10BE10000049909880150F4180000BA88EE5B5ABC6
:10BE20001E05B7AB400280100041909880150E416E
:10BE30000C09AAC54015621189C4B9ABE68240CA93
:10BE40009A800004909840020E410049A6E5801AAD
:10BE5000A425BBAB8A45BDAB81413FAB140AA60507
:10BE60000C45E040800D0859140AA2850C45E044B9
:10BE7000800D085D140AA0C50C49E0488036018594
:10BE8000140AA0C58685E04CE050140A8904881580
:10BE90008C03C40768E500458F35C00DC2078904CF
:10BEA000004B8C03C00A6DA189048F2500418C03CF
:10BEB000C0156E416D4100010D35C0158904A043C8
:10BEC0008C03C407686500458BB5C00D08040924C0
:10BED0003C5EFA808C2389016F4104398121401531
:10BEE0000E2485458873FA800E708C73C06B664192
:10BEF000110A988B0635F41CC40404207010000A43
:10BF0000E40418801C58FCD5FA80108410898C83B6
:10BF1000C02E67C1FA800A54FA801084FA35915B0A
:10BF200093C1040B89217BF5F40C448A18067675BD
:10BF3000000AC00004047010A215FA80E080561AAE
:10BF4000A000085806F07C040944E450BC54832146
:10BF5000E080400A5C100629F09040324420BE3454
:10BF60008026D004890495058C03C40764D100455C
:10BF70008175C005C407890400458C03C00565D1DF
:10BF800060010006814BFC00800008F8E0241209E3
:10BF90008445AB0B8465A30B8865A50B8885A70B2F
:10BFA0008A85A90BA015A10B814DA404A604903588
:10BFB0008265804DA40487D5814B0395814DA404EF
:10BFC000A60480958C85804D04F07C048944E4505F
:10BFD0006080400A040983010735DC10D00440006A
:10BFE00001E5A404A604804D09C4804DE45000F08E
:10BFF0000029FC348265FC30A404831509C4814BFC
:10C00000E45000F00029FC348205FC30464A7E44AE
:10C010000406E080018580007E44843BE080460A7F
:10C02000462083319803D004BE3480367C0481D509
:10C03000E45004F0404A894481016080DC10040926
:10C0400088237E4407158806BC549921564A845596
:10C0500082E5E08006F07C0409C4E450FE448121BE
:10C06000E080404A5C300629F0B04032FBE5802693
:10C07000010A3E3484F5F40C8685AFAB8A85A5AB06
:10C080008C25A7AB8CC5A9AB8E85ABAB9025ADAB92
:10C090008235A3ABC227882304438C23400C6D2137
:10C0A000EF559921FE449921720040400945825183
:10C0B0000823CF07664100600624C05880236084AF
:10C0C00064010429860340046C010043BE34C001AE
:10C0D0000705C827882384438C23C4276891044517
:10C0E0008585C005C427882304458C23C00660913C
:10C0F000882385158C23C2276921044B9921400C84
:10C100008823E96504498C23401A6A41E7F599219F
:10C1100000600823C05866416084062404298023F7
:10C120004004600100438603C0016C01C827BE348F
:10C130006575A4430B0A992124C8E4FC4C159FFCA7
:10C14000400B69ED4C158101400B69E985A5812102
:10C15000645006F0EC8008107C040639FB904A120B
:10C16000647C030AEC7C08526C00104406CBA85394
:10C17000180682110EC4800081C168909C0058305E
:10C180006F9006C44682A9CFB80F788C0652267FDE
:10C190004C05EC04400B69E9AE2FA77F69ED4C25F7
:10C1A000020AC00BF4B5E100A10BA40F0C0988052D
:10C1B000C03864C564C10C19430DC03864C5006043
:10C1C00086F5C0E1EFDC42468818822B8816C2193A
:10C1D0006E0D0C19A31BC0368000021603114C1102
:10C1E00081F58038C209840883258406EFDC404647
:10C1F0008408801BF3F8400000600406C0E164C5B9
:10C20000020A80180210E3FC4011C4041EF0C000B2
:10C210000C0CE550DD93F27CEFDC40468028801862
:10C220000419C217F3F444208026A22FC1C3DD9362
:10C23000EFDC0286E0700229E084440A9A005C0880
:10C2400064D50029A72BC02B800002299C20442004
:10C2500080004221FFFC1468FA00040C6C510019A4
:10C260000029C02BC0156141E08406146686422A6D
:10C27000FA8004346C494031060A402B421AF0001F
:10C280004011E00AC02B6C41810180A5F2000C0C2A
:10C290000029DD93402B6C1DE00842966FF845E8BD
:10C2A000E0084C960C06A30B8C0BC000F2000C0CA3
:10C2B000C1C3DD93FA00040C6C5500190029C02B92
:10C2C000C0156145E08406146686422AFA8004346B
:10C2D0006C4D4031060A402B421AF0004011E00A32
:10C2E000C02B6C45810180A5F2000C0C0029DD9368
:10C2F000402B6C1DE00842966FF84308E0084C960E
:10C300000C06A30B8C0BC000F2000C0CC1C3DD9318
:10C31000FA04044C0C09806BC0156145EC04020062
:10C32000F41C030A0C1982D5C0156141EC040410F9
:10C33000F424050A400A80D5008AE6868435E5445F
:10C340006C1D0C290FF6402B03F6E0088C0B6008DF
:10C35000EFF840480D78A30B0C198000C01561411F
:10C3600061510C0904144015440AFA80050AE68A52
:10C370008295E4A061450C290C39C015C0156155A2
:10C38000E68A443AE484048A0C298495402B6C1D87
:10C39000E0084E76600842767DF88C0BA30BEFF434
:10C3A00080000B2861410C190C09C015C0156151A2
:10C3B0007A800214FA80040461490C39422AC015BB
:10C3C0008613E686E4A0030A0C198415C01561459E
:10C3D00061550C290C39C015C015614DE686422AFD
:10C3E000028A86138415E4846C1D0C294E76402B3A
:10C3F0004276E0088C0B6008EFF47B08A065A30B85
:10C4000061510C09000AC01586D5F01061550C0960
:10C41000A90BC0150C098635C0156141E080404A62
:10C420000C0980E5C0156145E080400A0C2982A511
:10C43000402B6C1DE0084E066008420678D88C0B35
:10C44000A30BEFF40C099805C0156149F80C004ADC
:10C450000C098465C015614DF80C004A0C0982A5D1
:10C46000C0156151F80C004A0C0980E5C0156155F2
:10C47000F80C000A0C2982A5402B6C1DE0084E1612
:10C480006008421676988C0BA30BEFF40C098E858E
:10C49000C015614188B5A30B61450C09A30BC015FC
:10C4A0000C098815C0156151EC100000F430010A28
:10C4B0000C0982554015615500008171008AEC100D
:10C4C0008835F4346C1D0C294E36402B4236E0087A
:10C4D0008C0B6008EFF474280355A30BC0000E0604
:10C4E00061510C09B10BC015A90B82050C0984150B
:10C4F000C0156155A90B016561550C09B10BC0153B
:10C50000817100D50C4C8E0BDD93F2046C1D0C294F
:10C510004E26402B4226E0088C0B6008EFF471E8B1
:10C520000E06A30B8E0BC000F2040C4CC1C3DD93AE
:10C53000FA0004CC8101006B66350C1B9906C0160D
:10C54000424A9106420660804C11E004C02B6C1DEB
:10C5500080000C586FFC6DE8A10B8C0BC0000BF831
:10C5600061410C0904F040150C19E420C015614527
:10C570006682401AE43002F063094C018C0B4015CE
:10C58000E8004B8861490C099918C015614D0C29C8
:10C590001138C0150C09C507401561414C118013B5
:10C5A000402B6C39E188082461510C1986434015F1
:10C5B00061550C29A30B401561450C394C41C01540
:10C5C000C02B6C3D6C514C114C21C02BC02B6C55B9
:10C5D000060A80959C45F004F40C070A4C2184550A
:10C5E000402B6C4D4C31EA0DC02B6C4563588C25AB
:10C5F0008C0B6FFC9C55A10B6C410C0985E5C02B85
:10C60000F010060A680D86154C218931C02B6C4D3F
:10C610006C454C318685C02B6FFC6208A10B8C0BDE
:10C620000C0996B5C02B6C418615AB0B6FFC6448AA
:10C63000FD158C0B6FFC6408A10B8C0B0C0992F59B
:10C64000C0156141F495E80D6C510C194C11C02BCB
:10C65000C02B6C496C414C010C19C02B402B6C4514
:10C66000FA8000046C4D0C39401AC02B0C19E6827C
:10C67000C02B6C556C510C09000A402B0416E0408D
:10C680004C218000802C0C816C490C294C11C02B52
:10C69000002B0C6DFA8002140C694C01443A802B7B
:10C6A000401AE68A402AE6824C01E002402C6C796E
:10C6B000FA80020466314C134498C0168C0B680053
:10C6C0008295A10B6FF064E8A10B8C0B73B880F519
:10C6D0008C0B682468304F0821118C0B4C1183217E
:10C6E000C01B656165414C210CCCC022DD93F2007A
:10C6F000681100490039C02740276815088A810160
:10C700000844E54000408188068A0C500406E50094
:10C71000063481010034818800009A8088068C40AC
:10C72000A13B8438C4080630C1880634C0004231B9
:10C73000C0000409FBFC000ADA800004C408000001
:10C74000C188000440004401DD938101FA00040C1B
:10C75000680040C8A10B806B0C0C8085DD93F20053
:10C760000C0C8C0B8B55F200FA04044C0C19806BEA
:10C77000C02B6C516C550C09441AC02BA12BE5023F
:10C780000C398605C02B6C4D6C490C490C59C02BDB
:10C79000C02B6C456C410CC9464AC02B48CAE50EFB
:10C7A000464AE516443AE50E0365E00AEFFC04222A
:10C7B0006C1D0C294E56402B4256E0088C0B60082D
:10C7C000EFF45CC88805A30B6C510C198121402B38
:10C7D0006C550C090424C02BC2077A800422017115
:10C7E0004C01ED00401B63054C11C217401B630157
:10C7F000E004000663094C014C21C01BC01B630D03
:10C8000063114C718E0BC01BF2040C4CC1C3DD9341
:10C81000FA7C040CEC301EF08101006B630D0C7986
:10C8200002F0401B0C99E420C02B6C516C550CA9F4
:10C83000FC0EC02B3C06890645188C0BA10BE800AA
:10C84000C000100600081E859095A10B641002F030
:10C8500074F89E2B8C0B6FFC8E65A18B6C3D0C3994
:10C860000290402B3C48EC04EC0404A06C390C59B9
:10C8700081C1402BA8338908608C0834642006608D
:10C88000A053C06DC6570545124402C151CDFA8070
:10C89000F0945412790046A1F0A4562282258CB659
:10C8A0006C510C990A54402BC297FA80925301D5CF
:10C8B0006C550C4981C1402B6C390C59C247C02BB7
:10C8C000924320530E70C65782316C04F6B5A17B9B
:10C8D00098F18101F27C0C0CC1C3DD936C510039DD
:10C8E000824B402B6C4900290019C02BC02B6C4196
:10C8F000C1C38725FA04040CEC301EF08101007BD3
:10C90000826B7C0E02F03E0E7E98E4208E0B6FFC54
:10C910008415A10B641002F041188E0BA10BE800E6
:10C92000FC048235401ABE140002E682180EEFFCA9
:10C9300098F18101F2040C0CC1C3DD936C550039F0
:10C94000824B402B6C4D00290019C02BC02B6C452D
:10C95000C1C38125FA00040C8285A13BE50A401A77
:10C96000E00E400AEFFC00028101100EF2000C0CF8
:10C970000029DD93402B6C1DE00842566FF44EE811
:10C98000E0084C560C06A30B8C0BC000F2000C0CFC
:10C99000C1C3DD93FA045E65EC100CF0741C5E609C
:10C9A000BC6E8861FE8003FCF804170CEC301EF0AE
:10C9B0008193818341C6C183432661488004E00C92
:10C9C000418600168004E148021480188016FC9C01
:10C9D000EFE456A86F9C6248C1C38101FA00004C85
:10C9E000614841C6E00C4336001680046011000621
:10C9F0000004C020E148438680188404FC9C021493
:10CA00005518801660B8EFE481016F9CFA00004C65
:10CA1000614841C6E00C43460016800460110006E0
:10CA20000004C020E148438680188404FC9C021462
:10CA3000539880165F38EFE481016F9CFA00004C38
:10CA4000614841C6E00C4376001680046011000680
:10CA50000004C020E148438680188404FC9C021432
:10CA6000521880165DB8EFE481016F9CFA00004C0B
:10CA7000614841C6E00C4396001680046011000630
:10CA80000004C020E148438680188404FC9C021402
:10CA9000509880165C38EFE481016F9CFA00004CDE
:10CAA000614841C6E00C43A60016800460110006F0
:10CAB0000004C020E148438680188404FC9C0214D2
:10CAC0004F1880165AB8EFE481016F9CFA00004CB1
:10CAD000614841C6E00C43E6001680046011000680
:10CAE0000004C020E148438680188404FC9C0214A2
:10CAF0004D9880165938EFE481016F9CFA00004C84
:10CB0000E2C0002C614841C6E00C43F600168004E8
:10CB1000E148418680188004FC9C02144C38801641
:10CB200057D8EFE481016F9CFE1C04CC6FF84628B7
:10CB3000807B806BE0000E2A400105F80501800033
:10CB40004C018191402B6C1DE19400061060009E09
:10CB5000C0AF641DEFE87D688265A10BA006870168
:10CB6000EFF84528EFF84568EFE449E8EFE87D087D
:10CB7000458601116AD8EE108C0B6F9C6FDC008625
:10CB80006A78811144C66F9C0086E0004286600C82
:10CB90004C15E03C400E60D9600102064C05C07D9A
:10CBA000C00E60CD60D14C054C05C00E400E60D566
:10CBB0004C058B01400E60DD4C158301400A6D4928
:10CBC000E04043566E914C0101B6402C4C13E348B3
:10CBD00040166739E0004216673D4C030076401668
:10CBE000C02060096E014C13871140154C118096CE
:10CBF000C03864C10006830510606194C0AF641C36
:10CC0000231B80144C118311402B6C1DC0000206A5
:10CC1000C0004015EFE45AA8646018F060188C0B4F
:10CC20008D04E8108255A10BA19B8F94014680E5ED
:10CC30008004E134A30B80045ED888958C0B680CCB
:10CC400010B6202802B6E0088C0B6008EFF0786878
:10CC500068384AC851F88C0B8C0B68047D38A18B5E
:10CC600050006FF47D589C0041D8EFF40101EFE4CF
:10CC70006A1883118C2B6FE40CCC900BDD93F61C9F
:10CC8000680C7A48008B8C0BA18B8C0B48788085C4
:10CC9000FBF5EFF4E81464E8A18B808B7A18F65565
:10CCA0008C0B6FF4E8004588400104488C0B0000B1
:10CCB000EFF447686FF07F0801C68C0B42466FDCCB
:10CCC000421EE00402168311E01C4346F80840159A
:10CCD000EFE466A86800482800C68C0B9711614CE9
:10CCE000A39B000481810191004600160004E14CE1
:10CCF00080169D11745880B58C0B680C020E808BC9
:10CD000040106001E5400006022B8185EC04000024
:10CD10000233C934C69F841BFE15A10B72FD41C6A8
:10CD2000009EC02044188C0BA18BE8388135E4B5F7
:10CD3000E83843C88E1B0C0B6FE86F08808B8E2B76
:10CD4000E255A18B9F2101118C0B0331E8344DE892
:10CD5000808B7135612000C68004811101060016A8
:10CD60008004E120014600168004E12001860016BF
:10CD70008004E12001C600168004E1204006001670
:10CD80008004E120404600168004E1204086001621
:10CD90008004E12040C600168004E1204106001610
:10CDA0008004E120414600168004E12041860016FF
:10CDB0008004E12041C600168004E1200006001630
:10CDC0008004E124004600168004E1240086001659
:10CDD0008004E124DD938016626500090246401557
:10CDE0000414E14C8809813144208428202FF3EC7D
:10CDF000E13440868311042600168004E134404665
:10CE000000168004E14C01068836802488168024B0
:10CE100000368004E134400600168004E14C0086B0
:10CE2000430600048016E000C1C3DD936805001BC3
:10CE3000002BC00AC00A68016815003B004BC00AFD
:10CE4000400A6809002BE017400A680D005BA41F28
:10CE5000400A6811801EE037282FE027822EAA3F63
:10CE6000DD93C03EFA045E65EC100CF0741C5E604D
:10CE7000BC6E8861FE8407FCF804170CEC501EF0B1
:10CE8000819381830161C183E03C41F66FA055A885
:10CE9000010681114F066198001AE14CE138440601
:10CEA00088449C34001CC2194601A101402B6C1D12
:10CEB000101683118804831141F600665418E03C73
:10CEC0007BD8EFA01C04E8144D188111A8F1E808E4
:10CED000F0041F0CF6840FFCFD64BCF4C1C3C15305
:10CEE000FA045E65EC100CF0741C5E60BC6E886128
:10CEF000FE8003FCF804170CEC301EF08193818354
:10CF00000106C18345066198001AE14CE138468666
:10CF10008C548844001CC4194801A301402B6C1D8B
:10CF2000141683118C0481118804801667CD0019B2
:10CF3000C819C02D67CD40118311402DE8084988DC
:10CF40001F0C98F10BFCF004BCF4F680C153FD6497
:10CF5000FA045E65EC100CF0741C5E60BC6E8861B7
:10CF6000FE8407FCF804170CEC501EF081938183BB
:10CF700041F6C1838111603CEFA04E48614C4D06E3
:10CF80009804A5116C1D40118511402BE808470835
:10CF9000E1384F4680189C04E080420A010686452D
:10CFA00045066198801AE138C81988348C08801CBD
:10CFB0008C06C20980188804F3F842109804801681
:10CFC000E8347568022618044518E0109C04E80847
:10CFD000400A800884C5E08461980106E13845066E
:10CFE0008834801A801CD019C4098C0888048C06E7
:10CFF000421080180016F3F4E020022643789804CB
:10D0000041F6E8088311603CEFA049C81F0CA8F165
:10D010000FFCF004BCF4F684C153FD64FA045E65B1
:10D02000EC100CF0741C5E60BC6E8861FE8407FC22
:10D03000F804170CEC501EF08193818341F6C183F4
:10D040008111603CEFA047E8614C4D069804A711A0
:10D050006C1D40118711402BE80840A8E13C0E46AA
:10D0600080189C04E080420A010684E50406619869
:10D07000801AE13CE01988348C08801C8C06C209B7
:10D0800080188804F3F84210023600169804E01065
:10D09000E8047EE880189C04E084420A01068605C4
:10D0A00004066198801AE13C02148834801CFC94C8
:10D0B000C4098C0888048C06421080180016F3F40A
:10D0C000E02002367D3898049C04E804400A800879
:10D0D0008A05E08861980106E13C04068834801ADC
:10D0E000FC9802148C08801C8C06C80980188804DF
:10D0F000F3EC421041C600168004E138421080185B
:10D100008016F3EC001B9804C0156E09FC980214FD
:10D110006E094013023640157A98E0404C38E80416
:10D1200041F6EFE08311603CEFA040C81F0CA8F16E
:10D130000FFCF004BCF4F684C153FD64FA045E6590
:10D14000EC100CF0741C5E60BC6E8861FE8407FC01
:10D15000F804170CEC501EF08193818341F6C183D3
:10D160008111603CEF9C7EE8614C4D069804A9114A
:10D170006C1D40118911402BE80477A8E13C0F0693
:10D1800080189C04E080420A010686A504C66198C6
:10D19000801AE13C02148834801CFC9CC2098C0873
:10D1A00088048C06421080180016F3F8E01002463E
:10D1B00075D898041804E804E00C4296E8044C681A
:10D1C00080189C04E084420A010686A504C6619882
:10D1D000801AE13C02148834801CFCA0C4098C082D
:10D1E00088048C06421080180016F3F4E00C42A666
:10D1F0004AB898041804E804E0200246E80473885A
:10D2000080189C04E088420A010686A504C661983D
:10D21000801AE13C02148834801CFCA4C8098C08E4
:10D2200088048C06421080180016F3ECE00C42B61D
:10D2300048B898041804E804E0400246E8047188FD
:10D2400080189C04E08C420A010686A504C66198F9
:10D25000801AE13C02148834801CFCA8D0098C0898
:10D2600088048C06421080180016F3DCE080024629
:10D270006FD898041804E804E00C42C6E804466835
:10D2800080189C04E090420A010686A504C66198B5
:10D29000801AE13C02148834801CFCACE0098C0844
:10D2A00088048C06421080180016F3BCE100024688
:10D2B0006DD898041804E804E00C42D6E8044468E9
:10D2C00080189C04E094420A010686C504C6619851
:10D2D000801AE13C02148834801CFCB000048C08E5
:10D2E0008C06FC9480188804F37C421002460016D9
:10D2F0009804E200E8046BC842E618044258E00CC7
:10D300009C04E804420A801886C5E09861980106EA
:10D31000E13C04C68834801AFCB402148C08801CDA
:10D32000FC98000488048C06421080180016F2FC59
:10D33000E400024669B898041804E804E00C42F6D8
:10D34000E804404800009C04820DFF1100C686B529
:10D350008014E13C042484288426FC9C80188004EA
:10D36000F1FC421003060016842AE1980424980474
:10D37000042CFCB8E8000246E80467A84306180439
:10D380007F98E00C41F6E8008311603CEF9C6DA8AB
:10D390001F0CA8F10FFCF004BCF4F684C153FD642B
:10D3A000FA045E65EC100CF0741C5E60BC6E886163
:10D3B000FE8407FCF804170CEC501EF08193818367
:10D3C0000161C183E03C41F66F9C6BC84F0681113F
:10D3D0000306614C1C04E198E13C4646AB41042A3B
:10D3E00040418C54C02B6C1D7CBC0024040C832158
:10D3F00094268B1180668C0463989C049C04E8043A
:10D40000EFE07128603C41F669B88311A8F1EF9C08
:10D41000F0041F0CF6840FFCFD64BCF4C1C3C153BF
:10D42000FA045E65EC100CF0741C5E60BC6E8861E2
:10D43000FE8C07FCF804170CEC401EF081938183EE
:10D440000161C183E03C41F66F9C67C84F068111C2
:10D45000AD01614C83811C146C1D42018301402B82
:10D46000EFE47288E13C41C60486801480048D118B
:10D470009C048066E8045FC8603C41F6661883112E
:10D48000A0F1EF9CF0041F0CF68C0FFCFD64BCF4C3
:10D49000C1C3C153FA045E65EC100CF0741C5E60ED
:10D4A000BC6E8861FE8407FCF804170CEC501EF07B
:10D4B0008193818341F6C1838111603C6F9C642814
:10D4C0004F068161AF01614C42019C14402B6C1DE1
:10D4D0006EF881011C04EFE45C988F110086E8046B
:10D4E0008018EFDCF8C0020A801880E5F0C0421016
:10D4F000E080020A9C1482B56C150219420AC02B06
:10D500000019E0848018C070F3DC42109C0480167F
:10D510006C150019420AC02B8445E08468045A88BF
:10D52000E010027668D89C049C04EFE46E09001BAE
:10D530004210C015C0FD73FD6E0940130146C015B1
:10D54000831161400016800400668311E03C41F6BF
:10D55000EF9C5F881F0CA8F10FFCF004BCF4F6846C
:10D56000C153FD64FA045E65EC100CF0741C5E603F
:10D57000BC6E8861FE8003FCF804170CEC301EF0D2
:10D5800081938183001CC1834000E2C002067F00BA
:10D59000840EE19CE340001C614C4106E14042C620
:10D5A000B1310004834104246C1D40310846C02B76
:10D5B0008414812191110426E80455A81F0C98F1C8
:10D5C0000BFCF004BCF4F680C153FD64FA045E6504
:10D5D000EC100CF0741C5E60BC6E8861FE8407FC6D
:10D5E000F804170CEC501EF081938183001CC1835A
:10D5F0004000E2C002067F00840EE19CE340001C74
:10D60000614C4F06E13442C6B3211C044DC60414DC
:10D610004021E198C02B6C1D181684185278931184
:10D620009808E80482E5A70B84A5A30B8665A50BE3
:10D630008855A10B02961C045198E010C183E804A0
:10D640008385C11302961C045118E080C183E8044D
:10D650008305C71302961C045098E020C183E80498
:10D660008185C31302961C045018E040C183E8046E
:10D670008101C5130046980683116144812100048D
:10D680008016A8F11F0C80260FFCF004BCF4F68471
:10D69000C153FD64FA04044C68005EE8A10B806B82
:10D6A000C0001D4863290C39404E402DC0106CDD70
:10D6B00063210C190C29C02DC02D63256184083409
:10D6C0005478823982496F9C1BF8A10B0C39C00039
:10D6D000402D63396CE5400E0C19C010C02D63312C
:10D6E00063350C290834C02D823961846F9C53281E
:10D6F000A10B8249C0001AA863490C39010E402DC4
:10D70000C0106CED63410C190C29C02DC02D634570
:10D710006184083451D8823982496F9C1958A10B11
:10D720000C3BC000401669A96CF901CE0C19C01061
:10D73000C02D6359635D0C290834C02D8239618482
:10D740006F9C5088A10B8249C000180863710C3986
:10D7500041CE402DC0106D0963610C190C29C02DFC
:10D76000C02D6365618408344F38823982496F9CCB
:10D7700016B8A10B0C39C000402D63A96D31400EC5
:10D780000C19C010C02D63A163A50C290834C02D4D
:10D79000823961846F9C4DE8A10B8249C0001568F5
:10D7A00063D90C39400E402DC0106D3963D10C196E
:10D7B0000C29C02DC02D63D5618408344C98823962
:10D7C00082496F9C1418A10B0C39C000402D6409CC
:10D7D0006D41014E0C19C010C02D640164050C2967
:10D7E0000834C02D823961846F9C4B48A10B82495B
:10D7F000C00012C864390C39404E402DC0106D4D28
:10D8000064310C190C29C02DC02D64354A18823999
:10D81000864B6F9C1198A10B0C39C000402D646998
:10D820006D5500CE0C19C010C02D646164650C29C3
:10D830000834C02D823961846F9C48C8A10B82498D
:10D84000C00010486F9C4F4841F681018311603C35
:10D85000EF9C478863290C0903C6402D8414E138E6
:10D860008209C707424604060C09E138C02D633916
:10D87000C707841404068209E13840C60C298014C5
:10D88000C02D6349C927843846308229A43FF3F864
:10D890008004843663490C198028C02D8419C91767
:10D8A000F3F444200026A22FE13841C60C2B80144B
:10D8B000C01669A9CB27843846308229A43FF3F8E3
:10D8C0008014843669A90C2B8438C0168429CB2790
:10D8D000F3F446308436A43F0C1B8004C01669A9BB
:10D8E000CB17802844208819A22FF3EC008600264D
:10D8F0000C19E13CC02D636900168004E13C01462F
:10D9000064E10C158004C00B0186001E0C15E13C7F
:10D91000C00B64E5001E8004E13C03C663A90C094A
:10D920008414C02D8209C507420604060C09E13C97
:10D93000C02D63A9C707841404068209E13C40C6D0
:10D9400064ED0C158004C00B4106001E0C15E13C73
:10D95000C00B64F1001E8004E13C434663D90C090E
:10D960008414C02D8209C507438604060C09E13CD6
:10D97000C02D63D9C707841404068209E14000461C
:10D9800064F90C158004C00B0086001E0C15E140E4
:10D99000C00B64FD001E8004E14002C664090C094E
:10D9A0008414C02D8209C507030604060C09E14052
:10D9B000C02D6409C707841404068209E14001C62A
:10D9C00065050C158004C00B4006001E0C15E140D7
:10D9D000C00B6509001E8004E140424664390C0911
:10D9E0008414C02D8209C507428604060C09E14053
:10D9F000C02D6439C707841404068209E1404146FA
:10DA000065110C158004C00B4186001E0C15E14009
:10DA1000C00B6515001E8004E14043C664690C0913
:10DA20008414C02D8209C507020604060C09E144CE
:10DA3000C02D6469C707841404068209E1340146D5
:10DA4000800480048455BF0B6C1D0C290EA6402B4E
:10DA500002A6E0088C0B6008EFEC48080E06A30B4A
:10DA60008E0BC000F2040C4C8101DD93F2040C4CCF
:10DA7000C1C3DD93FA00040C0C09806BC02D632137
:10DA800063250C197AD8C02DA10BEF980C09943599
:10DA9000C02D633163350C197A38C02DA10BEF9876
:10DAA0000C0990F5C02D634163450C197998C02D80
:10DAB000A10BEF980C098EB5C02D6359635D0C194D
:10DAC00078F8C02DA10BEF980C098C75C02D6361FF
:10DAD00063650C197858C02DA10BEF980C098A3595
:10DAE000C02D63A163A50C1977B8C02DA10BEF98C9
:10DAF0000C0986F5C02D63D163D50C197718C02D9C
:10DB0000A10BEF980C0984B5C02D640164050C19B4
:10DB10007678C02DA10BEF980C098275C02D643169
:10DB200064350C1975D8C02DA10BEF980C0C8085AD
:10DB3000DD93F20064610C090C19C02DC02D6465E1
:10DB4000F2000C0CFF9834E8FA80000C6C1D0029E0
:10DB50004038C02BA30BEFEC41F682558111603C9D
:10DB6000EF986F08F280080CFFD839E8F280080CB3
:10DB7000C1C3DD93FA0C040C0C0B806BC0156E094D
:10DB8000E080400A0C298235402B6C1D0C0C8C0B5C
:10DB90003E38F20C4E46FFE80E09EFDCC209F810E1
:10DBA000F8104E016C210C09A70BC02B42368CF5E6
:10DBB0008C0B6000E8005B88600442465738832184
:10DBC0008C0B683081811C08F3F840009C089C068F
:10DBD000F3F440004E819C060C0BE030C0156E093A
:10DBE00073FD40004C03C0FD40156E0940F88C0BDE
:10DBF00075F8E8208C0B6FE8614400C6E0004246EF
:10DC000000868004E14401860086800458B88C0BAD
:10DC10000C0CE8003478F20C4256FFD88C0B6000F4
:10DC2000E80058286E090C0B02064015FFC0600181
:10DC3000FC9800046E094C0341C64015C02072FDDB
:10DC4000020F800472C102060004C020040EFCC44E
:10DC500072C102068C0BC020F20C0C0CFFD832E80B
:10DC6000FA00040C8225A11B6F9866C84006831138
:10DC70000C0CFA02DD93F2007A024C06E03C41F60D
:10DC80006F9866088C0B8111F2000C0CC1C3DD93F8
:10DC9000FA7C044C1206006B14C6E0085746611467
:10DCA0001086E1108101613C817109956C1D4C91D8
:10DCB0008C0B402BE80044881415A10B0219C000FE
:10DCC0008E75C000680048C828148C0B8418A10BFE
:10DCD000420A8C958C25E0848E1B0C0BE8004D08C5
:10DCE000E0C8000A62388AB52C04E81C832181113F
:10DCF0009511001668304D882C048C0B801683110A
:10DD00008008A804E084404A40001605C0000206CE
:10DD1000C00040118018A004F3DC4210A00480165B
:10DD2000421080180016F3BCE11000C68018800471
:10DD30000016C219E0004126E87D82710C4CEE0508
:10DD4000DD93F27CFA0C040C6FEC7AC80E16806B33
:10DD500042C660084C71E010402B6C1D4A3881218E
:10DD60008C0B6830614400C6E1245086A014800406
:10DD700084388028E080464A444A8465FE25E08C49
:10DD8000EFEC7A086C1D0C290216402B6E58E00847
:10DD90008C0B6FE88095A30BE8304F484F188195A6
:10DDA000A004E830400A800880D5E0848E0B8171A1
:10DDB000F20C0C0C7858DD930C29EFEC402B6C1D09
:10DDC000E0080E26600802266C788C0BA30BEFE8A7
:10DDD000C0000E060C0C8E0BDD93F20CFA0C040C3A
:10DDE0006FEC76080026806B428660084C01E03CB0
:10DDF000402B6C1D457881218C0B6830614400C636
:10DE0000E1245046A014800484388028E080464AEB
:10DE1000444A84A5FE25E08CEFEC75486C1D0C2966
:10DE20000E46402B0246E0088C0B6008EFE869685C
:10DE30008095A30BE8304A684A388375A004E8301F
:10DE4000400A800882E5E084EFEC73C86C1D0C2961
:10DE50000E56402B0256E0088C0B6008EFE867E88E
:10DE60008045A30B008681718004E13CD0198018A5
:10DE70008E0B0016F20C0C0CC1C3DD93FA1C044C83
:10DE8000806B027BEFEC70E860080036E00442260D
:10DE90006C1D4C018121402B6830406800C68C0B02
:10DEA00052C661448004E1248028A414464A843880
:10DEB00084A5E080E08C444A7038FE250C29EFEC04
:10DEC000402B6C1DE00810666008026664588C0BDD
:10DED000A30BEFE84558809581E5E830E830452808
:10DEE0008008A404E084400A100600E5697D8000F3
:10DEF000E0005126900B80A5F21C0C4C6E18DD93AF
:10DF00000C29EFEC402B6C1DE0080E7660080276C1
:10DF100062388C0BA30BEFE8C0000E060C4C8E0B86
:10DF2000DD93F21C6FA50025A12BC00B9A005C08A5
:10DF3000E06C020A04CD00259AA580050025A51BEA
:10DF4000800B0A0D840404200A0D402598C5800B1F
:10DF50000025A71B800B0A15840404200A15402500
:10DF60009685800B0025A91B800B0A1184040420D0
:10DF70000A1140259445800B0025AB1B800B0A1924
:10DF8000840404200A1940259205800B0025AD1B4E
:10DF9000800B0A1D840404200A1D40258EC5800BB9
:10DFA0000025AF1B800B0A21840404200A21402590
:10DFB0008C85800B0025B11B800B0A25840404206E
:10DFC0000A2540258A45800B0025B31B800B0A29B2
:10DFD000840404200A2940258805800B86C5B51BCA
:10DFE0000025B71B800B0A2D840404200A2D402530
:10DFF0008485800B0025A31B800B0A098404042060
:10E000000A0940258245800BFC044410E074040A90
:10E01000832180B56A3140250025C00B400B6A0181
:10E0200064010600C627C0BA448604334615E000E2
:10E030004206E0344615FC060015E038C00B6A01C4
:10E04000441A82114015E10AC00B6A010015A12B88
:10E05000000B0A05800004060A0140250210800B0F
:10E0600040158404800B0A05C1C3DD936FA500250C
:10E07000A12BC00B9A005C086B7500250600400BB5
:10E08000C0BB65D1E0004A868623C6274606C81E67
:10E090000045FC06C00B6B7598214A3E4A4A8241F6
:10E0A0004045E116C00B6B750035A15B000B0B7989
:10E0B000800008060B7540450630800B403584040F
:10E0C000000B0B79F024020A020A98A588C5F00417
:10E0D000F008020A020A9A658A85F00CF010020A1A
:10E0E000020A9C259E45F014F018020A020A8AE5ED
:10E0F0008E05F01CF020020A020A90255C08F00050
:10E100000015DA00C00B6CBD821188246CBD40156F
:10E110004025C00BC00B6CE50015DD93C00B6CC136
:10E1200040158211C00B6CC140158814C00B6CE9FE
:10E130000015DD93C00B6CC940158211C00B6CC972
:10E1400040158814C00B6CF10015DD93C00B6CD525
:10E15000821188246CD540154025C00BC00B6CFD86
:10E160000015DD93C00B6CD940158211C00B6CD922
:10E1700040158814C00B6D010015DD93C00B6CDDDC
:10E18000821188246CDD40154025C00BC00B6D0545
:10E190000015DD93C00B6CE140158211C00B6CE1E2
:10E1A00040158814C00B6D090015DD93C00B6CC5BC
:10E1B000821188246CC540154025C00BC00B6CED46
:10E1C0000015DD93C00B6CCD821188246CCD4015F9
:10E1D0004025C00BC00B6CF50035DD93400B6CD1B6
:10E1E0006015020A8231C0086CD140358834C00BFA
:10E1F0006CF940358445C00B6015020A5C08C00408
:10E200000015DA00C00B6D0D821188246D0D4015CC
:10E210004025C00BC00B6D150015DD93C00B6D11B3
:10E2200040158211C00B6D1140158814C00B6D197B
:10E23000C1C3DD936FA50025A12BC00B9A005C081C
:10E240006D1D00350800400BC0BD64716D250025B3
:10E25000C637C00B864302216D254025A921400BFE
:10E260004206D21E4815FC060015E010C00B6D1DBD
:10E27000441A82114015E10AC00B6D1D0015A12B37
:10E28000000B0D21800004060D1D40250210800B9F
:10E2900040158404800B0D21C1C3DD93FA04044CA6
:10E2A0000C05806BC00B6FA58AA5A10B6DE90C0551
:10E2B000A921400B668A440AE0880604F08C4E626D
:10E2C00000208C2340BD67C16A38A9214006EF9029
:10E2D0004E05FC06C00B6DC96DE90C058201C00B33
:10E2E0006DE94C05004A400B0C05F81C400B0DED88
:10E2F000C00002060DE94C150000C00B4C05C4041B
:10E30000C00B0DEDF2040C4CC1C3DD936FA50025CD
:10E31000A12BC00B9A005C086EB10025863AC00B99
:10E32000F008024B1824065A041AE08C00C3C427D4
:10E3300058538023C0176D7D6D7958135833C0171B
:10E34000C0176D756D7158434206C0174415FC0621
:10E35000C00B6E916EB100158211C00B6EB14015ED
:10E36000024A400B0015F81C400B0EB5C000040615
:10E370000EB140250210C00B4015C404C00B0EB5F1
:10E38000C1C3DD936FA50025A12BC00B9A005C08CB
:10E390006F190025C634C00B609008240043C427C1
:10E3A00048358023C00B6F2D4835C434C00B6F290E
:10E3B00048358634C00B6F2548158414C00B6F2177
:10E3C000FC0642066EF944150015C00BC00B6F1910
:10E3D00040158211400B6F19F81C024A0F1D0015E1
:10E3E0000406400B4025C000C00B0F19C4040210E6
:10E3F0000F1D4015DD93C00BFA0C040C614C4D064B
:10E40000E1980346812118046E104786E1000AC690
:10E410000386040C042EE198E19803C60286042EBC
:10E420004025E1A4400B6FA9E10000460486001ED0
:10E43000083EE10066A108100210C0BF40B967F1B4
:10E44000E1000506944E980476F8881E1804EFF053
:10E450004071B571C02B6C1DEFF44EA842C6180474
:10E46000840EE198E82C49A845861814880EE19896
:10E47000682C49884286820B040EE198E03C41F604
:10E480006F946608001C81115006E2C0C0006199BB
:10E490000046200E5618E19CA004EF94E340001CB7
:10E4A000603C41F664D8831183816F9443861804DD
:10E4B000C480601569FD40150396400BD98463093B
:10E4C0006C1D40714015C02BC00B6FA16FA540851E
:10E4D0004058C00B9804E800C1C3FFD5FA0C040CE7
:10E4E00041F6007B62D8E03C81116F9409018161A3
:10E4F0004E01B711402B6C194E118E0B402B6C1D29
:10E50000511883110E0BEFFCC0156E09E098404ABC
:10E510000E1982E5C02B64C58AF5A71BEFDC0286C5
:10E52000420A84188A25E080E080400A051188C5E7
:10E530004F988E0B5F78EFFCA10BE8085F9880B5D1
:10E540008E0B68080E0B806B40156E09400083111E
:10E55000C0FF72FD6E094E0341F640155F18E03CA6
:10E56000A16BEF940711A4D54DD88E0B72F8EFFC78
:10E570008E0B6FD4806B11E58E0B0911EFFC4D48AB
:10E5800064D50E09A70BC02B108692D5A008EFDC2E
:10E59000F8C0000AA00880E5F0C04000E080000A52
:10E5A0000E0B9055C0156E09E080400A0E098E05CD
:10E5B000C02B6C218C75A70B404AA0088AE5E08C23
:10E5C0008E0B1B11EFFC4B086FD854C81D118E0B1E
:10E5D0004A988E0B7C18EFFC8E0B681864CD0E05E4
:10E5E000E214C00586E5C20DC809A0088E0B2006FE
:10E5F000E8187F286E090E0B83114015FC98000463
:10E600006E094E0341F6401559B8E03C0B11EF94EA
:10E6100048988E0B4138EFFC8155E80C8E0B1F118A
:10E62000EFFC4828603C41F658B883110E09EF947E
:10E63000C02B6C11E098404A11118A8547388E0B27
:10E640000E05EFFCC00E60F5400685054E05FC0684
:10E65000400E60FD6F588E0B56B8E8088E0B6808A8
:10E66000FC06400660F90E250E15C00EC00E60F5C2
:10E6700061014E058221C00E60F94E250010400E4A
:10E680004E05EC04C00E60F5F815A10BC313C18351
:10E69000603C41F6555883110064EF940C0CFA80ED
:10E6A000DD93F20C6C194011DD93C02B6E0D001937
:10E6B000A31BC036DA005C0863110019A31BC03825
:10E6C000002B82F540156E09E14C03C644208414EA
:10E6D000C0FF72F16E0940231EF8C015DD93FFD410
:10E6E000FA84040C4106006B0004E1148321837159
:10E6F000C4198018410600160004E128007685112F
:10E70000E1284006007680047CD88C0B4046E8283F
:10E71000BD116128832100048C0B0076F2840C0C5F
:10E72000E0283C28FA7C044C4186008B0004E12858
:10E730000311827B5672866B154670888016E13411
:10E7400040868D25831161288121000441C6007611
:10E750008004E128020600167A58E010900B682821
:10E76000614400C6E12C0246841480048038A82449
:10E77000A14B8448884480858475A54BE08C460A6B
:10E7800088348085FC95A53B6C1D102902C6402B62
:10E790005E38E008900B6FE4E00812C68CD5A10B40
:10E7A000612C0086000481118004812141C6180E6D
:10E7B0008004E128020600167758E010900B6828C4
:10E7C000614400C6E12C0246841480048038A824E9
:10E7D000A34B8448884480858475A74BE08C460A07
:10E7E00088348085FC95A73B6C1D102902C6402B00
:10E7F0005B38E008900B6FE4E00812C680D5A10BEF
:10E8000082710861E6C5D67D920B8191F27C0C4C39
:10E81000C1C3DD93FA00040C6128424604148161EF
:10E820000466832173F883114006E8288004E128F8
:10E83000410600668004E114421080188016F3F44B
:10E84000F2000C0CC1C3DD93E0180015E050002568
:10E850006127E017700142104025C300C0096E090E
:10E86000E0500025FB8004240406241FC3C060017F
:10E870006E0D40150015C009ED17E054F3F042107D
:10E88000684140110015C027DD17E054F3F0421035
:10E89000684540110015C0274011E058C038631585
:10E8A000E05800150406041FC30060018121051B08
:10E8B0008000022603154011020000388395E570A0
:10E8C00088210434C63BF137621142318434C027B9
:10E8D000C63BE137621542318434C027C63BD1378D
:10E8E00062194231C534C0274231C63BC027620D90
:10E8F0006061048AF8B5C00165D102008121400140
:10E90000463B837542318821C0266D71E1378434DE
:10E910004231C63BC0266D75D13784344231C63B87
:10E92000C0266D79C63BC5346D6D42310434C026B6
:10E93000E040048AF13778F5680140310015C027BE
:10E94000E117E184680540110015C027F117E1883F
:10E95000681140110015C027E117E18868154011C2
:10E960000015C027FF17E18C67F140110015C02783
:10E97000F117E18CF0FC421067E140110015C0274F
:10E980000025E18CE917E18C9E194727A41FA029D7
:10E9900067ED40110015C0270025E18CE117E18CDF
:10E9A0009E194527A41FA02967E940110015C0271B
:10E9B0000025E18CD117E18C44203E19241FF08002
:10E9C000E004040667E540110015C0274015E190FA
:10E9D000C00A6EE9E1FC00154013E117C0136C2971
:10E9E000E1FC00156C2D40130015C013D117E20097
:10E9F000686540110015C0274011E200C027686912
:10EA0000E20400154011F117C027686DE2040015FB
:10EA10004011E117C0276871E20400154011D117B9
:10EA2000C0276875E2040015687940110015C027F9
:10EA3000F117E208687D401102004027C0026431EE
:10EA400045348175EC0404206C294235A12BC009A2
:10EA50000200FE354003643181B5812184210434F4
:10EA60004233E137C01368594233C534C013685587
:10EA7000E500048A0200FC95400367318175892115
:10EA8000042045344235EC04C00A6B1DFE35A12B31
:10EA9000677100009311400341248175EC0402105A
:10EAA000603D4025A11BC0055D93FE35C1C38101BA
:10EAB000FA00040CEF4C022980B5A12BEF3C02298F
:10EAC0009625A12BF93101218151074158528385A7
:10EAD0004C52780C82C3F890FC1818C991C1582F79
:10EAE000440A81B5C227609C73F9442018C04001D4
:10EAF0004420EC04A1CBD8748251FCB5E1400A0A51
:10EB00000706F8F5040A61380C34FBFC9FF8059EF3
:10EB1000FA80042402398C2E872BEF4C074680F5AF
:10EB20008C34E134AF3B8C34021986F5832BEF3CF7
:10EB3000034680F58414E134AF1B8414024684B587
:10EB40000CE661948638E0086C1D00298466C02BB1
:10EB5000F3F046300636C439E00802E6EFE07FE81D
:10EB60008255A10B005681858018E194F3F0421084
:10EB70008016C2198C0B8161F2000C0CC1C3DD93AD
:10EB8000FA00040C0206006B4C38E2805A98E82C1C
:10EB90008C0B6FFC45F601110C0BE00C5C388C3BC8
:10EBA000A10BEFFC637882D58C0B6FFC8C1B0C0BDC
:10EBB000EFFC780880B5A10B6FFC648881018C0B99
:10EBC000F2000C0CC1C3DD93FA0C040CB911006BFC
:10EBD000682C4A08E4100E60812129118E3B0C0B31
:10EBE000EFFC5A28A17B807B615880C58C0B6FFCA1
:10EBF000E0001E08642010600921851159388C0B33
:10EC0000903B6FFC8C0B007BEFFC60681D18A17BB8
:10EC10002014C000E1080E0604149C04D11761C042
:10EC20007A800614FA800424A1391F2968005C68E0
:10EC30001C048911E114034684148008830B841892
:10EC4000C0001AE8E1340146800480041A78A90B58
:10EC50005A148000E1444F0604149C04F11761C06B
:10EC60007A800624F87C4410788046305A588B11FC
:10EC70001C04E800E14842C684148008830B841811
:10EC8000C00018E84F465A149C04E14461A00414E3
:10EC9000FA8002147A800424F88046108B113F29F0
:10ECA000E80058C843061C048008E148841884140E
:10ECB0001758830B0C45C000028660108404E1489D
:10ECC000E1E0044444200038C43DFBFCE14780D52A
:10ECD000FA8004448065C53D8404802603860008CC
:10ECE0008414E148830B8418C00015A8E0100C05BB
:10ECF000E0B8400A02468485D507614886090424A5
:10ED000004048806E14803C684148008CB178418DD
:10ED1000830B8619C0001448E0100C05E0B4400ACB
:10ED200002068485D1076148860904240404880604
:10ED3000E14803C684148008C7178418830B86191A
:10ED4000C00012E8E0100C05E0B0400A43C684455C
:10ED50008E0961448806842403C604048008E148BF
:10ED600084188414830B8E19C00011A8E0100C05C0
:10ED7000E094400A42068405C70761088609042416
:10ED800004048806E114038684148008830B841825
:10ED9000C0001068E0140C05E0F8400A02C6844583
:10EDA000F10761489E09042404048806E1484206EC
:10EDB00084148008830B8418C0000F28E0140C050D
:10EDC000E0F4400A03068445E90761489E090424EB
:10EDD00004048806E148424684148008830B8418A2
:10EDE000C0000DE8E0140C05E0F0400A034684453D
:10EDF000E10761489E09042404048806E14842862C
:10EE000084148008830B8418C0000CA8E0140C053F
:10EE1000E0B4400A43868625C907610084090424BA
:10EE200046308838A03FF3F404048836E11403C662
:10EE3000841480088418C307C01FCD17E080424A9D
:10EE40000C05AAC5400AE0148605E0B061004386BF
:10EE50000424C90788388209F3F846308836A03F71
:10EE600003C604048008E11484188414C01FCB175F
:10EE7000E080424A0C05A485400AE0148625E0ACF7
:10EE8000610043460424C50788388409F3F44630FA
:10EE90008836A03F03C604048008E114C307841425
:10EEA000C7178418424AC01F9E25E080E0140C0555
:10EEB000E0A8400A43468605C5076100820904248C
:10EEC00046308838A03FF3F804048836E11403C6BE
:10EED00084148008C5178418424AC01F96E5E08054
:10EEE000E0140C05E0A4400A430684C584096100CF
:10EEF00088388424F3F446308836A03F03C60404DF
:10EF00008008E11484188414424AC01F90E5E0840C
:10EF1000E0140C05E0A0400A4306848582096100E4
:10EF200088388424F3F846308836A03F03C60404AA
:10EF30008008E11484188414420AC01F8AF5E08016
:10EF4000E0180C05E0F4400A02468605EB07610470
:10EF500087310414788C460284288609F3F0442013
:10EF60000426A62FE1144206841884148619CB17B0
:10EF700084B5811BE0180C05E0071A1470014000ED
:10EF80008171430061C00414FB8002146E094C259A
:10EF9000A20F40096E0D4C0581B5C0096C1D0C29EE
:10EFA0004E66402B4266E00C8C0B600CEFE05D6817
:10EFB0000C0C8E0BDD93F20C69840824E9840A346E
:10EFC00018440048B85FE0840425A75BE984024444
:10EFD0008625A35B86A5A55B5C08A15BC44DDA0012
:10EFE000A11B8065A11B84858185863582E5A11BD7
:10EFF0005C08A31BC44DDA00C74D82559A005C081B
:10F00000DD9380368205C44D80D5A11BDD9380261B
:10F0100080168111C74DDD93A31B8065DD93FC45F0
:10F02000FA1C044C986B008BEFF875C867C10E8012
:10F03000434640AE0121E00C7758900B8E3B6FF8B1
:10F04000A10B81911C1482357FFD45FE434AC03FD0
:10F05000120CE408980EE2000C4C9A9EDD93F21C10
:10F06000FA84040C61984F061C6E806BE100020666
:10F07000E82865088C0B1C14E80040888C0B1C14D5
:10F08000F2840C0CC1C38765FA84040C807B026B8C
:10F0900060084026655002704E01C089402B6C1DEF
:10F0A000641100600921C0116A9881310060E8187C
:10F0B00040116421650102702921C08969F88131FC
:10F0C0000060E81840116471656102702121C089F7
:10F0D000695881310060E818401164B165A102707F
:10F0E0004506C08989316018F2840C0CE018288824
:10F0F000FA7C040CECF01EF082BB006B6E050C0970
:10F10000A30BC03616099675C00464A1E3FC000A7F
:10F110000C0994A540386321E19C4E0A001A8181B4
:10F120000B38E000C0002001600C00564C01967BBB
:10F13000402B6C1D66B112601460C0BF40C06521D9
:10F14000641100B002B0C011401464616621166001
:10F150000460C0AE40AE65A165E1187009BEC01F75
:10F1600064C106607ECEC0AD652108607C2EC0AD56
:10F1700065410A603E1EC0543C0E941B5538920BEC
:10F180008E2B6FC463210C094E0A4038001AE19C93
:10F1900007B8E000C0002001600C006665600660F2
:10F1A0004C01C0D8402B6C1D141B920B4D988E2B1C
:10F1B000964B6FC04E0A0DA54046E19C4346600841
:10F1C0004C01E14C402B6C1D641104B01860C0115F
:10F1D00040AE65A1640110B00E60C010409F676131
:10F1E0006611086014B0C0AD401365B1679112B0EC
:10F1F00017BEC010662116600404C0AE66D102605E
:10F200000FBEC0546451066019BEC09E0D9E8EBBD9
:10F2100066710A608B8EC0A2FECE89AE186013CED6
:10F22000C0A364A108607C4EC06C6701964B3E4E43
:10F23000BCCE9B8E9D2E951EEFB84988A18B808BEE
:10F24000405688750A606008C0A164706C1D4C014E
:10F250004146402B1734E14C9924964B02308004F0
:10F260004014646165E10E30892EC01FFC1EFE7ED5
:10F270009B249D14861B3E1E923B3CAEEFB44EE891
:10F28000A18B808BA18B8A456E890C051056400A94
:10F290000C15C00CC00A6E8D6E910C250C35C00A81
:10F2A000C00A6E95693D4C034060400A4C13DC0077
:10F2B000400A6941C00C025669454C234C33C00AD0
:10F2C000C00A69490C1D0C294478C02B100BCFE0F3
:10F2D0000C0CF8F1DD93F27C60084266E14C41468B
:10F2E0006C1D4C110260402BC0B667010A601924E6
:10F2F000C0A366E19B3480048E2B7C2E9514BE1E29
:10F30000BC1E934469589D1417B4EFB4A18B808B35
:10F310009FFC30184E0A77A5C1C3E99CFA7C044CC7
:10F320004106008B008EE198E100020668284F2814
:10F330000191900BE6D45406836117B1817109C520
:10F340006E19101B00644015801FE8A49005A11BD6
:10F35000E13443868428841480A5A12B801F84185F
:10F360008CC5A11BF0A44C8268810C09000AC01B4B
:10F37000410663FC8014E198049480E5900B7A8048
:10F38000E800432868188145900B6FFC68810C09E0
:10F390000606401B0C14E138EC0404B0000A83613B
:10F3A0001005E3FC1009DC28002707E55005A17BC8
:10F3B000C00A6E698255842CE1984106900B0014B6
:10F3C000EFFC6988613806068C04807B029180BC62
:10F3D00084B188A1E040120A8E0BEC95F27C0C4CB3
:10F3E000C1C3DD93FA0C040C808B027B60084036AD
:10F3F0005001846B402B6C1D641100700280C011A1
:10F40000406D65714FB889218131681864210070A1
:10F4100002804011C06D652181312921E8184F0813
:10F4200060880064658002800225C06D82037C00D4
:10F4300089310C13611D4E250025C0014E25E04089
:10F4400040016121E0184506E080000561254E0578
:10F450000209C0014E01E300C00464A16340020937
:10F46000E0184306E686426A64A54E0182834004A2
:10F4700064B1007002804011C06E6501F20C0C0C8A
:10F48000E0180BE8FA3C040C15C6006B1060E1A014
:10F49000405466D165411260286EC05467610E60A9
:10F4A000100BC0AE0C2B921B6A388E3BA10BEFCC1D
:10F4B00028248455121B900B6C188E3BA10BEFCCAB
:10F4C000000014259C0040801C0042909C00467067
:10F4D0008FCC68E86E890C15A10B400A6E8D0C2547
:10F4E0000E06400A0C358000C00A6E916E950C45E0
:10F4F0004C13C00AC00A693D69414C234C33C00A11
:10F50000C00A694569494C438265C00A6C1D0C29D3
:10F510000E56402B0256E00C8C0B600CEFDC71E8B1
:10F520000C0C8E0BDD93F23CF87C040CEC601EF0AE
:10F530006141001915C640150029E01040156145CC
:10F54000422A81B10029E686C0156211FA800214B0
:10F5500004000B2EC066664904007E2EC05866511A
:10F5600004007C2EC06B664597C5BE2EF08C44020D
:10F570006F410479E57DC0158B2482D5E68A483A2F
:10F58000F09044026E410429F02DC01A544A80D5EF
:10F590008075E48882B1157569910029A52BC02B6F
:10F5A00040880444C0000A16D08044220891049583
:10F5B00086B5C00560840444802383516D210463B3
:10F5C0000454C00CCF2DFA808088084490804842B3
:10F5D0000891089588058005825108238023C22759
:10F5E0006D2104238D2DC00CFB55FAA5FA8004541F
:10F5F0000844CF2D48428084086B9080800C0D21F8
:10F6000008238265C427825104258023C0056891A0
:10F61000FAA5D22D0B24F905FCC4D5974A2A899E58
:10F62000FE24E68E60840654E088085498433EC465
:10F6300004640433FB27FB00985306291064846399
:10F6400083617B00858709C5F02D9428544A8095F5
:10F650009025E48818248C2286C9E1F40424982398
:10F660008527FB005822102412C0F1A0130AEDB028
:10F67000C0046475D52702E56D4018C0E004524609
:10F6800060A658CA89948221EC0818C0E00A449AFE
:10F69000099483D5190A8221C0026045600A449A00
:10F6A000C00013E6402658CAC0041306589202F55B
:10F6B0009F91D1B066A658CAE00452466EC118C0E8
:10F6C00058CAC00418C0E0A6D82DEC14C00004D657
:10F6D000C0004A218431026182510841ECB5CF6DEE
:10F6E00006B4EBA5C33DFA800101D0550C0CB0F176
:10F6F000DD93F07CF81C040C63150019A51BC038C1
:10F7000000199415C03864D19275A11B614100198C
:10F71000813140156145002989414015E686442A1A
:10F72000621100190795C015FA80042470B04A02CE
:10F73000E68658CA67410A5081614057988385859B
:10F74000F0A04E026E410E99AB9BC01AC28786F59F
:10F7500010838083C00C6D21E1F41284009386999C
:10F76000401C626D108492838587FB0082D5928D48
:10F770006A410E890099C01AC03864D5D28DC387FA
:10F7800006410E704E41806B8261800010641478D7
:10F79000CF8DFA808231F4B5FA801834F0F5C5CDFA
:10F7A0000C0C8101DD93F01CF804040C614100197C
:10F7B000FB3140156145002981414015E686422A0A
:10F7C0006211002909F5C015FA800214668A4A7A86
:10F7D00066400C005862C05818C9F094C0046C010F
:10F7E00018062BCB8675E0800E798073C0156F41AB
:10F7F00084A5A17BE084185481C118636C010C635B
:10F80000876DC0010CC480C58CC3E1FC83C701F5C2
:10F81000600D0D0A59F6402082C5E07CE17C0CC4E5
:10F820008CC3F96718C089C70053E5C84AC1824133
:10F83000C01A6241186483850D0A61F4C003607CBC
:10F840008CC386C9FB0018C485C776E5617D0D0AA7
:10F85000F8B5C009E17C0CC48CC3FB677D6587C724
:10F86000E53018C0FA800E44EC35C37D0C0C8101E4
:10F87000DD93F004FA9C040C5106006B206EE198B5
:10F88000670112600315C0940C0B8171C0166635B8
:10F890006080404AE01000065C004060DC0042707E
:10F8A000CFDC42A88271650EE2300E0A2014FAF510
:10F8B0000C0C8C0B8115F29CFA04040CEC301EF03D
:10F8C0000006006B4C01E00C402B6C1DE14C4146E6
:10F8D00064810E6018604099C08B646104603E7E54
:10F8E000C0AE66A106600004C09F67616521086024
:10F8F0000A6040A2C0A366E16218BCCEA10BEFC8AB
:10F900000E0602A50C298000402B6C1DE00C0E5643
:10F91000600C025652188C0B0E0BEFDC0C0C98F19D
:10F92000DD93F204E10400068008800482095D93FF
:10F93000FA7C040CEC301EF08101008B6FF059282A
:10F9400081718111600447C61005806B40096E0DFE
:10F95000656104801015C0ADC00A6D496C1D503141
:10F960005C58C02B809BEFC482C5A19B6C1D1029E5
:10F97000900B402B6FDC4F280311921B57188C0BF8
:10F980001575EFF07C6E927BE10401466D59101500
:10F990008004C00A1005801EC00A6D596E0D101536
:10F9A0005BF8C0090000EFC4C0806401E1C012042C
:10F9B0006FCC6488100B920B6BD8921B100BEFCCA2
:10F9C00065D8921B100BEFCC6898921B0146EFCCC8
:10F9D000028661188004E1188424800804048806E3
:10F9E000E1040386102B8008C01667395001841487
:10F9F000402B657DE10401C68321042C673D101B6B
:10FA00008004C01641C6001C8004E100C2198018A1
:10FA1000004600168004E104D0198018900B0016EF
:10FA200060CD101563F8C00E1009E820403863154A
:10FA3000E1041406A50B83210E9110194106402CF8
:10FA40000005C1104011C000891140000016A80433
:10FA50001015900BC00E60D1E82062688F612804F9
:10FA6000006683211015900BC00E60D5E82061C898
:10FA70001676280400B6E0044C58900B5075E80048
:10FA8000400E60ED5075A10BC00E60E960F150753D
:10FA90008885C00E0346FC640186E11883A16118C5
:10FAA00080A6800480088404409A82015003E0020A
:10FAB000C0156E01EFE04D68E11800C680A6800415
:10FAC000E8206608EFCC4F088C0B0311EFF04CA830
:10FAD00098F10E0BF27C0C0C1015DD93C00E60E556
:10FAE00060DD10058211C00E60E55015A10B400EBF
:10FAF00050158311C00E60ED60F150159685C00E53
:10FB000083913E9EA8048905421080188016F3EC6C
:10FB10008018A804F2FC4210A80480164210801835
:10FB20008016F3F48018A804F3F84210A804801695
:10FB30008321002660D11015900B400EE8205B4811
:10FB400083212804900B006660D510155AB8C00EAA
:10FB5000A804E820900B00B6E80045689015A10BBA
:10FB600060E510058291400E60ED10158201C00E17
:10FB700060E550058211400E60DD10055015C00E85
:10FB8000C00E60ED89210201EED5C19D6C1D1029CA
:10FB90000236402B7E18E008900B6FD8E0080E3636
:10FBA000831100AB45D8FC0421ABEFF03E94806B91
:10FBB00080000E061029EF15402B6C1DE008023660
:10FBC0006FD87CC80E36900B00ABE008FC048311A4
:10FBD000EFF04488806B21AB0E066BF510058000BA
:10FBE000400E6105E118034660E150955095C00E46
:10FBF000C00E60E9D30D7C6401055095BE94C00E23
:10FC0000C1C3E9D5FA00040C60D900158121400E6A
:10FC1000682054A800C68161038661448004E10025
:10FC200080288414464A843800C5E09080000C1671
:10FC3000E08C444A8C0BFCE5F2000C0CC1C3DD9354
:10FC4000FA1C044C8101006B6FF040C88181811166
:10FC50000186007B0004E118E00443D66C1D4C11C2
:10FC60001286402B8086E13C6E0D0C05A414C00961
:10FC70008201D9076E014C038408C015F37C400053
:10FC8000000604068014E104442084288426F3EC52
:10FC900084288014F2FC4420801484264420842884
:10FCA0008426F3F480188004F3F8421041C600164D
:10FCB0008004E100421080180016F3F8E1040046C9
:10FCC00080188004F3DC42107DB88016A404EFDCB9
:10FCD000021480188016FC94EFC87E688E0B031106
:10FCE000EFEC7C08E11800C680868004F21C0C4C06
:10FCF000C1C3DD93FA04044C4326006B0C01E004FD
:10FD0000C02B65B56C1D4C11400AC02B0C09E0845A
:10FD1000C02B05A943068C958418EFDC80B5A31B86
:10FD200066E90C0985B5C026F700008A0C1980D554
:10FD3000C02666EDFCA5A11BE098404A0C1980C5C1
:10FD4000C02C6CFD8265A11B820DFF110C19821560
:10FD5000C02666ED0465A11B80004046E094400A81
:10FD600005A90C090260002B80AD05B104410260B9
:10FD70008418C09E08450C098203C027E100428612
:10FD800084068414A10B8408840880A5E504008AF5
:10FD9000404680958406E00061004E469C04832125
:10FDA000421080188016F3DC80189C040016C219DB
:10FDB000479887118C0B682083211C04C419801874
:10FDC00099110016682047089C048C0BC8198018EC
:10FDD0000C4C8016DD93F204E10441C680188004C7
:10FDE0008016C219C1C3DD93FA04044C4246007B5D
:10FDF0004598E0048121682000C681610386614442
:10FE00008004E10080288414464A84388425E098E0
:10FE1000E08C444A0E29FE25402B6C1DE0080C8620
:10FE20006008028669988E0BA30BEFD8C0000C0601
:10FE3000E8204A880C4C8C0BDD93F204FA00040C89
:10FE400041F6016157D8E03C81116F88E14441C619
:10FE500080668004EFDC6EA8EFDC7148EFDC73286D
:10FE6000603C41F656D883110C0CEF883358F200F1
:10FE7000C1C3FFC8FA00040C40C6006B4C01E00887
:10FE8000C02B6C1D6D490C054C05C006C00B66856A
:10FE900066850C057778C00B0004EFC04C05FB802D
:10FEA000C00B668965390C094C01C02BC02D6A3521
:10FEB000653D0C094C01C02BC02D6A39F2000C0CB9
:10FEC000C1C3DD93FA00040C40D6006B4C01E0087E
:10FED000402B6C1D0C059111C008695966794C05C1
:10FEE0000C09C00BC02B65CDEFC072A86A054C0190
:10FEF0000C05C02DC00B637D667D4C050C0CC00B42
:10FF0000DD93F200FA0C040CC417006B600840E6A5
:10FF10004C018C13402B6C1D0205847BC0066D6167
:10FF200066794C050C09C00BC02C6E316D0D0C09A7
:10FF3000A30B402C404A84150060E08C00AD054DB9
:10FF400005A10260006080B340AD054905910260E3
:10FF500081C5C0B3608C404A65C002600060C0B318
:10FF600080AD0545054100608008C0AD9111048455
:10FF7000EFC06E686A054C01A37B402D03890C8598
:10FF80004C85800BC00B667DF20C0C0CC1C3DD935D
:10FF9000600848F640418231C02B6C1D66710045F7
:10FFA000A14BC00B06710045463AC00B4035C0124C
:10FFB000C00B6669666900350045C00BC00B666DF5
:10FFC000E192463A666940354021C00BC02D69D1A7
:10FFD00069D54011DD93C02D600843064011892189
:10FFE000C02B6C1D6A7140210019C02DC02B6551BA
:10FFF0004015D617C00B66916D5100154015C0060F
:020000041009E1
:10000000C00B669569D10019A51BC02D031184D5BD
:1000100040118121C02D6A7565F500154015C00B92
:10002000C00B669965F900154015C00BC00B66A1A1
:1000300066B14025DD93C00B681500198121402D64
:100040006A7540110015C02DC00B65FD66994015FD
:100050000200400BC0B666C168150039872DC02D5F
:100060009A005C0878A80235024582210055F8986C
:10007000C00B6669E692485A424586430235F8103D
:10008000C237F810F8104235F810023569D500492A
:10009000C247C02D084B8043C0146669E012463A3F
:1000A000F8104235F81002354235C3370235F810E2
:1000B0000245F8880055F878C00B6669E692485A00
:1000C000844E8643C23784348434843E69D50049E3
:1000D000C247C02D084B8043C0146551E092463A98
:1000E0008434843EC53E8337C1C3F785667D0015E1
:1000F0004015C00BC00869456A0500194011C02DA4
:10010000C0226549C1C3DD93667D00154015C00B53
:10011000C0066D4D6A0500194011C02DC01B6569F0
:10012000C1C3DD93E0280225E02C0215695D40255E
:1001300045F640084015E02CC008696162C94023BB
:10014000DD93C011FA9C040C808B046B6088006402
:100150005282827B433670805011E008402B6C1D28
:10016000668100900270C06D892164A06810648867
:1001700000908131406D6781E4B0027081310921C6
:10018000E81063E860184106E4C002706682406AC5
:10019000E024040680838531650100800C0CC06E6C
:1001A00022D8F29CC1C3E010FA0C040C826B007BD5
:1001B0006CFD0E3943F6402C6EB8E00C85216FFCC7
:1001C0006FFC70C867F88E0B8E0B6FFC600840A642
:1001D00065E002704E01C0B6402B6C1DE14C4146FB
:1001E00004700004C0B6664164A0086062188C3BCD
:1001F000008BEF94E00841266C1D4E010070402BEF
:10020000C08965A164C00260E024040668105F88AC
:10021000900B8531F20C0C0CC1C3DD93FA1C044C1D
:10022000866B008B708852821219827B401B68811A
:1002300010398321C02C6CFDEFFC6AC86FFC6CE8A0
:100240001219900B401B688165D8900B8C2B6FFCAA
:10025000600840B665E002805001C0B6402B6C1DBE
:10026000E14C414604800004C0B6664164A00870B9
:100270005DF88E3B1229EF94401B6881100B806B58
:1002800076188E1B8C0BEFFCF21C0C4CC1C3DD935B
:10029000613000C6E1300306054600040786E13000
:1002A00009C661304A06E130584661308004E130C9
:1002B0008414841400138824E13040868C3488240C
:1002C0008C3484138613904494549044945488132B
:1002D0008A13B0C48004B0C48004981382035D9371
:1002E000FA00040C0146006B0004E124E1244546B9
:1002F0006E090C158008C009C5078824440008341D
:100300004DB8F00C8C0B68206CFD0C198121402C31
:1003100064B54C054C21C005C01562E162E94C2171
:100320004C11C015C01562EDF2000C0CC1C3DD9379
:10033000E118420684188414655D4011DD93C022E3
:10034000E118420684188414657D4011DD93C01BBA
:10035000FA00040C0046006B0004E128E118420694
:10036000841480044C058201C00869459111040879
:10037000EFC04E6865494C010C0CC022DD93F200C1
:10038000FA00040C0046006B0004E128E118420664
:10039000841480044C058201C0066D4D911104083F
:1003A000EFC04CE86D010C194C01C02CC01B6569F5
:1003B000655D4C110C0CC01BDD93F200FA00040CBF
:1003C00001C6006B0004E13480048B3165490C29BF
:1003D0000C19C022C0226559695D4C0559F8C00846
:1003E0004C05EFC040086961E00C43F665914C1183
:1003F0000C0CC022DD93F200FA0C040C68206DC8CE
:100400004278806B8C0B6800668100600206406D4C
:10041000C0206341600404064F1881310E60E8106B
:10042000406D678181F5A18178400E050C298B31E3
:10043000C01B656965790C195718C01B5D0EEFC0AC
:10044000EC041080FC35A18BF20C0C0CC1C3DD93C5
:10045000FA9C040C0206006B45B8E0040E60E8202C
:10046000406E64810195A1815D188C9B5E788C0B38
:10047000650EEFD4EC041080FE15A18B6581006041
:100480000406406D0131E0040C0C8C1B0B78F29CCF
:10049000C1C3E01065A1000002064089C020631DB1
:1004A000602404060AB88731C1C3E010650100006A
:1004B0000206406EC02061016240040609F88731DF
:1004C000C1C3E010FA7C040C6D911EF0006BC004F7
:1004D000E13041466C6D0C2942C640220C39E130B6
:1004E00040226FBD4C41854140226C6900048171FE
:1004F0004C21822140226C6D4C31823140226FBDF3
:1005000064D104F00414C002E41006F095511D41BA
:10051000818101C112C4836582C17A80E112529A3D
:100520006696549A120CBB9B10A3E20014A492830B
:10053000C4A7FA80FC2800B502A5C9BECDAEFC2830
:10054000E230180A0060FA354090658164D102F00B
:100550004506C00281316020E810452866410060F0
:1005600002F040924506E41081316020E810448892
:10057000613000C6E130024604C600040414E138CC
:10058000663106600824C08B83658141700C4A4047
:1005900018548241A75B608462000A0C18C48EC3A1
:1005A0008A737A80C4C708CEFC300065F82046659F
:1005B000FC3002C5B14BCDCE1EF0FA55C00465919A
:1005C000F27C0C0CC1C3DD93E1184206841884143C
:1005D0006CAD4011DD93C022E118420684188414EA
:1005E0006FFD4011DD93C022638500154015C00BDF
:1005F000C0086B21C1C3DD93638500154015C00B96
:10060000C0086BF5C1C3DD93FA1C044C8101008B5B
:100610006FE87288816181110006007B0004E1109F
:10062000E00443166C1D50118391402B0046009648
:100630008004E108C2198018008600168004E108D1
:10064000C21980187C9880167CF8EFF8900B6FF830
:1006500082E5A10B6C1D10290C86402B0286E00858
:10066000900B6008EFD467A80B45A30BC0000C06E5
:10067000EFD86E886FF874084558900B900B68009F
:1006800061144106E0044566801880040016C21912
:10069000E1044086435600040096E004E118004659
:1006A00050118004C02B6C1D00C600968004E11818
:1006B000010600961019E10CC02C6E5D50218004DB
:1006C000C02B6C1D00C600161019E10CC02C6E6505
:1006D00000168004E10840866E6110198004C02C69
:1006E000404600161019E108C02C6E6900168004FF
:1006F000E14441866E5910198004C02C41760016E1
:100700005001E004402B6C1DEFFC41F668004908E5
:10071000031181116A588E0B8C0BEFE8F21C0C4C04
:10072000C1C3DD936E8100290346402C8414E1107F
:10073000038604260029E110C02C6E85042684144B
:10074000E11042C66E8900298414C02C420604269A
:100750000029E110C02C6E5104268414E11005C656
:100760006BAD00198824C02BF0FC421043C608165C
:100770000029E110C02C6EA1842684146315001991
:10078000A51BC0380EA500290246402C0215C11435
:100790000416C00043068000021581100426800064
:1007A000E11402066E5500298414C02C028604262A
:1007B0000029E114C02C6E8D842684146EA90019C2
:1007C000211BC02CE1104386842584240816811146
:1007D000E11045468816882463150029A52BC038EA
:1007E000030684E583216110837584140816831140
:1007F000E11045468816882463150029A52BC038CA
:1008000041100306C0000406C0000215050680D58D
:100810008824E1148125881600098426402C6E9DC9
:10082000E110024684068414C1C3DD93E11C04C6B2
:1008300008168824E11C050608168824E11C0546D4
:1008400008168824E11C058608168824E11C05C6C4
:1008500008168824E11C440608168824E11C444636
:1008600008168824E11C448608168824E11C44C626
:1008700008168824E11C450608168824E11C454614
:1008800008168824E11C458608168824E11C45C604
:1008900008168824E120040608168824E12004466E
:1008A00008168824E120048608168824E11443866B
:1008B000840C8414C1C3DD93612401C680048111BA
:1008C000DD938016FA0C040C0046006B0014E1184E
:1008D000E00804C66C1D4C218121402B11C6037118
:1008E0000426E124E12C43060426841480048511A7
:1008F000A00480768C0B0026E8185248027620046B
:100900004C11E008C02B6C1D0C0C8076DD93F20CB2
:10091000FA0C040C827B043B861B012168186C488E
:1009200000068161434661280004E12CE14404C6CD
:100930008131041480C8882484488458500A8888E7
:100940000405E08C80080D56C75745C7C44702C947
:10095000A6CF0459AACF084946C2A8CF877BF81C66
:1009600070F8FA758C0BE818F20C0C0CC1C3DD930F
:100970000286022B4011E008402B6C1DF9958F1167
:10098000FA84040C0046007B4E01E008402B6C1DED
:100990007998826B8E0B6FFC600800864E018F1178
:1009A000402B6C1D8C2B8E0BF2840C0CC1C3F725D5
:1009B000FA7C044C613811462004806B70010256A9
:1009C0000E86F7AB1246613C0321E114801E8BA119
:1009D00080189C04F3F44210891100160016A40438
:1009E00066188B118C0B6818E11416C68008AC04CD
:1009F0006080400AA60599016FA90C15A31BC00BC6
:100A000001C6A4658004E100404A80089B0160841F
:100A1000A51BA2650B11A225645883218C0B6818B5
:100A2000E1104046800880046090404A9E859F0106
:100A30006FA90C15A71BC00B24049CE583218B1107
:100A40008C0B00A6E81863088008AC046080404A5C
:100A50009A45A1016FA90C15A91BC00B01C698A549
:100A60008004E100400A8008A30160842B1B96A546
:100A7000E10015C60B119625615883218C0B68186F
:100A8000E1104046800880046090404A9285A501AC
:100A90006FA90C15AF1BC00B240490E583218511B1
:100AA0008B11001668186008AC048C0B404A800853
:100AB000A70160800C158E25400B6FA9E1104446FC
:100AC0008C45B11B8008A8046084400A8A85A9016E
:100AD0008A45B31B61004106800485118804801695
:100AE000404A80089D0160900C1586E5C00B6FA9F7
:100AF0008645AD1B81B1240483210B11E1105446BE
:100B0000410600B68004E1108C0B00B6E8185CC802
:100B10008008A8046090404A80C597016FA90C1511
:100B2000B51BC00B20148295700104760604F7AB48
:100B300080BB7A804C35842EC00B6FA961104106B2
:100B40000004831100168321E10041068111000495
:100B5000911100160016A4045A588D118C0B6818B8
:100B600002662004F7AB70019C04801EC419801833
:100B70009C1480164400840800B47C408426FA80CB
:100B8000F27C0C4CC1C3DD93FA7C040CEC501EF0DB
:100B9000613853062404806BE00402066C1D4C117E
:100BA00054C6402B5106E1388018E1348016C21932
:100BB0008018A404F3F84210A8048016421080188C
:100BC0000016F3F8E00402164C11A004C02B6C1DB3
:100BD0008C0B0016E8187B686D150C09807B402C87
:100BE000E084404A400A824582E5E0886D210C1984
:100BF000420AC02C8225E0886138004680048911B1
:100C00000C098016C02C6D15F81C004A01758095E2
:100C1000E99C4E0A6D110C19A11BC02CE0000E1AA4
:100C200020010258400AC000400AE99C86C5E99CA0
:100C3000E094404A0C098865C02D631186D5A10B4C
:100C4000022620044C11E004402B6C1DE1101646D6
:100C5000A31100160016AC0464788C0B0C09E80094
:100C6000402C6E9DAC14807BA17B8406000680E541
:100C700087116138801C800440469B958014E100F8
:100C8000442084280426F3ECE13C02868428841462
:100C9000FC9C042480048426C81980180C09801642
:100CA000C02C6D15E080400A0C0980C5C02D631171
:100CB0009AA5A10B61380006800487110C09801CDD
:100CC000C02C6D15E084400A0C0980E5C02C6D2114
:100CD000E084400A0C098E75C02C6D1128C5A10B4B
:100CE00080000E06026620044C11E004402B6C1DAF
:100CF000A121A1B100600016C06E648102F00175EF
:100D00004138E410EC040420A12BC5366538FE758B
:100D10008C0B681C8C1B0C0BE80443280060007BC8
:100D2000C06E648102F001754528E410EC0416B031
:100D3000A1BBC1260C09FE75C02D67C99CD5A50BAA
:100D4000680074480F258C0B2004807BE004024669
:100D50006C1D4C110016C02BE138004685110004B3
:100D60008C0B001668007B28807B8C1B8C05A17B7C
:100D700061380006801489210336042C0004E00841
:100D80004C118B21C02B6C1D8B05802C023620044E
:100D90004C11E004C02B6C1D004600160004E13825
:100DA0000016831144588C0B0C09E81C402D67C9B0
:100DB000A10B807B709880B58C0B68000006807B4F
:100DC000A17B6138871100048C15801C6B18EF958E
:100DD0008C0B6FF863110C09400AC02D8275E080FE
:100DE0006FF875A86B588C0B8C0B6FF86FF86E88CA
:100DF00081858C0B6FF857C80C0B8C0B59388C1BEA
:100E00001606EFF889116138001CAC04E0080136C1
:100E10006C1D4C018C0B402BEFF05248807B2C0456
:100E20008B11217B11E8801C280480008018A17B95
:100E30008016C2198018A4048016C2198018A40450
:100E4000F3F8421092C58016A17B2404C2198018C1
:100E5000A4048016421080188016F3F88018A804A5
:100E6000F3F842108A9580166FF863C820048C0B43
:100E7000E00402B66C1D4C118016C02BEFFC51E84B
:100E8000613C10862004839180188321F3BC4210BA
:100E900000C600168004E110421080180016F3F816
:100EA000401895118C0B68186110414680148121FF
:100EB00080048426A0048096E0198018000680161D
:100EC00042E661380004E000001CA8F1E13C008625
:100ED00080188004F1FC42108E0B0016F27C0C0C82
:100EE0000C09DD93C02C6D15E088400A0C198C2587
:100EF000C02C6D21E088420A20048A65E004027655
:100F00006C1D4C110016C02BE138004687110004FF
:100F10008C0B0016E8007BA867C90C098171402D75
:100F200080B5A70B68006528807B8C0B63110C09CA
:100F3000404AC02D80E5E0806FFC4C6877F88C0B50
:100F40008C0B6814E035A17B6D150C09400AC02C90
:100F50008645E08C028620044C11E004C02B6C1DF9
:100F60008C0B0016E80079C867C90C09807B402DFE
:100F700080B5A90B680062A8807B8C0BD8B5A17BDB
:100F80006D150C09400AC02C8425E0906FD46F4881
:100F900020048C0BE00402966C1D4C110016C02B33
:100FA0007BF88C0B0C09EFC4C02C6D156088400ACF
:100FB000D26581716D210C09400AC02CD0A5E08852
:100FC00002A620044C11E004C02B6C1D0C098016F5
:100FD000C02D6311E080404A70F884258C0B6FF8B7
:100FE0006FF870486F188C0B8C0B6FF86FF86F6888
:100FF00079188C0B8C0B68004DD883358C0B681CD2
:101000006FF8628801958C0B013181010C1B8C0BF0
:1010100050588E2B8271EFF8E0400E0A210BFCF540
:101020003138807B7C38DFFC8C0B680066350C0B1C
:1010300081714016E080404A9FFC30886FF8582844
:101040000C098C0BC02D6311E080400A62F88EB54C
:101050008C0B6FF86FF859685CF88C0B8C0B6FF881
:101060000C098765C02D67C98215A30B68005AE873
:10107000807B8C0B2DA8A17B2004DFFCE0040256B2
:101080006C1D4C118016C02B6C810C090200C02C09
:10109000E51DEC0440C682C583116104001680047E
:1010A000E10C018602060004801EE800FFFC2158C6
:1010B00040C6A10B0206010400058000401180001B
:1010C00020A880004218FFFC8C0B6FF843B6200468
:1010D0004C11E008C02B6C1D8311001668007B4882
:1010E00057358C0BC1C3807BFA7C040CEC301EF0AE
:1010F0000486006B0C09E13CC03863150C19A50B84
:10110000402C0E99C1140106C000000580000206A3
:101110008110010680000005410600168004E114DC
:10112000E019801888048016421080188016F3DCBD
:1011300080188804F3BC421000C600168004E11039
:10114000C21980188C0B0016EFE45A4881013E0E3C
:1011500050863C0E0391E124E1244E46612454C69E
:10116000A185810100067C0E4C01E008C02B6C1D9E
:10117000EFD4598860080016E01042C66C1D4C017F
:101180008121402B6814690800C68C0B8004E1445F
:10119000816580B8EFD4596863294C91A004C038A8
:1011A000400A800880C5E08063290C09A10BC03883
:1011B000560A8245FAE5E08C63290C09A10BC03878
:1011C000FD45FA55E8146DE88008A004E084404A23
:1011D0000C0980C5C038632980C5A10BEFD45728FE
:1011E00063294C9155F8C03855B8EFC00026EFD4AC
:1011F000428660084C01E03C402B6C1D6538812123
:101200008C0B6814E14400C680B880045598816551
:101210004C91EFD4C038632980089C04E080404A98
:10122000560A8245FC85E08C63290C09A10BC03865
:10123000FD95FAF5E8146A6880089C04E084404A49
:101240000C0980C5C03863298285A10BEFD453A84F
:10125000E13C0086801880048016D01963294C91E7
:101260000086C0388004E13CD019801851B880163F
:101270000C09EFC0C02C6EA90106A30B000581105C
:10128000409180009E258000E11400C68008800403
:10129000E084400A50589AA50036EFD442266008F0
:1012A0004C01E004402B6C1D5FD881218C0B68142D
:1012B000E14400C680B88004503881654C91EFD479
:1012C000C03863298008A804E080404A560A824555
:1012D000FC85E08C63290C09A10BC038FD95FAF55B
:1012E000E81465088008A804E084404A0C0980C519
:1012F000C03863299225A10BE90DFC044D389025D7
:1013000000C6EFC0574661100004E1108018832129
:10131000F3F84210811100160016AC045C389511E8
:101320008C0B681443462C040486E1100096E13CC3
:10133000E11400C680088004E084404A40000205B1
:10134000C0000206C000401180188804F3DC42107F
:1013500088048016421080180016F3BCE11000C605
:10136000801880040016C219E00C41F6FC04BE0E81
:10137000E80D82019FFC2F88BC0EBE044A188185AF
:101380004C91EFD4C0386329EFC048E863150C09CD
:101390004F064038A50BE11470B882158C0B6FF81E
:1013A0004C01BC0EC0386329E13C008680188004E3
:1013B0008016E01980189C04F3BC42103C0480168F
:1013C0000C0C98F1DD93F27CFA7C040CEC301EF0EE
:1013D0000809804BC02D67CDE08C400A080B96D5DC
:1013E00040166BE1668112401440C0B540B56541BE
:1013F000BC4E817173F140008803C0FF640110008E
:1014000000404028C0B366B100407C0EC09C6741DC
:1014100087B5BE0E7C04A80A73F14C0028BAC0FF41
:10142000816B88636D9880F5880B6810A10B3C4434
:10143000BE048C1580F5816B68106B283C44880BCA
:1014400088F5A10BA10BA40A240A86A5A41AE0B76B
:10145000210B9E0973C1441020BFC0FF0016C9179D
:10146000A4BF0000E686400A4507E1BE0165902B57
:101470005934801BEC040210A11BC93EC407FE7541
:1014800004918083827184A1E49C0F0A8101F0851C
:101490000C0C98F1DD93F27C6C1D08294000402B68
:1014A0004801F3F4402D67CDE00C0E36600C023697
:1014B0007538880B230BEFCC0E0698F18E0BC0000D
:1014C000F27C0C0CC1C3DD93FA0C040C827B006B24
:1014D0006D210C098181402CE084400A40C68AE5D8
:1014E00085316104834100048C0B0086637D0C15FB
:1014F0007978C00B822B681463110C09404AC02D07
:1015000082C5E0806FF85E0848188C0B8C0B68145D
:10151000794102068C0B5DCDEFF862C80C0B81554A
:1015200064388E1B008BEFF446388C0B0C09E814E2
:10153000C02C6D01653D4C01900BC022F20C0C0CCF
:10154000C1C3DD936C8100090200C02CE51DEC04D1
:1015500040C682A58311610400168004E10C018657
:1015600002060004801EE800A10BDD93DA005C088F
:10157000610440C680048111DD938016FA7C044C1E
:10158000826B007B6D390E098181402CE080400A1E
:101590000E099CE5C02D63116D414E81404AC02C5F
:1015A0004070E0805E38DC001406C80091B16138FC
:1015B0000E098BF5C02D6311E080400A12060475F8
:1015C0000206C0005DCD79415DB88E0B01D5EFF804
:1015D0000331808B0C1B8E0B6218922B008BEFF467
:1015E000120A8291FCD5E0406D410E09A10BC02C7E
:1015F0000000140580000266800040130D410E09B2
:10160000000A802C1405F00440B38000A18B000078
:1016100001118AF551788E0B0E09E800402C6D41BE
:10162000A10B808B0000140580000276800040131F
:101630000D410E09000A802C1405F00402960000EA
:1016400040138000A18B00000E1B8295401666356A
:101650000E298E0BC02C6D096FC84188808B8219B2
:101660006D410E098201C02C6D414E010E09C02C46
:10167000C02C6D416D110E19C30DC02C900BE67579
:10168000F27C0C4CC1C3DD93638100158531400BA6
:10169000638500258141400BE0142C48FA00040CBE
:1016A0000C09806BC02C6D516080400A82858101DD
:1016B000680056880C198C0BC02D67C94060AB1BA5
:1016C00068389C000C198FFCC02C6D51E084420AD4
:1016D000625882858C0B6FEC67C90C19B11BC02D49
:1016E0009C0040608FFC67286D510C19420AC02C89
:1016F00082A5E088680056280C198C0BC02D67C99C
:1017000080B5B31B0C0C8C0BCBF5F200F2000C0C6B
:10171000C1C3DD93FA84040C0C09806BC02D6531C4
:10172000E080404A0C0980E5C02D6535E080400A24
:101730000D118C85794104064EB8DDCD8C0B6FF808
:101740008085A10BF2840C0C6BD8DD938C0B6FF4AD
:101750006AAD0C090C79C02BC02C6CFD1E79A30B53
:101760009C00406008106BA89A8002746D510C09AF
:10177000400AC02C8425E08C61344106E00845A66F
:10178000027400044C21FA80C02B6C1D8C0B0026C7
:10179000E8004D68F4F5A10B04060F11DDCD794189
:1017A0000C0C8C0B0B58F284C1C3FFF8FA04044CE8
:1017B0008101006B6FE06568007B8111E148418623
:1017C00080088004E090400A0C098CC5C02D67CDCC
:1017D000E084400A0C098C05C02C6D15E090404A4D
:1017E0000C0980C5C02C6CFD88B5A10B603C41F68E
:1017F0004A7883114206EF7C8C0B6000EFE0794859
:1018000061380106E00C43F60C298004C02D67CD39
:10181000E088444AC00040154216FE358C0B60003B
:10182000EFE0782867CD0C094000C02D4C01F3ECA7
:10183000C02D67CD8E0B0311EFE061480C4C810188
:10184000DD93F204FE7C040CEC601EF0806B3E1E07
:10185000650D0C098111402B81A10B1E002A911CE2
:10186000810160040098FE0EC0004001645002F047
:1018700077988C0B80ABEFC86048020664988C0B9D
:101880000060E81440096401610112067C0EC0206A
:10189000E6E41006817109156E190C0B400AC0159B
:1018A0008C65E49CF09C4062688100B9160AC01BFC
:1018B0008A65E3FC40010178BE04C0000406A10B68
:1018C000061600244060800042901C0042629C008A
:1018D000450650A00646C0184060400068F8DC008D
:1018E0000B34E804E4400AF08C1B0C0B964B7C2470
:1018F000EFC87588A1AB80AB7E1484B5910A81A135
:10190000FB800214FE0E820312900271C002650178
:1019100066C11080FE7DC001FE04F00562994C0393
:10192000140BC0160C0CB0F1DD93F67CE11000C670
:1019300080188004F3F84210DD938016FA84040CBA
:10194000807B026BEFEC798882B5A10B66350E1BAC
:10195000420AC01680E5E0808C1B0E0BF2840C0C52
:10196000E01016E8F2840C0CC1C3DD936389001506
:101970008531400B041083411538EC28C1C3E014B5
:10198000FA00040C0C09806BC02D67C98235AD0BC1
:101990006FFC51C8A10B8C0B0C0982B5C02D67C917
:1019A000701C000A80D581010C0C8C0B10D8F20041
:1019B0000C0CFFFCDD93F200FA84040C8171006BC7
:1019C0006D150C09400AC02C8CC5E0906FEC55C811
:1019D0005AB88C0B8C0B6FEC6FEC68E80C098C0B15
:1019E000403864B5A10B807B04210060026000E1F7
:1019F0008054070107410460066000548058064186
:101A00008FD042A864B90C09A10BC038070100604F
:101A100002600054805407410FD04788064004609C
:101A20000C098058C038632180C5A10B0C0C8C0BAD
:101A30002BB8F2848E0BFFECF2840C0CC1C3DD9347
:101A4000FA0C040C0A86006B0C09EFDCC02C6D0D3F
:101A50006D150C190C2BC02CC01666316CED0C7971
:101A6000404A402C0C89E080C02C6C716CF10C4910
:101A70004210402C0214DC20400A1C0C0660E0904E
:101A8000C0B30531053506608C3880B36D114C311B
:101A90004610402C4C31FC10C02C6D154A0A94584D
:101AA0000424E0840424C084854BFA80DC100234D2
:101AB0001C504210E08C404A6D154C114010402CD7
:101AC0004C0193F0802C0D15547880858C0B6804A4
:101AD00063110C09400AC02D0C09E080C02C0D15C3
:101AE000D3F840000D154C01100A402C8465FFFC12
:101AF0007A800084FA8002740C09811B002C0D1579
:101B0000800002060D114C114000802C4C0193E026
:101B1000802C0D150C0C8101DD93F20CFA00040CE5
:101B2000680043084898806B8C0B680C6C110C099A
:101B3000400AC02B8465E094EFDC4006400A800830
:101B400082B5E0806C210C09A70BC02B4FB882B581
:101B50008C0B6FFC68046B0881458C0B6FD44EA80E
:101B6000A10B8C0B575882558C0B680080B5A10BCC
:101B7000680044E881018C0BF2000C0CC1C3DD93BA
:101B80006C21001945C6402B4021E008C02B6C1D7C
:101B90004226A31B40118000802B0C1DA71B8A45E9
:101BA000A51B8205800042360C1D40118515802B37
:101BB000E00042466C1D40110286402B8428EFDC79
:101BC000F0C04420E040040A842880E5F0C04420AE
:101BD000E080040A842880B5F3DC442000298426B0
:101BE000C02B6C11E094440AC0000416C0A042212E
:101BF0006E09001BC419C0156E09401300864015FC
:101C00008018EFDCF3F84210DD938016FA9C040C88
:101C10008101007B6FE04268818181116C210E0996
:101C2000806B402BE00843D66C1D4E11A50BC02BDA
:101C3000A70B88450E0BA275C0156E097375400081
:101C40000004C0FF4E03FC9440156E0960988E0B93
:101C50004838EFBC8E0B680064D50E09A70BC02B6B
:101C6000A50B8605008608C5A30B8FDC03D588F578
:101C7000EFDC00866E090E0B4000C015C0FF7371CB
:101C8000FC9400046E094E030C0CC015DD93F29C0D
:101C9000EFDC0086424A801880E5E08C6C150E1956
:101CA000420AC02B80A5E08401558008FC0800048E
:101CB000C8098008EFDC02864F9884068E0B6FE41B
:101CC000EFDC1286400AA40882B5E080400AA4082E
:101CD00082F5E0888E0B3D11EFE05268680049689C
:101CE00087258E0B8E0B3F11F29C0C0CFFE011C868
:101CF0006E090E0502064009C0FA6001E002401AB2
:101D000064CD0E150404C005D017E184C20D841300
:101D1000C00000460002401AE14C0386040E841401
:101D20000E0B9511C0156E09FC9800046E094E0348
:101D30008E0B4015EFE04F88603C41F66018831130
:101D400047D8EF785281EFF00311E0A00C0C8C0B18
:101D50003878F29CC1C3FFDCFA00040C0146006B2A
:101D60000004E124E00843E66C1D4C114546402B7D
:101D70000C15E124C0096E09882480080834C507C1
:101D8000F00C4400681079A802868C0B48866FDC42
:101D9000860EE03CC424860468B10C3B480AC00AA5
:101DA000000E6692C3D06400600E400A8823C947C3
:101DB0004002C50D020991884000C0004201DC04C8
:101DC000000640004C05C000C00564CDF2000C0CBC
:101DD000C1C3DD936E09001504064009C0FA600115
:101DE00064CD0005422AC005D007E006E184041452
:101DF000C01D8403C00000460006400AE14C038673
:101E0000840E8414C1C3DD93FA00040C41F6006B08
:101E10004C01E008402B6C1D4858B7118C0B6FE04B
:101E200064CD0C15028AC00580F5E5948C0B012168
:101E3000F2000C0CE01006C88C0B3B11EFE0474899
:101E4000600442468C0B8121F2000C0CE010060865
:101E5000FA7C044C0006006B0004E13800BC83B13E
:101E6000E1940046A1AB80A80C298265402B6C1D33
:101E700067388C0B941B6FC80E08A10B0E60C00056
:101E800040B3645160B88C0B8E1B6FE067CD0C09BA
:101E90000204C02D420AE1908219608006314C1381
:101EA000400A40168625E0846C110C19424AC02B6A
:101EB0008465E09461380306E00C45F6404A8414DA
:101EC0004225E0880C09C000C02D07CD4000FE353A
:101ED0004C01F3ECC02D67CD64D10060106040B3BD
:101EE000C0AF641181A10F0E819113A5FBFC160AEE
:101EF0001311A60541788C0B120AEFE041067BFC1A
:101F00004C01E000C02B6C1D41269CA54C01E0005B
:101F1000402B6C1D5DD88C0B0F14E80063388C0BC4
:101F20001911EFE07FF88C0B4166EFDC4C01E0000B
:101F3000402B6C1D6F388C0B80ABE80098F5A1AB83
:101F4000E00041366C1D4C018C0B402BE8105968A9
:101F5000A1AB80AB414696954C01E000402B6C1D37
:101F60004A788C0B80ABE8149435A1AB6D090C0951
:101F70000C1BC02CC01666356C040400E0004156F2
:101F80006C1D4C019E29402B8C0B0219EFC077E889
:101F9000A1AB80AB41768E954C01E000402B6C1DCF
:101FA00054F88C0B80ABEFFC8C35A1AB613800068C
:101FB000E00043864C118004402B6C1D001C8511F1
:101FC0005E388C0B80ABEFF48835A1AB6C710C09DB
:101FD0004396402C4C11E000C02B6C1DE3FC000A22
:101FE0000C1980E5C02C6CED1606811B01F58000F4
:101FF000411681A14C01E000402B6C1D42388C0B36
:1020000000ABE800A1AB83918391E4258E1B0C0B00
:10201000EFE05468901B0C0BEFE057A8D8E5A1AB9C
:102020006C910C09210BC02CE00041A66C1D4C01E9
:102030004060402B53D89C00940B8FC8F27C0C4C12
:10204000C1C3DD93FA04040CEC501EF00306006BD0
:102050000C0BE008C0156E096C1D4C118311402B50
:102060006D094C11404AC02C810160940D0D0C1972
:102070004C03C02CC01666716CE94C014210C02C98
:102080004C11DC40C02C0D0D69650C150C29C00DE0
:10209000C02C6D0DE000021AA0000038442080C55D
:1020A0004C21F3DCC02C6D0D66350C1B4420401612
:1020B0004C01F3E0402C6CED4C21C229402C6D0DFD
:1020C000E00C45F66CF14C21420A402C4C03E094A4
:1020D00040160681E088420A0CF94C21420A402C45
:1020E0004C01E08C402C0CFDE090420A03354C057D
:1020F000420A400B4C21E09CC02C6CF5685880E5EE
:102100008C0B6FF066350C1B420AC0168625E0A0CA
:1021100067F10C598C0B402767ED0C490C39C0272F
:10212000C02767E967E50C290C19C027C02767E1BC
:10213000E8044188A17B807B0C1B9EF5C0166635A8
:10214000E0A4420A031182854E7881218C0B6FC076
:10215000A17B807B0C1B9C35C0166635E0B8420A1B
:102160007BF880E58C0B680CA17B807B0C0998B513
:10217000C02D6311E080400ADC004060CFEC67C8EE
:1021800065510C094346402B0414E10400008551BD
:102190008E09EC040C098406C038632D4006210B1F
:1021A0004C01E008C02B6C1D0C0982F5C03863158A
:1021B0000245A50B80000A8600C5A30B80000A66B5
:1021C0000A46A10B0260800040546541641104601E
:1021D0000860C09E40A26671E43000F006F021560F
:1021E0007F58E410A10BEF800C1D0C290206402B38
:1021F00084B5C00460084416645000604C21C09E41
:10220000402B6C1D64A102607818C0A3A10BEF8065
:102210000C298605402B6C1DE00402166E8D4C15B2
:102220000E56400A4C05E00C400A6E89E00C02563E
:102230006FC849480E0B8C0B0C0CA8F1DD93F2040F
:1022400069650C05A10BC00D0C0980E5C02B6C1154
:10225000E094404A414684E54BE6614C0004E00CC2
:1022600066D106600C29C0544015630D66E1086014
:102270000C19C0A3C01563096C1D4C516278C02BAA
:102280000C09EFA0C02B6C116094404AE00C004692
:102290006C1D4C018645C02B66B10060026040BFDA
:1022A000C0C0652164C10460066040ADC0AD652159
:1022B0006FAC7288662008600060C0AE40D865616F
:1022C0007078811104C66F707765E010C1C38171A9
:1022D000F87C04CC6D0D00C90316402C4011E008B9
:1022E000402B6C1DEFDC48066C7900190079C02C7E
:1022F000402C6C75FC0010C46D0D408100ABC02CEF
:10230000C016663100198D1EC02C6D09631500B50D
:102310000069C00BC02C6CF900198F1EC02C6CF525
:102320006635005B0099C016C02C6CF1F860082976
:10233000E084440A0F1B865506108331020A4404C8
:102340000616E3FC120A00004031E3FC402C6CF559
:10235000808583210490959B4021C404402C6CF11E
:1023600082CFF111C4C9076563FC020A1654964B6B
:10237000832161B483310245E0840674FA80063417
:102380008331071BC40406106CF54031120A402C3F
:1023900080E5E3FC02A4C2A7839BFA80C4040490F6
:1023A0006CF14021560A402C80A5E080FA8002346E
:1023B00080F5CE1DE080564A464A80E58085E08063
:1023C0005880015558C0FC1808BBF3E0EFDC480604
:1023D0006D0D40C1580A402C82C5E084FA80026429
:1023E00083110F1B44040260F3FC0C0A80000216E8
:1023F0006CF940110029C02C402C6CFDFFF8020E36
:10240000FFF80C0EE3FC040A44040220E0B44A0A7C
:102410006CFD40118855C02C42C2911118C47884BB
:1024200022CFFC0C40C1A11BC02C6D0D8D1490154A
:10243000020A8F3480E5FBFC7A800214FA800434AF
:1024400084F5832B6CED00198321402C6D0940210C
:10245000020AC02C88D5E3F08D148575020A8F34EA
:1024600082A5FBFC7A800214FA80043480E5832B79
:10247000E40402306D0940118395C02C6CED001905
:102480009121402C788844C2FC0C18C4832124CFAD
:102490006D094021020A402C40C1E3F0C02C6D0DB3
:1024A0000C1080654061E404C02C6CED6CED0019EB
:1024B000A11BC02C42C082C54011F3BCC02C6D0DC5
:1024C000421090189016F3F86D0D00C98315C02CBA
:1024D000E08C584A00198225C02B6C11E094424AC6
:1024E00058C000B558C0DC4040C1F3BCC02C6D0DD5
:1024F000E08C584A00158405C00B63158265A11B4A
:10250000633500258311400B0220972B4015C4042E
:10251000C00B6335F07C0CCCC1C3DD93FA04044CD2
:10252000680C46880E01807B402C6D01008A816119
:1025300082D5E1B86C1D0E290C46402B0246E00CFA
:102540008E0B600CEFC470A80C06A10B8C0B8000E6
:10255000F2040C4CC1C3DD93FA00040C0C09806B2F
:10256000C02C6CFD80F5A10B6C6D0C09404AC02C91
:102570008265E08C63350C05A10BC00B0C158265E0
:10258000C00B631580D5830B6D150C090555C02C48
:102590000C09C609C02C6C6DE090400A0C09862518
:1025A000C02C6C898485A10B680C42480C118C0BE3
:1025B000C02C6D056C890C290C01C02CC02C6D0140
:1025C000F188461282F5870D840D82230C098295CD
:1025D000C02C6D15F3F040006D154C010C0CC02C97
:1025E000DD93F2006D150C194C01C02CC02C6D054B
:1025F0004C11C619C02C6D15C1C3FF3582C5A93B4E
:1026000002A5A33B818804248485A53B8485A73B40
:102610005C08A13B0FD8DA008975FF705C08A12B1C
:1026200045349A00EC0404207BFD4630C13EDFFFB8
:102630008131FF6583318145DD938125F81C040CD0
:10264000900145274BFE0141C03F7FFD04848595E5
:102650000674A33BC4C48841A01146641BFD50808E
:102660004E709FFF1FFF1BFD12748A8F58C060E0E1
:102670009FFF1BFC1BFD4C60B09F1FFF10C45177D8
:1026800061C7E0C0FB800E7418C450672E8FFA80BB
:102690004095B86F4085F8084065F804C54DF00CCA
:1026A0000C0CF4F5DD93F01CF81C040C900145278C
:1026B00049FE0131C03F7FFD7FF10A0E180E403FF9
:1026C000C03F7001026583D58631700CF808027531
:1026D000F8040285781052624095F1671274780808
:1026E0000A9FE0A02C9FE177E0C00C84780440951D
:1026F0002E6F986F4065D1874085F010C53DF80C6E
:102700000C0CF875DD93F01CEC401EF060180029ED
:1027100000498131BE3EE010C5277C3EA72B7E3E9E
:10272000668A464A0A2683411806000082658000B0
:102730008151252B814103C1A32B80C5015180F517
:10274000814181C1FCCEBE5EC008FE4E0034001344
:1027500001B5FA80484A81310AF0610A8231E410F9
:102760000A45C447C546FC10FA800834FC95C14DA3
:10277000A0F10101C1C3DD93EC401EF0601C0029F3
:1027800000498131855160147C3EBE3E272BC52710
:10279000E68A484A18167E3E8205800081C1252BB4
:1027A000A32B80A5015180D5BE5E81C1FECEFC3E2B
:1027B000813142080044001381A5FA80610A484A29
:1027C000E4100AF0C4478231FC100A450834C546BB
:1027D000C14DFA800101FC95DD93A0F1F81C040CB9
:1027E000610C07C6E10C490646060CC40C64E10CFA
:1027F000E10C46864F8610540C44E10C1C348B814E
:10280000E4600E001C988175EC041080DD98F19650
:10281000A18BD9961800FE35896164747178815551
:10282000EC040C60A16BD5761D51FE75815580CBF3
:102830000A507168D166EC04FE75A15B95411C01DC
:1028400041588155EC040840A14BCD560020FE753F
:1028500083316C0468800034080081C100346C044A
:102860000A00E88881016C04816103450E54E92D5A
:10287000000448B08255DB80E8B00E44006000736D
:102880000034E4300E7468800E03FB8086C18261E0
:10289000FAB58D1B610442066BFC010A0414C0FFEB
:1028A000DB80000404010000040CC0800C0C8101DA
:1028B000DD93F01CFA04044C4216006B6298E000B1
:1028C0000C09E80C402B6C45E10C42460E600414E8
:1028D000C0AF6431000CA90B0406E20071588E0BE6
:1028E0008C1B6FFC6438026074788E0B0C19EFFC43
:1028F000402B6C39E46000606C410C298131402B25
:102900000C498185A14BFC044116807582118231EE
:10291000FE15C53D6C3D0C090260402B0C39E4747A
:10292000402B6C45446281410195F08088589C2180
:102930008075A15B8241450682210201FE15C74DCB
:102940006C450C298C0B402B6C410C197478C02BF6
:102950004298EFFC8C0B68100C4C8101DD93F20463
:10296000FE7C040CED401EF04016006B089BE0045A
:102970004C0186AB402B6C1D010184BB5EB1828B88
:102980008A7B613061205EA1E2800206E1105E91E7
:102990009F0EA10E5E019D0E5E01E0D05E01E0C0C3
:1029A0008C0B60B0E80C5B689F2101118C3B0C0B19
:1029B000E80469A860900084E18C028440000D8ED8
:1029C0004E09F1C0E0040E6A71845002937E8F01BB
:1029D00000B8958E80004001FA800084150E9001A9
:1029E0005E0191019F0160B040A20F0EB20FF9ACE1
:1029F0009AA5A10B4F761E89118EE000F0AC50A273
:102A0000928307656C1D0C294376402B4A58E000E1
:102A10008C0B6FC45EB1A10B5EA1C1305E91C12071
:102A20001548C110160AC00081017000440400B0AE
:102A3000F000164A6200020CF000144A6200040C16
:102A4000141A828381117000240502A0848340003F
:102A50007000124A060C8121121A62000490F000E4
:102A600040002405049B868380BB82ABF265E88D21
:102A70005EB193045EA1E1301104E1205E91A30BED
:102A80005E07E1101504E03CE4200E001E75897E0F
:102A9000160A40201074FBFCB003FA8044000C2599
:102AA0001504F07CE080500AA12B8875A001888570
:102AB00060D05E01F3C0420065C4028A02808E0BC2
:102AC0000080043C5E118C04838580D06C1D0C2931
:102AD0004376402B4418E0008C0B6FC4E0004F7627
:102AE0000F48A10B9BA1C000E1205EA1A12BF145E5
:102AF0008440000060D05E015E018E0B00F0E0C0FB
:102B000016F065003E0EE4D0E4C008F004F00B2E91
:102B10003CBEE530E4B00AF08C0B011168004DE8D2
:102B20001EA98C3B140A60C08605FBFCE0804E0A9F
:102B3000443C0270CC040070C0D05E118B0482B59E
:102B4000E040000AC0281E05C440000080281E0581
:102B500060D05E015E018E0B00F0E0C004F064F016
:102B60003E0EE520E4C008F00AF03CBE0311E4B0DC
:102B70004B388C0B8C3B680060C01E99FBFC120A22
:102B8000504A86A50E70E0805E71CC048495C0D05A
:102B9000A10B8B0480281E0580D05E01950482A5C0
:102BA0005E01A001420060D0028AF3C00E80E5C43D
:102BB0005E718C085E7180D000F0E0C004F064E0CB
:102BC0003E0EE510E4C008F00AF03CBE0511E4B08A
:102BD00048388C0B8C3B6800807B858196D5A17B27
:102BE0008C3B13141E198F04A11B60C040101E25BE
:102BF000FA800004FB8040A27B804092FA8002149D
:102C000040205E25FB804212040491048C0B7A80E4
:102C1000E80456A8A17B807B0C0B90354CD88C1B0C
:102C20001E07E80040C6603C0004E1080121851150
:102C3000020681710016C000E1084106022C8004E2
:102C40000026E200E108414600168004E1084186C2
:102C5000020C80040026E200E10841C60016800450
:102C6000E10C000683110004004600168004E10C0C
:102C7000008600868004E10C8D3480269F14A10418
:102C80004C319D24C02767E167E54C014C11C027FA
:102C9000C02767E967ED4C214C71C027402767F5D5
:102CA0001304A9319F248B411D04A1144616A10BC6
:102CB00008F64000442AC000D017668EE692400A0B
:102CC0008023822369594C250E0BC008E5401EF075
:102CD000F67C0C0CC1C3DD93FA7C044C93348F3E1C
:102CE0008B7591649488909894F5D19D500218A8A2
:102CF0001079F0A44027634156A283C110B4F1A417
:102D00004E7061901684FBFC16C4FA80967FE8AC86
:102D10008675A17B108A0FC40EB6F410161600003B
:102D20004E7280000E7491A018799A8016B47C249B
:102D30009893889CA476B67F0E7088788876EC0489
:102D400082718C7498A88C7E7A8012A4EC040E1088
:102D50006480149098A6E57DA11B8455148A86553D
:102D600084F5F6000E904AA750A0ED44B073F080B1
:102D700090789876EC040E7081B59076F3FC150A85
:102D80000E9082159876ED880E7090789076EC080B
:102D9000A18B888881C5EA156C1D00294366402BEC
:102DA0006DB8E0084D666FC0A10BE00881618055E9
:102DB0000C4C8C0BDD93F27CF87C040CEC401EF088
:102DC00066B104009131408B814101550630494E76
:102DD000A13BEC040121FE95015181318B9581418C
:102DE00010447C2E7E1EFA80F408088A888104280C
:102DF00081913E4E0C2488AB0E2461940469E19CC1
:102E0000E18418240E242E6F0879E18C2E6F90C96E
:102E1000386F9E294867A9C1800058168B612C2FF6
:102E200000000CF6FA800E244E0A85758665E4A42F
:102E30007A8008A4F000065A7000060A041C98BBA9
:102E4000025462004447FA80DC0056604402051BCD
:102E50000415F09040086BAD8010160644159613CB
:102E6000C0086BAD600C121A0A0A829154807BFC78
:102E70000A0CBC00B19BE2007C24F635BE448339C9
:102E80007C0C040A020C82217E14E200821182432F
:102E9000F43C050A0101E8C50C0CA0F1DD93F07CBF
:102EA000FA7C040CEC301EF04056006B4C01E00044
:102EB000402B6C1D7C0E810171788C0B0C09E80095
:102EC000C02B65F9E080400A050100600206409BC6
:102ED0004FF8C00004064F6C0C09C018C02B6C21C1
:102EE00088F5AB0B6D210C094000C02CC209F3F032
:102EF0006D214C018C0B402CEFF47AC86D210C092C
:102F0000807B402C4306217B8321EFDC400004269C
:102F1000C409F3F06D214C018265C02C6C1D0C2995
:102F20008C0B402B6FC061A8A10B8E1BC0000C380E
:102F30008111017181A1135512B43E34D09DFA80E4
:102F4000004A9C359AC5FBFC7000060A0111960BDD
:102F500084058121F004060A000000069C0042B0AE
:102F600004060225060A800082B5F00881110101DD
:102F70004C01962BC02767E567E94C114C21C0270F
:102F8000C02767ED80F5A17B6FF47648807B8C0BC2
:102F90008245A17B6C1D0C298C0B402B6FC05DE81A
:102FA000A10B8E1B02F0A0F58C0B6420E8004E886C
:102FB000807B7C0465F90C194486402B400AE03C78
:102FC000420AE00ACF07E0808405FC0E7A8002A462
:102FD000650004600614C09B0433E0888C0E8223D5
:102FE000E40044B14411BC140C1BE50040156AF91F
:102FF000C30D82A1D19D862507F50C0916B0402787
:10300000E675C4046AF50C1BC11DC0150C1B8205B6
:10301000C0156AF143F6430D8855E00C415603C5CF
:10302000BC14E000160A83D543F670148615E00C34
:10303000020ABC148495F00C6AF50C1BC11DC01566
:103040000C1B8205C0156AF143F6430D8215E00C96
:10305000E000414667F54C0143F64027030AE00CC7
:1030600086D5F40C67F50C09004AC0278605FBFCE1
:1030700067E10C298C0B402782113E1E02143C1E76
:1030800041D8FA80808BE8001656EB8D00060000D0
:10309000D4658000E000413667F54C014CA1C027A3
:1030A00040266CF173D88C0B4106EFB481116FDCB4
:1030B0000E0B80160C0C98F1DD93F27CF81C04CCFE
:1030C00067F10059A71B402718240131153CE18CFA
:1030D00005418F6180040F5602160485251B800070
:1030E000E0084EA60000020680001006231B826541
:1030F0000295814103568111834160048111291693
:1031000012F08381B09FE4503863A476FBFC0A4A36
:10311000701C58200A648121FF617A8000000486B7
:10312000E8B01864084405554C12FA8010F0708815
:103130000063E4500C798B1B40276341E1FC0C14C5
:103140000C6482634C12FC001069F1984E727C187A
:103150000C7F9830A17B816150045070C1840E7443
:103160004C627E750634D0A088137A808A1D8C3319
:103170000034F6A50CCCFA80DD93F01CFA0C040C9C
:10318000827B006B6D590C059121400A6E0D0C1568
:103190005EB8C0090C29EFA8402B6551E1184346E1
:1031A0008351041484188448637D0C359E49C00BF8
:1031B0008E19C9170224235F63F8E09004546FA8A6
:1031C0004678E890808B6FE8601002066598902B37
:1031D0008E3B6FA8A17B807B0C2982E5402B6C1D68
:1031E0004BB88C0B8E1B6FC00E06A30B8E0BC00052
:1031F000F20C0C0C8101DD93F20C0C0CC1C3DD93BD
:1032000064C100390216402B4011E00C402B6C1DAC
:1032100000198341C01562196635002B0059C0168C
:10322000C02B650D6C7540110019C02C402B6C1122
:10323000700544204031C080402C6C7D7EF94420D4
:103240000039C079C02B65096094424A401185114C
:10325000C02265956D3140110206402C4041C000EE
:10326000C02C6C8D6C8540514023C02CC016663537
:103270006D3540314011C02CC02C0C810E1940130B
:103280004011C015C02B0C59C1C3DD93E0140229B5
:103290006635003B8444C016063482294045FC0054
:1032A000400B63154033A43F40166635EFDC0886BB
:1032B00060240229FC0C0634C22790584A50042985
:1032C000A45FF3F402299056C627E028A62F902980
:1032D00066354023042440160239FC10C837E02C20
:1032E000A43FA0396635403346304016C0FF737D99
:1032F000E03002294420CA270029F080402B64C511
:103300004033A43FC0166635E01002394031A72B88
:10331000C02C6C71002980F5C02B6C11E094444ADC
:10332000022982650239E0184021E020C02C6C7926
:10333000663140330229C0160039E03CC02C6D21B3
:103340006D3900598229C02CFC000634601C02290A
:103350004031A43F402C6D21FC04063460400249FA
:10336000F3F84A506C8940210400402CC06E64C1BF
:103370008449C2474041A64F402C6D21F3EC4840A0
:10338000E0440239A65F82396D3940510239C02CC0
:10339000C437E048A64F88396D2140410239C02C1E
:1033A0000049E04CC02C6D154630CA37484070804B
:1033B000A64FF37C6D1540410239C02C0049E05006
:1033C000C02C6D5108448239A64FFC006D5140411C
:1033D0000844402C0239FC04C237E054A83F843929
:1033E0006D5140310634402C0249FC08C447E05876
:1033F000A83F88496D5140314630402C0249F3DCEA
:10340000C647E05CA83F90496D5140319F31402C48
:103410000249816506306034C946EC04FE55A13B83
:10342000E038022968FD40210219C01B4011E03438
:10343000C0226FB9C1C3DD93FA00040CEC601EF02A
:103440000C05806BC00A6D6562190C190C29C0153A
:10345000C02B6C2165B90C393C0EC02B11168101B3
:103460000F3683118B06A32B82258D168285A72B01
:103470005E11A52B042600248085800045F61306E6
:103480000345E00C0C4B833140156E090C25FD51B2
:10349000C00D6965212BCB47060C8521C84B620006
:1034A000041613364642C0000C49F994C02B65B58A
:1034B0008B21092600162706C040701182490B0E89
:1034C0008C0B1536993697369D269B16A1169F466E
:1034D000A516A316EFFC69688C0B1E1BEFFC6D880C
:1034E0000C0CB0F1DD93F200FA00040CEC601EF05D
:1034F00070000216E00404068101006B83113E1E79
:103500008B2111269B16BC0E9F069D26A306A11695
:10351000A706A506AB16A916AF06AD168C0B1306AB
:103520009716951666D899161E1BEFFC6AF88C0B39
:10353000B0F1EFFCF2000C0CC1C3DD93FA00040CF7
:10354000EC601EF08321006B61D10C190C39C015A1
:10355000C01562196D650C058916C00A65B90C198C
:103560001136C02B3C0E87318F16810165B50C19C1
:103570001B36C02B8B068D3182190D2602161F16A5
:10358000C0407011A1269D36A526A3261306A706C6
:103590008B1E8C0B97269526633899261E1BEFFCF5
:1035A00067588C0BB0F1EFFCF2000C0CC1C3DD933B
:1035B000FA00040CEC601EF08321006B65B50C0969
:1035C0008141402B62190C390A164015BC4EF0009F
:1035D000618C020411368209F88842128B311F0671
:1035E0008C0B3E5E9D369B26A346A146A716A5469C
:1035F000AB46A926AF46AD26952693469926972633
:10360000EFFC60088C0B1E1BEFFC64280C0CB0F167
:10361000DD93F200FA00040CEC601EF00416006B5F
:10362000C00460116C210C09A131402B83213E2E76
:103630008B3111366034004A020C8101BC0EE2006D
:103640009D369B26A1069F06A526A306A926A7169A
:103650001306AB06AD268C0B9526AF26992697262A
:10366000EFFC5D088C0B1E1BEFFC61280C0CB0F10D
:10367000DD93F200FA0C040C0206006B7498E280F1
:103680004046E8040F8660044C01E010402B6C1D9E
:1036900081958C8B6381100940F8C0276106E80092
:1036A000EC040E70FCF5A17B457601110C0BE000DB
:1036B0000C0C8C3BA915F20C61840404E18C02040F
:1036C00070804420F03C480060840604282FA01934
:1036D0004630C607A22F7100720040005D93A62FEE
:1036E000C1C3A40F60044826640C4B064041C020AF
:1036F000402B6C1D640D48068135C020D1C6CDC855
:10370000FEB58B4B81158531FA7C044C4106006B6C
:103710000004E1144786867B524660044C31E12C5C
:10372000402B6C1D0038AD7BE03981B100060036BE
:103730000004E118E00447966C1D4C318331402BA6
:10374000A4048036868580B68A05A37B8CC5A57BBC
:103750009025A77B92E5A97B8445AB7B96B5A17BA1
:10376000612C010680049F11014600B68004E12C03
:10377000A4048016421080188016F3E401868BA5FD
:103780008004E12C01C600168004E12CA4048026EC
:10379000421080188016FD80010689C59F11612C9A
:1037A00000B68004E12C0146801680048018A40431
:1037B000F3E442108016C419010687C58004E12C89
:1037C000014600168004E12CA4048026CC19801840
:1037D00085F58016612C0186E000437600B68004F2
:1037E000E12C01C6801680048018A404F27C4210EB
:1037F00083F58016612C0186E000437600B68004D4
:10380000E12C01C6801680048018A404F27C4210CA
:10381000FC94021481D580166C1D0C2911A6402B36
:1038200003A6E0088C0B6008EFBC59889A85A30BAF
:10383000E12C54C68008A80480F5A10BE1340146B0
:103840008004800482B5B10B6C1D0C2911A6402B9D
:1038500003A6E0088C0B6008EFBC58089485A30B06
:10386000E47D240488D580188121421942860016FF
:103870007198E03C8C0B6800614400C6E134054659
:10388000A814800480388824480A84488085E08011
:10389000B54B8844460A8E158085E08CB53B88344C
:1038A0000C29FC75402B6C1DE00811B603B605759C
:1038B0006019E00800168121E03C428668006F48EC
:1038C00000C68C0B054661448004E1348824A814AA
:1038D00084488038E090480A884480858475B34BDA
:1038E000E08C460A88348085FC75B33B6C1D0C293E
:1038F00011C6402B03C6E00852F8E0088C0B6FBCE1
:103900008045A30B73D881812404E800E00802F607
:10391000410600B68004E1146C1D4C118018C02BC8
:10392000F3BC4210000600168004E118900B00B6AC
:10393000F27C0C4CC1C3DD936004485664200B86B6
:103940004041C020402B6C1D641108068135C02009
:10395000D1C6CDC8FEB58B4BDB758D3164314906C0
:103960004BC64020C0206439CDC881358B4BD1C6B1
:103970008B31FEB5C1C3D9A5E00444766C1D40214E
:1039800041C6402BC020643905C60165C020643D96
:10399000C136C538FEB5850B81015D93FA1C044C18
:1039A0008111007B81310121EFFC6B080E70006BEF
:1039B000C09A66F1640D5106A1914020E10881751D
:1039C000EFFC67C812905D06A19BEC048C0BFE35E2
:1039D000F21C0C4CC1C3DD93FA1C044C8111007B1A
:1039E00087310121EFFC69280E70006BC0B366B10E
:1039F00064211186138640208175E01065D8E108A6
:103A00005D06EFFCEC041290FE35A19B0C4C8C0B78
:103A1000DD93F21CFA7C044C0046006B0004E118B4
:103A2000E00442366C1D4C1183B1402B613055C609
:103A300000B68191E13410C60096A804E134000676
:103A400084288014F3C04420800484269E198018A2
:103A5000FF404210008600168004E134A0048096E6
:103A6000A10B8008014680F58004E134BB0B800483
:103A70000C2982B5402B6C1DE0080FA6600803A638
:103A800046B88C0BA30BEFBC28048A45E03C428669
:103A900000B6812160788C0B00C6E80005466144C1
:103AA0008004E1348824A014844880388085A14BA8
:103AB000BD4B8844460A84758085E08CBD3B8834C4
:103AC0000C29FC95402B6C1DE0080FC6600803C64E
:103AD00044388C0BA30BEFBC81718045E80065284E
:103AE0000096A804E1180046009680040C4C8E0B4A
:103AF000DD93F27C0025A11B000B0521812C43C620
:103B00008000021580004225A31B80C5A51B80856F
:103B100083658225653100250206400B8414E1305F
:103B20000025842E400B6521E12C43C6042E84140D
:103B3000E1300206653100058414C00BDD93840E6C
:103B4000F80C044C611804460834A51B8C468141CE
:103B5000A31B882543061025A11B812C00399A350B
:103B6000402D6531E12C43064BB6041489C1E00CAD
:103B700084488239F3F848408731264F437604461B
:103B80000049E00C402D65316531000007D5C0B516
:103B90000049C247402D6531E12C430682498434F7
:103BA0004A508C58A85FF3F884348C56653100492C
:103BB0008C58C02D8849C247F3EC4A508C56A85FF8
:103BC00000498434C02D6531C2478C584A50904911
:103BD000A85FF3DC04148C56E0084BF66535003919
:103BE0001806402D8448E004A039C837F3BC48408B
:103BF0008F31264F43F604460049E004402D6535D9
:103C000065350000CA47C0B5612C4D061874984F41
:103C1000FA8006348A8F9C889C86A88F80089844F6
:103C2000C5079058270F8209A05F825F080490564D
:103C300080168311F00C0C4CC1C3DD93F80C044CBE
:103C400061880414E198478686190C546090082412
:103C500064B00600A24FC08B0A43C44781D581518E
:103C600018C05D844C85EC04A1CBF0102031FE55CA
:103C700008408251C00164011846A55B4C404000D9
:103C80007C95DC00DC004E3061984686E0004B8677
:103C90006516442A640000000C34C08CE00C480611
:103CA0008151033565124C5AF0B04E1200658463A1
:103CB0008C737C3088C144779C6E8673E0E0180A70
:103CC0007001FC55B55B825118067E558101C0001C
:103CD000F00C0C4CC1C3DD93F83C044C6188061415
:103CE000E0080B069321061966964A3AE0900834DC
:103CF000668A581A65B00C00A24FC08B81C1185358
:103D00000E608375898164408AAB089B59AE8185BA
:103D1000EC041080601C4C958891C8A1FE15A18B05
:103D20000A5002C1C002650165000840A5CB8E6B38
:103D30004B86FA3508006000C09065806516463AEB
:103D4000E00C40068151035565024E5AF09850121E
:103D500070985242867388614E8A8E83A47EE68A6A
:103D6000E2305285E0E00C0A0251FC15B55B984B3D
:103D700044E01840C0000C068101FCD5F03C0C4C1E
:103D8000C1C3DD93FA00040C6FFC44688C0B806B9C
:103D9000F2000C0CFFF005E800005D93C0286541BF
:103DA00000005D93C02B66116108038684149D2179
:103DB000030604260424E10808168311E1144506CD
:103DC000883888240836C839600106060025C040B6
:103DD000C00A6EF1A121472D0805002901460027E0
:103DE0008004E128010600268004E128DD93801686
:103DF000E128038684288414872B84380220FEB5AA
:103E00004011ED5CC02C6D01C1C3DD9360084356C9
:103E1000E12805866C1D40118814C02B8438842845
:103E2000FEB5872BED5C02206D0140114011C02CC6
:103E3000C015613165394011DD93C02260084366C9
:103E4000E12805866C1D40118814C02B8438842815
:103E5000FEB5872BED5C02206D0140114011C02C96
:103E6000C015613165594011DD93C01B6008439650
:103E7000E12805866C1D40118814C02B84388428E5
:103E8000FEB5872BED5C02206D0140114011C02C66
:103E9000C015613562F140114011C015C01B655D50
:103EA000C1C3DD936E01000B070640150C34E144DD
:103EB0008721A12BE686400A00C60C0E8014E1443F
:103EC0005C08842680049A00424A8018FEA5E08C93
:103ED00080168111C1C3DD936E01000B07C640152A
:103EE0000C34E1448721A12BE686400A01860C0EA2
:103EF0008014E1445C08842680049A00424A8018B9
:103F0000FEA5E08C80168111C1C3DD93F800044C3E
:103F100061384BC6143485618C48A12BF3EC4840C2
:103F200048460C4610C4E144B0368131B06690C4B6
:103F3000303690C4E14458866E01000BB0C4C01501
:103F40006686400AB00E871100169004E13C000618
:103F500084C8801484C6C8C980188004F3EC421059
:103F600094048016C819801880E580168018900483
:103F7000E08C424A8036FEA5F0000C4CC1C3DD93B4
:103F8000614400C680048111DD938016FA9C040C04
:103F900043E6029B086BE0044011867B402B6C1DBE
:103FA00041B8848B4206E800C26761188469041432
:103FB000424604968414E118428604868414E1186B
:103FC000420604768414E11044208428AC2FF3F4D4
:103FD0000C0C842683F5F29C61144106E11447869B
:103FE0008141001484188428CB278C348219042939
:103FF000A41F0C5A80348C4C8C48E057F3F848408E
:1040000000348C46F984405242408C488C16F2FCB5
:10401000C1C3DD9361144386E1C004044800041465
:10402000CA07F004F10040004306042C8424E11484
:1040300046308838A83FF3F8841488364420842812
:10404000A02FF2FCDD938426FA9C040C41F6009B21
:10405000066BE0045201847B402B6C1D7BD8828B65
:104060001229EFFC402C6E95E11C0246C88704140F
:1040700071C0488004269E79E1184346883884241C
:10408000F23C46308836A83F84288414F3C044208C
:104090000426AE2FE11C028684668414F29C0C0C6C
:1040A000C1C3F7A5FA84040C826B007B65350E3919
:1040B0000E29C02BC02B6539653D0E197C58C02BCD
:1040C0000E0BEFFC66B88C1BA10BE8000C0C808576
:1040D000DD93F2848C1B0E0BF2840C0CE00027E8BD
:1040E000FA3C040C41A6006B4C01E004402B6C1D13
:1040F000E00443A66FFC7D88807B8C0BA4D5A17B5C
:10410000653D0C290C19C02BC02B653965350C0990
:1041100064B8C02B008BEFA0E1040146902B000493
:104120000CA58094C0096E0D65410C39920BC02B13
:104130006FA064884C05941B400B636D0C39920B87
:10414000402B654963D8941B902B6FA063654C0589
:10415000920B400B65450C39941B402B6FA06328D4
:104160004C05902B400B63710C39920B402B654D25
:104170006278941B902B6FA06D590C159121400A09
:1041800063694C05020BC00B5EF8941B4C05EFA055
:1041900040066D49E11C02864C058414C008694143
:1041A0006B1D4C054C05C008C0086BF14C01840820
:1041B000C01B65714C018408C02265514C01840804
:1041C000C0226CA1434604088414E1186FF14C012D
:1041D0008408C0224C019E09C01B65759E09840895
:1041E00065554C018408C0224C019E09C0226CA573
:1041F0009E0984086FF54C018408C0228E09C90706
:1042000065794C018408C01B8E09C90765594C01AA
:104210008408C0228E09C9076CA94C018408C022F9
:104220008E09C9076FF94C014078C0228C0B6800D9
:104230000C0C8E0BDD93F23C68B1001B060E400A9D
:10424000C3D06401E18404146C7900398623402CC6
:10425000E006422AE1840434422A8223002BE00E45
:10426000C00A68B50206C41D421280004015D188FC
:10427000C00B6375C1C3DD93FA9C040C0C19806BF1
:10428000C02B64C165510C990C79C02BC02B65C93A
:10429000EC040010C797650D810102150C09A71BDE
:1042A000C02C0E31830180B56E314C010C09C02C3D
:1042B000402C6D0DF004000A8E930275E08C404A8C
:1042C000054D006001C580AD05490060404AC0ADA4
:1042D0000060E08C80AD0545054100608088C0AD80
:1042E0006FA04E080294900B81417A806102461AB9
:1042F000101B8C0B64B88E2B0C09EFFCC02B655186
:104300006C1D0C19C807C02B6AA94C034C03C00DC7
:10431000C011629966494C034C03C011401167F10A
:1043200052188C0BA10BE8000C0C8085DD93F29CDD
:104330006C1D0C198C0B402BF29C0C0CC1C39F857F
:10434000F804040C6E3100190019C02C402C6D0DBE
:104350008245A11BE08C424A05A1040001C580B33F
:1043600005910400424AC0B30400E08C80B305C14B
:1043700005B104000069C0B3C02B64CD005B882484
:10438000C0156AD16AE1004BA36B401568C900CB28
:10439000003BC00AC00A68CD0461006584C5800581
:1043A0000065A56B8005045D00758425400B637571
:1043B0000285A76B9C004C70645D0065CC7DC005D8
:1043C000046100654C628005424A9A9CD8C7608CA3
:1043D000026402E55857E0B04A5AD847484AE00A12
:1043E0004055E00AC00B6379637D4045481AC00B15
:1043F000D81D600A421258374045D1B0400B638146
:10440000481A8141423AC00A4045E00AC00B638520
:10441000638940158101400BF0040C0CC1C3DD938E
:10442000FA3C040C00B6008B5001E008402B6C1DD8
:10443000067B88AB4E18849B820B6FA06FA04F68E1
:10444000210B806B0206FF11A3AB0000820302E583
:104450008295D30D84A5A37B5095A17BC00B05212C
:1044600050958415C00B6521A37B8335A17B82C544
:10447000052150058235C00B652150058185C00B93
:10448000653150958145C00B65315005100BC00B4F
:1044900073188E1B5A18EFF80E646FFC4386E1A068
:1044A0008414E11843C604768414E1180C0C846665
:1044B0001B18F23CC1C3FFFCFA04044C866B422774
:1044C000042484210624FA808233E184600A4E3A6F
:1044D0000029C62D402B0C1DC0084296CFB473E8AE
:1044E0006001000681317D09E01E400AE51A420A9A
:1044F000E59A440A648100104222C7A1040E728C1E
:10450000C00374246F5C74880C4C8131DD93F20419
:10451000FA00040C6C010C12811140286F605DA838
:104520008C0B8C2BF2000C0CC1C3DD93FA00040C35
:104530004206022B0414E118E124478684188161A5
:104540008C388C348245871B60080366E0080D6652
:10455000EFB470480C06A10B8C0B8000F2000C0C21
:10456000C1C3DD93FA00040C4286022B0414E11847
:10457000E12447C6841881618C388C348245871BBE
:1045800060080376E0080D76EFB46E880C06A10B88
:104590008C0B8000F2000C0CC1C3DD93FA00040CFC
:1045A00002C6022B0414E128E118474684188161F1
:1045B0008C388C348E39C9378245871B6008038656
:1045C000E0080D86EFB46CA80C06A10B8C0B8000E4
:1045D000F2000C0CC1C3DD93FA00040C0286022B1E
:1045E0000414E128E1184746841881618C388C3422
:1045F000871B9E39039682450D9660086AD8E008AD
:10460000A10BEFB480000C060C0C8C0BDD93F200B8
:104610006C800412813181114800C53D00045004B2
:104620004212C18406305090FCF5C404820B5D93A5
:10463000FA00040C0C09806BC02B65B5E084400ABD
:1046400005A90C194086402B0005C1004011C0008F
:104650008495C0006D210C09400AC02C82C5E08001
:1046600063790C158531400B8C0B03416FFC6DA8F1
:104670008C0B822BF2000C0C81018165F2000C0C7A
:10468000C1C3DD93FA7C044C0086006B8004E13CDE
:10469000421080188016F1FC65B50C09404AC02B09
:1046A0000004609880C5FA006CFD0C19A11BC02C99
:1046B000FF1182858235820D66ED0C19A11BC02683
:1046C00002600285809906E5E094400A0445026094
:1046D0000260C09E80AD05A953F604180C39E000B5
:1046E000C02B65AD70844432050AA613161264FC13
:1046F0001224E000400A1A800060E090409906F120
:10470000C00002064F604E68C018040615860FBE32
:104710000101E1008975817161004086E00842066F
:10472000832100048C0B00B6EFF87BE8603C4286E6
:1047300052788C0B007BEFE075B88C0B0C09EFF80E
:10474000402C6D01F0A04462A17B28146BF1440160
:104750008408C02641F682658111603CEF644F28D1
:10476000600C430660788C0B5938EFC80C19EFDCED
:10477000C02B65B5E090420A0284826504606088BF
:10478000C09966F09023041344B1840E0C15E40024
:10479000C00A6D610206C20D4C11C000C02606EDB4
:1047A00082B180D5FA8010B4ECE5D28D65B50C19D4
:1047B0008291402BE090420AC01C1E25D188448281
:1047C00006E14C21938B40260C0984F5402666E5D2
:1047D000E10042868321041466ED4C210406C026C4
:1047E000E03C41F66F644AE8430681118C0B600C93
:1047F000EFC85C28420A8595448660940824E1004D
:10480000044102604CB1C09E402666E505B10260DD
:10481000841880AD021290138816ECFC6C6D0C2984
:104820004C11C02CC02666E969B54C05440AC00984
:104830008245E0906FF86DE80C098C0BC02C6D017F
:104840006D054C014046C02C8014E10044208428B2
:104850000426F3ECE13C028684288414FC9C0424A6
:1048600080048426C81980188E0B0016F27C0C4C2C
:10487000C1C3DD93FA00040C40A6006B4C01E000BC
:10488000402B6C1D69588C0B6E38EFF48C0B6FE865
:104890000C19A10B802C0D15937C42100D154C1199
:1048A0008111002C6C214C110C0CC02BDD93F200FB
:1048B000FA1C044C8171006B66350C0B43F64016F4
:1048C0004C73EFFCC0166671E080404A0C19988565
:1048D000C02B6C496C510C890C29C02BC02B6C551A
:1048E0006C4D0C39C517402BC527C587482A45375D
:1048F0004A3AE6A20644E6860854FA80893BFA80E2
:1049000080000016888C0004020010C50C398C044D
:10491000402C6D09E084400A6686442AFA80081417
:10492000815101116C040030400283310009D0989C
:10493000C02C0CA16CE94C018305C02C8425A18BF3
:104940007A801884E89412346032584AFB8002144A
:104950004C13B21FC0166671855D98538345FC15D4
:104960006C1D0C294296402B4F78E0088C0B6FB4DD
:10497000E0084E9666710C1BA30B40166CE90C09FF
:104980000E06402C0004C00002147A80400AFB800E
:10499000A11FE6A266714C138E0B4016F21C0C4C44
:1049A000C1C3DD93E1044206841A84146E194013D6
:1049B000DD93C015F87C040CEC601EF06C410069BE
:1049C0009F71402B6C4900398181402B6C5100490B
:1049D0008191402B423AAF76421AE69ABE1EE0120F
:1049E0006C4D00193C1EC02B6031020E7C1EC24172
:1049F000E04002168F110D1C95111D1685111F1612
:104A00008B1121169111231697112516991127162E
:104A10009B1129169D112B1681112D166C5500C95D
:104A20008365C02B64200AF00A2982B18023FC0828
:104A3000688144818281401B6C4100690A64C02BFB
:104A400004B47A809453FA80FAB5CB2D0029829170
:104A5000402B6C45FA8014940494C5AD5420C08852
:104A6000C00313F156A07AB50029DC00402C6C81FC
:104A7000FA8018C4E012463AA32B3C24DFFC4FEE28
:104A800068BD40713E24C01BFA800A246032485A37
:104A900064800A000745C06EFA8004246E1900CBBA
:104AA000580AC01559E6E4844C50000C88A59C00B7
:104AB0006C7900C9E5CDC02C94C888356C4100697B
:104AC0000079C02BC02C6CE9E01A50CAE00E527A73
:104AD000E11A58CAE692508AE10E4C7A58CA1093ED
:104AE0000E94E68E50027A804E7AF0848CC3668AE9
:104AF00064810C808EC3C06E021198C6020A825176
:104B0000F2B5E0400C0CB0F1DD93F07C0000101425
:104B100000434AB00000092C00001A24004354C08E
:104B2000000000200000194400000000000000E028
:104B30000000000000800200008002010000000070
:104B400000800211008002120000000000800216A6
:104B50000080021700800218008002190080021AEB
:104B60000080021B000000000080021D0080021E69
:104B70000080022000800224008002260080022C97
:104B8000000000000080022F0080024600000000AC
:104B90000080024A000000000080024C0080024DAC
:104BA0000080024E0080025100000000008002538D
:104BB0000000000000800257000000000080025941
:104BC0000080025A0080025F008002600080026163
:104BD000008002620080026300800264008002653F
:104BE0000080026600800267008002680080027315
:104BF00000000000008002780080027C00800281BA
:104C0000008002860080028700000000008002957C
:104C1000000000000080029900000000008002A354
:104C2000008002A800000000008002AA008002AB01
:104C3000008002AC008002AD008002AE008002B1B4
:104C4000008002B200000000008002B6008002B7BF
:104C5000008002B8008002B9008002BA008002BB66
:104C6000008002BC008002BD008002BE008002BF46
:104C7000008002C2008002C3008002C4008002C51E
:104C800000804000000000000080400200804003DF
:104C900000804004008040060000000000804009C1
:104CA0000080400A0080400B0080400C00000000A3
:104CB0000080400E0080400F000000000080401384
:104CC0000080401400804015000000000080401962
:104CD0000080401E0080401F008040200000000037
:104CE00000804024008040250080403C0080403D02
:104CF0000080403E0080403F0080404000804041B6
:104D00000080404200804043008040440080404595
:104D10000080404600804047008040480080404975
:104D20000080404A0080404B0080404C0080404D55
:104D30000080404E0080404F008040500080405135
:104D40000080405200804053008040540080405515
:104D500000804056008040570080405800804059F5
:104D60000080405A0080405B0080405C00000000F2
:104D70000080405E000000000080406000000000F5
:104D8000008040690080406A0080406B00000000A5
:104D90000080407400804078008040790080407A34
:104DA0000080407C008040840080408500804088F6
:104DB000008040890080408E00000000008040900C
:104DC0000080409100804099000000000080409FDA
:104DD00000000000008040A1008040A20000000010
:104DE000008040A8008040B0008040B6008040D0E5
:104DF000008040D1008040D4008040D500000000F9
:104E0000008040DD00000000008040DF008043DCC7
:104E1000008043DD00000000008043E40080440483
:104E20000080442800000000008044480080444C7A
:104E30000080445000804454008044580080445C0A
:104E400000804460008044640080446800000000EA
:104E50000080469800000000008048C8008048C9D3
:104E600000000000008048CB008048CC000000001B
:104E70000080491C000000000080343C008080005D
:104E80000080800100808002008080060080800712
:104E90000000000000808009000000000080800EFB
:104EA00000808010000000000080801400808018C6
:104EB0000080801C000000000080802D0080802E7B
:104EC0000080803100808032008080350080803614
:104ED0000080803700000000008080390080803A28
:104EE0000080803B0080803C0080803D0080803ED0
:104EF000008080400080804400808048008080499D
:104F00000080804A000000000080804C00808050BB
:104F10000080805400808055008080560000000092
:104F2000008080580080805C00808060008080610C
:104F30000080806200000000008080640080806843
:104F40000080806C0080806D0080806E000000001A
:104F5000008080700080807400808078008080797C
:104F60000080807A000000000080807C00808080CB
:104F700000000000008080880080808C000000001D
:104F800000808094008080980000000000800080F5
:104F90000080008100800082008000830080008407
:104FA00000800085008000860080008700800088E7
:104FB000008000890080008A0080008B0080008CC7
:104FC0000080008D0080008E0080008F00800090A7
:104FD0000000000000800101008001020080010348
:104FE00000800104008001050080010600800107A7
:104FF0000080010A0080010C00812C0000812FFC40
:1050000000000D00000000640000BB8000001A4892
:105010000000FB8000000000000000000000000015
:10502000000017EC00001854000018BC000000003D
:105030000000000000000000000000000000000070
:105040000000000000000000000000000000000060
:1050500000001A3F000000000000000000000000F7
:105060000000000000000000000000000000000040
:105070000000000000000000000000000000000030
:105080002DE9F84F06000F00904699460A9C0B9DAB
:1050900000205FF0000A83463B00DBB216F5A062F9
:1050A000494689B2300001F0C6FA50EA0B00834647
:1050B0000A21300001F0B9FB50EA0B005146C9B299
:1050C000C82916DA3900C9B2042903DB96F802159B
:1050D0007F2911DA1AF1010A4146C9B2314491F827
:1050E00000252100C9B20A402900C9B28A42D2D1A2
:1050F00004E050F0010001E050F04200C0B2BDE811
:10510000F28F7CB50400002500266A4606212000A7
:1051100001F08BF905439DF8000000060AD50DF15A
:1051200001020721200001F080F905439DF80100EC
:10513000C0070ED40121200001F077FB761C9DF8FA
:105140000000C00706D4300080B2B0F5FA7FDCDB87
:1051500000E0FFE72800C0B276BD2DE9F041E6B0DF
:1051600006000C00002504A8DFF8681BD1E9002325
:10517000C0E9002302A8DFF8601BD1E90023C0E9E1
:1051800000234FF4F47216F1100116F5A0673800F1
:1051900001F090FBE4B2102C40F0DE80082204A95C
:1051A00016F5A264200001F085FB4FF4F47116F5AA
:1051B000A06001F017FB4FF48074220006F23C510E
:1051C00026AF380001F076FB802216F5C86106AFE5
:1051D000380001F06FFB002198E026AB080040B2D8
:1051E000800040FA82F7100040B28C464FFA8CFCE7
:1051F0005FEA0C1C1CEB400C53F82CC026A896460A
:105200004FFA8EFE88464FFA88F85FEA081818EBC6
:105210004E0800EB8800406810EB0C0C26A8964660
:105220004FFA8EFE88464FFA88F85FEA081818EBA6
:105230004E0800EB8800006A10EB0C0C26A896467E
:105240004FFA8EFE88464FFA88F85FEA081818EB86
:105250004E0800EB8800406A10EB0C0C5FEA9C0CD7
:1052600043F827C006A80B005BB29B0043FA82F309
:1052700017007FB28C464FFA8CFC5FEA0C1C1CEBCB
:10528000470C30F91C700DF1180C96464FFA8EFE43
:1052900088464FFA88F85FEA081818EB4E080CEBBE
:1052A000480CBCF902C01CEB07070DF1180C964620
:1052B0004FFA8EFE88464FFA88F85FEA081818EB16
:1052C0004E080CEB480CBCF910C007FA8CF70DF136
:1052D000180C96464FFA8EFE88464FFA88F85FEA19
:1052E000081818EB4E080CEB480CBCF912C007FA72
:1052F0008CF75FF0040C97FBFCF720F81370521C3E
:10530000100040B20428FFF668AF491C080040B204
:10531000042801DA0022F3E7602100220EAF3800F2
:1053200001F020FBC021002236AF380001F01AFB4B
:10533000220026A906F23C54200001F0BBFA80228C
:1053400006A916F5C864200001F0B4FA4FF4F47110
:1053500016F5A06001F046FA00200AE0010089B2CB
:10536000314491F80815020092B2324482F80015D7
:10537000401C010089B2B1F5F27FEFDB082202A9DF
:1053800016F5DC64200001F095FA4FF4F47316F57D
:10539000A06242F61861300001F0F4F805430320E2
:1053A0000190FF2000904FF430530122042130007F
:1053B000FFF766FE05432800C0B266B0BDE8F08185
:1053C0002DE9F841C7B006000C00002505A8DFF85C
:1053D0000C19D1E90023C0E9002303A8DFF8001964
:1053E000D1E90023C0E9002302A8DFF8F8180A6811
:1053F00002604FF4427216F5FC7116F5A067380092
:1054000001F058FAE4B2102C40F09180082205A96E
:1054100016F5A164200001F04DFA082203A916F543
:10542000A464200001F046FA4FF4427116F5A06022
:1054300001F0D8F94FF48074220006F2345107AF1E
:10544000380001F037FA00214AE007AB080040B20B
:10545000800040FA82F7100040B28C464FFA8CFC74
:105460005FEA0C1C1CEB400C53F82CC007A89646B6
:105470004FFA8EFE88464FFA88F85FEA081818EB54
:105480004E0800EB8800406810EB0C0C07A896460D
:105490004FFA8EFE88464FFA88F85FEA081818EB34
:1054A0004E0800EB8800006A10EB0C0C07A896462B
:1054B0004FFA8EFE88464FFA88F85FEA081818EB14
:1054C0004E0800EB8800406A10EB0C0C5FEA9C0C65
:1054D00043F827C0521C100040B20428B5DB491C19
:1054E000080040B2042801DA0022F4E7C0210022BB
:1054F00017AF380001F036FA220007A906F234543B
:10550000200001F0D7F94FF4427116F5A06001F0C8
:1055100069F9042202A906F23464200001F0CAF9F4
:105520000421002216F5AF64200001F01BFA4FF4AD
:10553000427316F5A06242F6F841300001F022F8FD
:10554000054303200190FF2000904FF430530122C7
:1055500004213000FFF794FD05432800C0B248B095
:10556000BDE8F081F8B504000D00002647F6FF778E
:1055700000223900200000F0B9FF06430DF10102BE
:105580000021200000F051FF06436A46012120005F
:1055900000F04BFF064302223900200000F0A6FF76
:1055A00006439DF80100F02806D19DF800000C2864
:1055B00002D10120287001E0002028703000C0B224
:1055C000F2BD2DE9F04786B00600002405A8DFF8FB
:1055D00018170A6802600120049000200390DFF889
:1055E0000C57F560DFF80807B060002086F8000966
:1055F00047F6FF7700223900300000F077FF0443C0
:1056000004220921300000F071FF044340220F21E1
:10561000300000F06BFF044303220A21300000F049
:1056200065FF044302AA3900300000F0FEFE044387
:1056300001220C21300000F059FF044340F2011810
:1056400000224146300000F051FF044300224FF495
:105650008171300000F04AFF044301224FF485714C
:10566000300000F043FF044344F20209012249469E
:10567000300000F03BFF044300224946300000F0B8
:1056800035FF044303224FF48571300000F02EFFF4
:10569000044340F2031A01225146300000F026FF75
:1056A000044300220C21300000F020FF0443432279
:1056B0000F21300000F01AFF04430121300001F0F7
:1056C000B4F8044340220F21300000F00FFF0443E0
:1056D00001220A21300000F009FF04436421300058
:1056E00001F0A3F8044300223900300000F0FEFE70
:1056F000044301200190FF20009006230022012195
:105700003000FFF7BDFC04432000C0B2002840F089
:10571000EA8101220E21300000F0E8FE044302225B
:105720003900300000F0E2FE04430122390030006D
:1057300000F0DCFE044301220621300000F0D6FE1A
:10574000044304200190FF20009021230022012126
:105750003000FFF795FC044300223900300000F0D0
:10576000C5FE044302AA3900300000F05EFE044387
:1057700001220C21300000F0B9FE04430022390060
:10578000300000F0B3FE044300224146300000F038
:10579000ADFE044300224FF48171300000F0A6FEFC
:1057A000044301224FF48571300000F09FFE044352
:1057B00001224946300000F099FE04430022494688
:1057C000300000F093FE044303224FF48571300053
:1057D00000F08CFE044301225146300000F086FEAA
:1057E0000443002244F20F01300000F07FFE044326
:1057F000A04640F21A2443222100300000F076FE39
:1058000050EA080803222100300000F06FFE50EA41
:10581000080801222100300000F068FE50EA080864
:1058200000222100300000F061FE50EA080800224A
:1058300040F21921300000F059FE50EA0808002219
:1058400040F21B21300000F051FE50EA080800220F
:105850003900300000F04AFE50EA080802AA390078
:10586000300000F0E2FD50EA080801223900300063
:1058700000F03CFE50EA080809223900300000F030
:1058800035FE50EA0808DFF860484FF40043220074
:105890000021300000F076FE50EA08080A223900A4
:1058A000300000F023FE50EA08084FF4004314F5DE
:1058B00000420021300000F065FE50EA08080B228B
:1058C0003900300000F012FE50EA08084FF4A043FF
:1058D00014F580320021300000F054FE50EA080830
:1058E00001223900300000F001FE50EA08080122D0
:1058F0003900300000F0FAFD50EA080803220621C2
:10590000300000F0F3FD50EA08080521300000F0F7
:105910008CFF50EA080800223900300000F0E6FD54
:1059200050EA080802AA3900300000F07EFD50EA73
:10593000080801220C21300000F0D8FD50EA0808C8
:1059400000223900300000F0D1FD50EA08080022A2
:105950004FF48A71300000F0C9FD50EA08080022B7
:1059600040F21511300000F0C1FD50EA0808422253
:105970004FF48B71300000F0B9FD50EA08080022A6
:1059800040F21711300000F0B1FD50EA0808002283
:105990000B21300000F0AAFD50EA080802AA3900E5
:1059A000300000F042FD50EA080800220C213000CF
:1059B00000F09CFD50EA080801220B21300000F0A5
:1059C00095FD50EA08083000FFF79BFB040054EAFD
:1059D00008042000C0B2002840F08580022239006F
:1059E000300000F083FD0443042316F5A06242F664
:1059F000FC71300000F01FFE04432700042116F55F
:105A0000A06000F0EFFE042216F5A06103AC2000B8
:105A100000F050FF0398DFF8D817884203D03C000D
:105A200054F005045FE02823DFF8C82742F6D87158
:105A3000300000F0A7FD074302200190FF200090F6
:105A40004FF43053002204213000FFF719FB0743C5
:105A50004FF4F67316F5A06242F60441300000F0F0
:105A6000EAFD07434FF4F47216F5A06116F1100435
:105A7000200000F01FFF10213000FFF76EFB0743EE
:105A80004FF44272290016F5FC74200000F012FF5A
:105A900010213000FFF794FC07434FF47373B26892
:105AA00042F63441300000F06DFD074303200190C1
:105AB000FF2000904FF43053012204213000FFF703
:105AC000DFFA074304234DF6803205A9300000F0C9
:105AD0000DFB074304234DF6641204A9300000F0C7
:105AE00005FB04003C432000C0B206B0BDE8F087CF
:105AF000F8B596B0050000240821002204AE30005D
:105B000000F030FF03A8DFF8F0160A68026002A96F
:105B1000280000F0ACF9044300206860FF26AE7056
:105B200006A8DFF8D816102200F0D4FE0AA8DFF885
:105B3000D016302200F0CEFE069810F58070069048
:105B4000069810F58060069000271FE069680068DD
:105B5000C0F30B104118696014E001009DF80820A3
:105B60000B6862F30B130B600A6832F470420A6030
:105B70006968027812F00F020068C0F30B1000FB96
:105B8000021169606868001D68607F1C0C2F2FD2AD
:105B90000AA850F82700002809D006A839004909AA
:105BA00050F8210017F01F01C840C00700D4ECE7EF
:105BB0000AA800EB8700017811F00F0FC6D001781A
:105BC00011F00F010D29C1DA0168DFF8382612EB58
:105BD0001142B2F5707FC0D201009DF808200B6819
:105BE00062F30B130B600A6832F470420A60BFE77D
:105BF00068681830686030234DF680120AA92800C2
:105C000000F074FA0443686804907F1C0597082329
:105C10004DF6681204A9280000F068FA0443102326
:105C20004DF6701206A9280000F060FA044347F60A
:105C3000FF7700223900280000F058FC04430522B9
:105C40000921280000F052FC0443022239002800F8
:105C500000F04CFC0443042303AA42F6FC71280024
:105C600000F090FC044303200190FF2000904FF4CB
:105C70003053012204212800FFF702FA04430C23C9
:105C800045F2404215F5A061280000F0CBF904432D
:105C9000022215F5A1610DF10A07380000F00AFE95
:105CA000BDF80A006968884200D0340008234EF22B
:105CB000C40215F5A061280000F0B4F9044395F87A
:105CC0000605002801D054F003042000C0B217B02C
:105CD000F0BD000058FF091060FF091068FF0910AF
:105CE00070FF091028000A102C000A10A0E9091002
:105CF000D4E5091070B506000C000025042316F544
:105D0000A0620021300000F096FC054396F80005E3
:105D1000B178884217D096F80005FF2813D096F87E
:105D2000010505280FD196F8020510F00500052899
:105D300009D196F80305C00605D50120207096F814
:105D40000005B07008E096F80305000602D596F845
:105D500002050543002020702800C0B270BD2DE967
:105D6000F84305000E0000246B6815F5A0620021C1
:105D7000280000F060FC044395F80005A8706968ED
:105D800089B215F5A06000F02DFD10270DE009E0A7
:105D9000424605EB070000F2045116F1820948461D
:105DA00000F088FD18EB07073F1D6868874235D271
:105DB00005EB070010F5A060017811F00F01891EB6
:105DC0000B2908D2017811F00F010268C2F30B18F9
:105DD00008FB01F802E00168C1F30B180068000C31
:105DE00045F2B441884208D04DF6447188420AD049
:105DF0004EF284018842CBD0C9E705EB070090F949
:105E00000C053070CEE7424605EB070000F2045166
:105E100016F10209484600F04DFDC3E700200AE0F4
:105E200006EB4001B1F90210042291FBF2F106EBFE
:105E300040025180401C4028F2D395F80815090211
:105E400095F8090501436868284490F8FC2412027B
:105E50006868284490F8FD04024389B292B29142E6
:105E600001D054F002042000C0B2BDE8F28370B546
:105E700004000D000026082345F2504214F5A061ED
:105E8000200000F0CFF8064394F8000594F80115BF
:105E900010FB01F028703000C0B270BDF8B50400EE
:105EA0000D0000262800C0B2102802D040283AD0A9
:105EB00073E04AF6385710233A0014F5A061200029
:105EC00000F0B0F80643402084F80405402084F830
:105ED0000605042084F8090510233A0014F5A06192
:105EE000200000F003F9064345F2504708233A002A
:105EF00014F5A061200000F095F80643042084F812
:105F00000005042084F80105082084F80405082011
:105F100084F8050508233A0014F5A061200000F07C
:105F2000E5F806433AE04AF6385710233A0014F5EC
:105F3000A061200000F076F80643102084F80405E4
:105F4000102084F80605012084F8090510233A0082
:105F500014F5A061200000F0C9F8064345F250474F
:105F600008233A0014F5A061200000F05BF8064316
:105F7000082084F80005082084F80105042084F82E
:105F80000405042084F8050508233A0014F5A061EF
:105F9000200000F0ABF8064300E07F262900C9B2DC
:105FA0002000FFF7DAF806432900C9B22000FFF706
:105FB00007FA06433000C0B2F2BD12B583B0002428
:105FC000012102910121019103A90091042345F2CD
:105FD000584210F5A06100F01BF904432000C0B244
:105FE00004B010BD12B583B000249DF80C10012937
:105FF00003D09DF80C1002290ED10021029101213D
:10600000019103A9009104234AF6646210F5A0618E
:1060100000F0FEF8044301E054F07F042000C0B219
:1060200004B010BD2DE9F84185B006000C001D003C
:106030000027A8461FFA88F818F10C0802A8724930
:1060400091E8085080E80850280080B20C3040F2F7
:106050000141884201DBFF2741E01000000A8DF872
:10606000080002A84270290089B209098DF80A10B7
:106070002901C1700C2302AA42F6F471300000F02D
:1060800081FA074303200190FF2000904FF4305322
:10609000012204213000FEF7F3FF0743434616F5C3
:1060A000A06242F60441300000F0C5FA074315F142
:1060B0000C0189B216F5A06000F094FB002008E006
:1060C000010009B2314491F80415020012B2A15442
:1060D000401C010009B22A0012B29142F0DB3800E4
:1060E000C0B206B0BDE8F081800008102DE9F04391
:1060F00085B004000D0091461F00002604210022F7
:106100000DF10808404600F02DFC03A83F49D1E9F5
:106110000023C0E90023380080B2083000128DF857
:10612000120017F108008DF8130042F6F478B8EB6E
:106130000708380080B20C3040F20141884201DB90
:10614000FF244FE04846000A8DF8080002A880F8B6
:106150000190390089B209098DF80A103901C1701E
:10616000390089B2280000F03DFB781E08E00100EC
:1061700009B2695C020012B2224482F80415401E82
:10618000010009B20029F2D5042202A914F5A06980
:10619000484600F08FFB082203A9380080B2204453
:1061A00000F20459484600F085FB3B009BB20C33DB
:1061B00014F5A062414689B2200000F0E3F90643DD
:1061C00003200190FF2000904FF43053012204215E
:1061D0002000FEF755FF04003443390089B228003F
:1061E00000F000FB2000C0B205B0BDE8F083000065
:1061F0009E6C0B0C6CFC091030000A10E4FE0910B8
:10620000ECFB091030ABFFFF14FF091078FF0910F9
:106210002DE9F84F0700884691469A460A9EDDF818
:106220002CB00C9C002553469BB24A464146380090
:10623000FFF7F8FE05431FFA8BFB5A463100A4B264
:106240004444200000F036FB53469BB24A46414688
:106250003800FFF74BFF05432800C0B2BDE8F28FBE
:10626000016851F0004101607047022801D301200C
:1062700010E00B00DBB2042B01DB01200AE0DFF8A9
:10628000483503EB8000C9B2405C824201D3012053
:1062900000E000207047F8B504000F0015001E0054
:1062A000022C01D301202AE02A003900C9B22000C3
:1062B000FFF7DBFF012801D1012020E0069839001B
:1062C000C9B202291ED1B6F5803F19D2202817D2B3
:1062D0004FF4C052DFF8F41463030B4403EB85035F
:1062E00013441F6866F317271F606403214401EB02
:1062F000850111440A6860F3C7020A600020F2BDFC
:106300000120FCE7FFB2032F1FD1B6F1807F1AD224
:10631000202818D24FF4E052DFF8B01463030B4486
:1063200003EB850313441F6807F0FF0757EA0627AE
:106330001F606403214401EB850111440A6860F386
:10634000C7020A60DAE70120D9E70120D7E700B2E7
:106350000012C0B27047F8B505000E001700280003
:1063600000B2FFF7F4FF04002000C0B2022801D3FE
:10637000012024E03A003100C9B22000C0B2FFF78A
:1063800074FF012801D1012019E0DFF8401420003A
:10639000C0B2400308442A00D2B200EB8200D0F819
:1063A000000CF6B266F3092067F30700E4B2640359
:1063B0002144EDB201EB8501C1F8000C0020F2BDD3
:1063C00070B504000D001600022C01D301201DE061
:1063D00032002900C9B22000FFF747FF012801D190
:1063E000012013E0DFF8E4136003085850F0004088
:1063F00050F0407050F47F00EDB265F3092066F371
:1064000007006203885064030859002070BD0088AB
:1064100080B2400880B2704780B5DFF8B4236421B1
:10642000DFF8B00300F053FD01BD2DE9FC410D0084
:106430001400FFF7ECFF0700280080B2000A8DF877
:1064400004000DF1040888F80150DFF88853DFF8E4
:1064500080630096642300223900280000F0A0FC2D
:10646000002803D0FFF7D8FFFF203DE033000A22C9
:106470009DF80410280000F096FD002803D0FFF7D7
:10648000CBFFFF2030E033000A2298F801102800EB
:1064900000F089FD002803D0FFF7BEFFFF2023E0B6
:1064A0000096642301223900280000F0D3FC002864
:1064B00003D0FFF7B1FFFF2016E000960A23220069
:1064C0000221280000F027FD002803D0FFF7A4FFD9
:1064D000FF2009E032006421280000F0F8FC0028C9
:1064E00001D0FF2000E00020BDE8F681FEB50D00E0
:1064F0001400FFF78CFF290089B2090A8DF80410F7
:1065000001AF7D70B34DB24E0096642300220100AE
:10651000280000F045FC002803D0FFF77DFFFF2096
:106520002FE033000A229DF80410280000F03BFD04
:10653000002803D0FFF770FFFF2022E033000A227B
:106540007978280000F02FFD002803D0FFF764FFC2
:10655000FF2016E033000A222100C9B2280000F013
:1065600022FD002803D0FFF757FFFF2009E032008B
:106570006421280000F0ABFC002801D0FF2000E0DF
:106580000020FEBD2DE9FC410E0014001D00FFF7A8
:106590003EFF310089B2090A8DF804100DF104089C
:1065A00088F801608B4E8A4F009764230022010017
:1065B000300000F0F5FB002803D0FFF72DFFFF208F
:1065C00037E03B000A229DF80410300000F0EBFC9D
:1065D000002803D0FFF720FFFF202AE03B000A221B
:1065E00098F80110300000F0DEFC002803D0FFF71F
:1065F00013FFFF201DE05FF0000801E018F1010823
:10660000A8450CD23B000A2214F80810300000F014
:10661000CAFC0028F2D0FFF7FFFEFF2009E03A0095
:106620006421300000F053FC002801D0FF2000E07E
:106630000020BDE8F6812DE9FE430E0015001C0088
:10664000FFF7E5FE8046002C01D1002062E030001B
:1066500080B2000A8DF804000DF1040989F8016088
:106660005C4E5B4F0097642300224146300000F0EF
:1066700097FB002803D0FFF7CFFEFF204AE03B0046
:106680000A229DF80410300000F08DFC002803D091
:10669000FFF7C2FEFF203DE03B000A2299F80110FF
:1066A000300000F080FC002803D0FFF7B5FEFF208B
:1066B00030E00097642301224146300000F0CAFB1D
:1066C000002803D0FFF7A8FEFF2023E05FF00008BA
:1066D00001E018F10108A04512D2601E804501D1E9
:1066E000022100E0012100970A2305EB0802300097
:1066F00000F011FC0028ECD0FFF78EFEFF2009E02F
:106700003A006421300000F0E2FB002801D0FF20B5
:1067100000E00020BDE8FE8330B591B034210022B6
:1067200004AC200000F01EF90C21002201AC200076
:1067300000F018F90C20059012208DF818000120A7
:106740000490254C04AA0221200000F086FD1220AE
:106750008DF8180004AA0121200000F07EFD02201F
:10676000019000208DF8080000208DF80900194CD8
:10677000200000F01CFA164A01A9200000F06FF971
:106780002000FFF76DFD40F21D150B2203212800AC
:10679000FFF7E1FD2800FFF7DAFD00210091092352
:1067A0000B220321C0B2FFF776FD2800FFF7CFFDD3
:1067B0000B220321C0B2FFF703FE084A084920005C
:1067C00000F020FA11B030BD50FF09100000044065
:1067D00020190228000065408003314000127A0031
:1067E00040420F00F8B504000D00002618E0A05D3F
:1067F00004EB06014978090451EA006104EB060044
:10680000807851EA002104EB0600C0780143009132
:106810000422694604EB0607380000F04BF8361DE9
:10682000280080B28642E2D3F1BD80B5080000F0B6
:1068300005FE002002BDF0B40246106895681318EA
:10684000506803EB5004C00748BF4D44A3422DD00D
:1068500013F8016B16F0030004BF13F8010BC01C02
:1068600031090F2907D113F8011B0F3103E013F889
:10687000017B05F8017B401EF9D10029E6D013F811
:10688000010BC6F38106032E08BF13F8016B00EB62
:106890000620404228440026B71E8F421EBF10F833
:1068A000017B05F8017B761CF6D1CFE7F0BC02F145
:1068B0000C00704762B38B0708D0521E11F8013BE1
:1068C00000F8013B00F024808B07F6D1830740F0ED
:1068D000208000BF103A07D330B4B1E83810103A26
:1068E000A0E83810F9D230BC530724BFB1E8081033
:1068F000A0E8081044BF51F8043B40F8043BD2071D
:1069000024BF31F8022B20F8022B44BF0B78037010
:106910007047121F17D35B0009D151F8043B20F8D0
:10692000023B1B0C121F20F8023BF6D20BE051F881
:10693000043B00F8013B1B0A20F8023B1B0C121F12
:1069400000F8013BF3D238BF121D521E24BF11F8CC
:10695000013B00F8013BF8D870470268531C036004
:106960001170704762F30F2262F31F42401810F05B
:10697000030308D0C91A1FD3DB0748BF00F8012D55
:1069800028BF20F8022D130030B4144615461039E4
:1069900028BF20E93C00FAD8490728BF20E90C00AD
:1069A00048BF40F8042D890028BF20F8022D48BFB9
:1069B00000F8012D30BC7047C91818BF00F8012D30
:1069C000CB0728BF00F8012D70470000D0F8400326
:1069D0007047C0F84012704710F501710A6852F410
:1069E00080320A6010F501710A6832F480320A6060
:1069F000D0F804027047D0F8C00F7047C0F8C01F2D
:106A0000D0F8C00F7047D0F8000F7047C0F8001FD3
:106A1000D0F8000F7047D0F8400F7047C0F8481FFB
:106A2000704701000A6822F000420A600021816676
:106A30000021C16601000A6852F000420A60006845
:106A400070476030491E026861F3071202607047A8
:106A50006030491E026861F3030202607047F0B4BF
:106A6000DFF88835DFF88845D4F800C0DFF88445C2
:106A70002668DFF884452768DFF880452468DFF85A
:106A800080552D68002800F08F80002900F08C8050
:106A9000002A00F089800B7A002B01D0012300E04E
:106AA000002363F3104C8B7A002B01D0012300E00C
:106AB000002363F3082C3CF4404C3CF0407CC0F8CD
:106AC00000C04B7A002B01D0002300E0012363F3C8
:106AD000CB260B6863F39E760B68C3F3400326F066
:106AE000004656EAC3760666072666F3040757F49F
:106AF0008077C0F800730B79002B01D07F2300E072
:106B00000023C0F804338B795B0003F0FF03240AF1
:106B100024021C43CB795B0003F0FF0363F31744AB
:106B2000C0F8104366F3040555F4807555F48035BC
:106B3000C0F800524B79002B01D0402300E0012324
:106B4000C0F804320023C0F8C83E0023C0F8883ED5
:106B50000023C0F8C83F0023C0F8883F0023C0F8D6
:106B6000083F0B78DB0702D540F2D11300E0002389
:106B7000C0F8483F08791070487950705FF0805035
:106B800050600020906000205061002010620020C2
:106B9000D063002010640020D06200201063002029
:106BA00050640020906400231800F0BC7047DFF8A8
:106BB0005414016043F688710166DFF84C140167D4
:106BC00040F20711C0F800130022C0F8042300228D
:106BD000C0F81023C0F800120021C0F804120021F0
:106BE000C0F8C81E0021C0F8881E0021C0F8C81FC8
:106BF0000021C0F8881F0021C0F8081F0021C0F83C
:106C0000481F7047F8B50500140000202A6EC2F333
:106C10008072002A04D02A6ED20F92F0010200E0A6
:106C20000022D2B2002A0DD02100280000F07FF807
:106C300015F540710A6832F400720A60DFF8C81373
:106C4000296773E0002C71D000296FD04FF47A705F
:106C5000B4FBF0F04FF47A72B1FBF2F2DFF8AC3330
:106C6000B3FBF4FCDFF8A833994203D241F2883336
:106C700019000CE0DFF89C33994204D24FF4C8614C
:106C80004FF4617303E04FF41B714FF4BE73B1FB1B
:106C9000FCF600E0761C06FB0CF78F4201D2102EAA
:106CA000F8D3B3FBFCF700E07F1C07FB0CF1994223
:106CB00001D2102FF8D3B919B0FBF1F100230CE089
:106CC000102E06D2761C04E0D907F9D5102F00D279
:106CD0007F1C5B1CB919B0FBF1F18A4204D217EB9F
:106CE000060CBCF1200FEFD3DFF82803814209D353
:106CF00015F54070016851F400710160DFF8180368
:106D0000286708E015F54070016831F400710160F2
:106D1000DFF8F402286731002800FFF792FE3900FF
:106D20002800FFF795FEBE19B4FBF6F0F2BD026E27
:106D3000C2F38072002A04D0026ED20F92F00102D8
:106D400000E00022D2B2002A1FD0DFF8D0024018A3
:106D5000DFF8CC22904202D2DFF8C8021FE0DFF851
:106D6000C8024018DFF8C422904202D2DFF8C00205
:106D700015E0DFF8C0024118DFF8BC02814202D200
:106D8000DFF8B8020BE0002009E0026EC2F3031244
:106D9000006E10F00F008018801CB1FBF0F07047FF
:106DA0002DE9F84305000C0017009846089EDFF80F
:106DB000909200212800FFF731FE7068B0F1805FEB
:106DC00040D14FF47A7000FB08F8CDF80080DFF86E
:106DD00054037060012F01D1012000E00020707386
:106DE00040F217112800FFF711FE04212800FFF7D9
:106DF00005FE2800FFF7F0FD640014F0FE043C439C
:106E000021002800FFF7E5FD002050F00200A866F1
:106E10002800FFF7F8FD070040F2071007402800A0
:106E2000FFF7F9FD040014F0C0043C43684600F08D
:106E300009F90443002CEBD032002100280000F0B7
:106E400014F9814640F2D1112800FFF7E7FD4846CA
:106E5000BDE8F283F8B50600069D79486C68E40247
:106E600034D54FF47A7043430093DFF8B80268607A
:106E7000012A01D1012000E000206873002050F0B9
:106E80000100736E5B0963F3C300B066490011F043
:106E9000FE0111433000FFF79CFD3000FFF7B3FD0A
:106EA000070040F2071007403000FFF7B4FD040070
:106EB00014F0C0043C43684600F0C4F80443002CBE
:106EC000EBD02A002100300000F0CFF8F2BD7CB5F5
:106ED00005001600DFF850027268D2021AD54FF48E
:106EE0007A7041430091002050F0100050F00800EB
:106EF000A8662800FFF787FD40F211140440684699
:106F000000F0A0F80443002CF3D032002100280048
:106F100000F0ABF876BD2DE9F84305000E00170030
:106F2000DDF82080DFF80002D8F80410B1F5881FE2
:106F300037D14FF47A70434300932800FFF763FD85
:106F400040F2011404402800FFF755FD81465FEA36
:106F5000990919F0010999F00109684600F072F8E1
:106F600004434846C0B2002801D0002CE5D05FFAA7
:106F700089F9B9F1000F07D12800FFF727FD387014
:106F800005212800FFF73AFD42462100280000F0C5
:106F90006CF8002805D1012E03D1002151F0040125
:106FA000A966BDE8F2837CB505001E00DFF8780114
:106FB0007368B3F5A01F18D14FF47A704243009262
:106FC000C9B22800FFF705FD2800FFF71CFD40F2BD
:106FD00007140440684600F035F80443002CF3D051
:106FE00032002100280000F040F876BD0120AA0000
:106FF000C0FF0910C4FF0910C8FF0910CCFF091019
:10700000D0FF09100F00000313102A0000CA9A3B9A
:10701000A1860100811A060003002A0020AD88FF26
:10702000415B7300801A06005059E8FF51A9AB007C
:10703000A0860100004D0EFF41555C0440420F0048
:107040000220AA0038B504000025206800280AD0D4
:10705000012000F083FA2068401E2060206800288C
:1070600001D15FF00045280032BD38B51400002280
:107070002E4D002901D5012244E011F0C00F09D0A6
:10708000816E00293ED02A4D002181665FF080513B
:10709000616037E0CB0502D5264D012232E0CB07F7
:1070A00011D5254D61681F4A91420AD1016EC1F385
:1070B000807212F0010292F001025FF08051616073
:1070C00020E001221EE08B0707D56168154B99422D
:1070D00001D11A4D16E01A4D14E0C90604D5002559
:1070E0005FF0805161600DE0002561680D4B9942B1
:1070F00008D1617B002902D05FF4881101E05FF4C0
:10710000A0116160D2B2002A05D0FFF78AFC5FF0BF
:107110008050606003E040F21711FFF777FC280011
:1071200032BD0000000013100220AA000320AA00B4
:107130000820AA000720AA000620AA000420AA000E
:107140000520AA0030B4614B1818C009604C14EB3C
:10715000001404290DD223681F25C8008540AB43C5
:10716000D2B212F01F02C90012FA01F119432160D4
:107170000CE0091F63681F25C8008540AB43D2B2ED
:1071800012F01F02C9008A401A43626030BC704787
:10719000002A04D1012212FA01F1416003E0012228
:1071A00012FA01F18160704710B48900436C0F241A
:1071B0008C40A34312F00F0212FA01F1194341640B
:1071C00010BC704710B4836C01248C40A34312F0B0
:1071D000010212FA01F11943816410BC704710B426
:1071E000C36C01248C40A34312F0010212FA01F196
:1071F0001943C16410BC704710B449001031C36C0E
:1072000003248C40A34312F0030212FA01F1194344
:10721000C16410BC70474269012212FA01F1416158
:107220004069704710B4836901248C40A34312F075
:10723000010212FA01F11943816110BC704710B4C8
:107240004900036C03248C40A34312F0030212FA9A
:1072500001F11943016410BC7047F8B505000E0038
:1072600014000027002D2ED0002C2CD022683100D5
:107270002800FFF78DFF227A31002800FFF762FF18
:10728000626931002800FFF79DFFA26931002800E4
:10729000FFF7A5FFE26931002800FFF7ADFF626844
:1072A00031002800FFF780FFE26831002800FFF777
:1072B000C6FF31002800FFF7AEFF22693100280029
:1072C000FFF7B0FF00E0034F3800F2BD0000CFBF72
:1072D0000000304001005A00022801D301200FE0D5
:1072E0000B00DBB2042B01DB012009E0954B03EB23
:1072F0008000C9B2405C824201D3012000E000203E
:107300007047F8B506000F0015001C00022E01D3CF
:1073100001201CE02A003900C9B23000FFF7DCFF71
:10732000012801D1012012E03800C0B2002811D19B
:10733000B4F5807F0CD284487603304400EB85009E
:1073400010F58050016864F30F2101600020F2BD48
:107350000120FCE7FFB2012F10D1B4F5803F0BD222
:1073600079487603304400EB850010F5A0500168A1
:1073700064F317210160E9E70120E8E70120E6E76F
:1073800000B20012C0B27047F8B505000E00170039
:10739000280000B2FFF7F4FF04002000C0B202286A
:1073A00001D3012023E03A003100C9B22000C0B26D
:1073B000FFF792FF012801D1012018E06249200067
:1073C000C0B2400308442A00D2B200EB8200D0F8D9
:1073D000000CF6B266F3092067F30700E4B2640319
:1073E0002144EDB201EB8501C1F8000C0020F2BD93
:1073F00070B504000D001600022C01D301201CE022
:1074000032002900C9B22000FFF766FF012801D130
:10741000012012E04C496003085850F0004050F041
:10742000407050F47F00EDB265F3092066F3070069
:107430006203885064030859002070BDF8B5040049
:107440004FF4FA504443414D414E00212878C00189
:10745000304400F0A6F914E02878C001304400F070
:10746000A2F9B842F8D33B4F3C192878C001304408
:1074700000F099F93F1839002878C001304400F035
:1074800090F94CF25137BC42E6D22878C001304422
:1074900000F089F98442F8D2F1BD38B594B050219A
:1074A00000226C462000FFF75DFA2B4C00220121E0
:1074B000B4F90000FFF768FFB4F90000FFF760FFC0
:1074C000092300220121C0B2FFF71BFFB4F900001D
:1074D000FFF756FF00220121C0B2FFF789FF5FF0DE
:1074E000FF30009000208DF8040000208DF805008A
:1074F00000208DF8060000208DF8080003208DF88C
:1075000044000120129001208DF807000F4C104D0F
:1075100069462078C001284400F07EF82078C00138
:10752000284400F039F900212078C001284400F0F7
:1075300038F92078C001284400F045F915B030BD75
:107540000000000050FF0910000004406F090228ED
:1075500000005940B03CFFFF6809022880B580B2A6
:1075600027490968484300F03BF901BD01BEFEE729
:1075700080B5244A24490B6893423ED00A60234ACE
:1075800012684A62224A8A6202684A6042688A60D5
:107590008268CA60C2680A6102694A6142698A6196
:1075A0008269CA61C2690A62F1EE102A12F0900F74
:1075B00023D0184A8A62026ACA62426A0A63826AED
:1075C0004A63C26A8A63026BCA63426B0A64826B53
:1075D0004A64C26B8A64026CCA64426C0A65826C3B
:1075E0004A65C26C8A65026DCA65426D0A66826D23
:1075F0004A66C26D8A66006EC86600F000F901BD79
:10760000101B0228FAF9F8F74018022828ED00E0CC
:10761000A4A3A2A1ABAAA9A810B4012291F84C304E
:10762000052B03D291F84D30052B01D31000A7E0B4
:10763000002800F0A480002900F0A180514A1268BF
:107640004B7963F392428B7913F0030363F3114296
:107650000B7A13F0070363F31A62CB7963F39E721C
:107660000B7D63F3000291F8243063F34102026062
:107670000A7910F130031C6862F307041C604A7930
:10768000012A0BD18A79002A02D10022826007E008
:107690008A79012A04D10A68826001E001228260AD
:1076A000CA6802610A694261CA6982610A6AC26182
:1076B0000A680262344A12680B7E03F0FF03120A62
:1076C00012021A4391F8303003F0FF0363F31742BC
:1076D00091F8403003F0FF0363F31F6291F84830E4
:1076E00003F0FF0363F30F224264284A126891F803
:1076F000383003F0FF03120A12021A4391F82830BF
:1077000003F0FF0363F30F228264214A12688B7D2A
:1077100013F00303920892001A4391F8253013F0F6
:10772000030363F38B2291F82C3013F0030363F30C
:10773000051291F8343013F0030363F3092291F832
:107740003C3013F0030363F3871291F8443013F0D5
:10775000030363F38302C2640E4A126891F84C304B
:1077600013F00703D208D2001A4391F84D3013F0FA
:10777000070363F306124265497D8167002210000A
:1077800010BC704714000A1018000A101C000A10E0
:1077900020000A1024000A10016851F00041016025
:1077A000704781607047806870477830016851F099
:1077B00001010160704710F170010A6852F0010286
:1077C0000A60006F70474030016851F0100101609D
:1077D00070470000000000000000000000000000F2
:1077E000801C800803D0401C801EFCD100BF704765
:1077F000EFF3108072B6704780F310887047FEE791
:1078000040F0200070472DE9F14FB0B0924604914E
:107810000DF142013A9A2B9199464A7000200AE0F4
:107820001AF8011B0498309A90470028049000F041
:1078300034860D98401C0D909AF8000050B1252810
:10784000EED1002100220791089209910A920B9132
:107850000C9204E00D9800F022BE41F001011AF8EC
:10786000010F2028F9D023280CD02B2804D02D2854
:1078700005D0302809D00BE041F00201EFE741F0DC
:107880000401ECE741F00801E9E741F01001E6E707
:107890002A280FD1D9F8002052F8040BC9F800208B
:1078A00000280F9003D540420F9041F004010AF1E7
:1078B000010A14E00F92DFF8EC3B0AE00F989842BF
:1078C00005DA00EB800402EB4402303A0F920AF131
:1078D000010A9AF80020A2F130000A28EED39AF8A3
:1078E00000002E2803D04FF0FF320E9229E01AF844
:1078F000010F2A2809D1D9F8000050F8042BC9F843
:1079000000000E920AF1010A1BE02D280CBF0AF1BB
:10791000010A002000220E92DFF8884B0BE040B9EC
:107920000E9AA24205DA02EB820503EB4503303BD7
:107930000E930AF1010A9AF80030A3F130020A2AE4
:10794000EDD3ADF840100FF660309AF8001000F05B
:10795000AFFE08B11AF8010B8DF842009DF8420005
:10796000682805D19AF8000068280CD1622106E049
:107970006C2804BF9AF800006C2804D171218DF89E
:1079800042100AF1010A12A806901AF801BBBBF1D5
:1079900025012CD01C3900F09481091F022940F2E6
:1079A0009081133900F0AB84093900F08A81891E77
:1079B00000F04085491E00F0ED84491E022940F286
:1079C0008081091F00F0E684491F00F0EF80491E06
:1079D00000F09584491E00F0D780C91E0CD0891E86
:1079E00000F08D84C91E00F08A8400F02EBD0123B2
:1079F0000793252100F026BDD9F8000050F8044B6C
:107A0000C9F80000002C059440F0AB802B99487811
:107A1000002800F0A1804FF0FF340FF6942000F012
:107A200053FE241A40F0398500F01BBD01236A463D
:107A300002A9304600F000FE002840F02E85641EAA
:107A4000F4D13096079C12AF74B1309E17F8011B29
:107A50000498B0470028049000F01F850D98401C42
:107A6000641E0D90F2D130960A9C3021002C8DF8C6
:107A700000100CDD309E01236A4602A9304600F05A
:107A8000DBFD002840F00985641EF4D13096059F87
:107A9000089C74B1309E17F8011B0498B047002869
:107AA000049000F0FA840D98401C641E0D90F2D1F1
:107AB00030960B9C3021002C8DF800100CDD309E90
:107AC00001236A4602A9304600F0B6FD002840F0C6
:107AD000E484641EF4D1309605980899099C4718EF
:107AE00074B1309E17F8011B0498B0470028049029
:107AF00000F0D3840D98401C641E0D90F2D1309696
:107B00000C9C3021002C8DF800100CDD309E0123E0
:107B10006A4602A9304600F08FFD002840F0BD847F
:107B2000641EF4D130969DF8400041077FF584AE85
:107B30002020002D8DF800007FF77EAE309C0123C1
:107B40006A4602A9204600F077FD002840F0A5848F
:107B50006D1EF4D130946FE60FF63C30059000F0C6
:107B600080BC0E9D002D04D5204600F0CDFD0446BE
:107B700007E02A46204600F0E3FD002814BF041B5E
:107B80002C46089400F06DBCD9F8001051F8040B95
:107B9000C9F8001020F00004002121F0FF35CDE9E4
:107BA000024512AB0593782100F040BC2B99487830
:107BB00020B14FF0FF340FF6B02030E79DF84200BF
:107BC000622860D0682817D06A283FD06C2806D079
:107BD000712847D074282CD07A281DD062E0D9F8BB
:107BE000001051F8040BC9F80010002866D14FF0BE
:107BF000FF340FF68C2012E7D9F8001051F8040B6F
:107C0000C9F8001020B94FF0FF340FF6742006E7D2
:107C10000D99018000F025BCD9F8001051F8040B33
:107C2000C9F80010002849D14FF0FF340FF650205A
:107C3000F5E6D9F8001051F8040BC9F80010002837
:107C40003CD14FF0FF340FF63820E8E6D9F80010A9
:107C500051F8040BC9F8001080B94FF0FF340FF64B
:107C60002020DCE6D9F8001051F8040BC9F8001008
:107C700020B94FF0FF340FF60820D0E60D9AD31745
:107C8000C0E90023EDE3D9F8001051F8040BC9F85E
:107C9000001020B94FF0FF340FF6E410BFE60D9945
:107CA0000170DEE3D9F8001051F8040BC9F8001098
:107CB00020B94FF0FF340FF6C810B0E60D990160FF
:107CC000CFE39DF842004C2807BFD9F80010CA1D29
:107CD000D9F80000C21D22F00702C9F80020D2E93D
:107CE00000010832C9F80020CDE90201C80F02D016
:107CF00007982D210AE0BDF84000810702D50798BA
:107D00002B2103E0C00705D50798202112AA1154A2
:107D1000401C079012A807994BF0200300EB010CC0
:107D2000DDE90201CDE92C01612BCDF814C021ACB5
:107D30000BD00E98002848BF062105D404BF4BF095
:107D40002000672801D101210E91DDE902014F00D9
:107D500047EAD0777E15FF174FF0FF32974208BFF2
:107D6000964210D1090341EA10510003002908BFCF
:107D7000002808D0ABF1610503211A2D089118D312
:107D80000FF61C1110E0DDE902014A00521512F154
:107D9000010F11D108030FD1ABF1610503211A2D99
:107DA00008911FD30FF6001103226046FEF782FDF3
:107DB00057E30FF6E801F7E7DDE902016A4600F054
:107DC000EBFCCDE902014BF02000612811D10598B0
:107DD00030210170821C0592BBF1610F0CBF78212C
:107DE000582102E00FF6BC01DEE741700798801CC5
:107DF0000790DDE9020120F0000231F0004308BFE6
:107E0000002A02D10026002542E14BF02008B8F1FB
:107E1000610F40F092800E98002847BF2121019108
:107E2000401C0190019FDDE92C017F1C00220023F2
:107E3000DDE9024500F0E8FC38BF85F00045009917
:107E40008DF88420091F002F00910DF1850632DD89
:107E5000204629460022002300F0F0FC2BD21C22F1
:107E600000F006FD04460D4600F084FDFF1F002FC4
:107E7000804609DD00F085FD02460B462046294676
:107E800000F086FD04460D46F01D0721B8F1000FF5
:107E90000CDD491E5EBF08F00F0200F8012D4FEA0D
:107EA0002818F3D502E0002200F8012D491EFAD56A
:107EB000C61D002FCCDC0DF18500361A01980DF19E
:107EC00085048642D8BF304600282FD4B04206DA57
:107ED0000DF185010A5C082AA8BF0F2100DA0021F4
:107EE000024621AB134400E0401E13F80159521E14
:107EF0008D42F9D00F2904D10DF185018B5C5B1CFB
:107F00008B54002A04D50099091D21AC401C009116
:107F1000411E0BD4621813783033DDB23A2DA4BF62
:107F20005B443A3B491E02F80139F4D50E99002909
:107F300040F1AC80421E0E92A8E00099DFF8E826DE
:107F400047F29750414391FBF2F20092DDE92C4554
:107F5000C2F10702002A25F0004504DD204629462B
:107F600000F03EFB0BE052420020DFF8C01600F0AC
:107F700037FB02460B462046294600F012FD044618
:107F80000D46B8F1660F06BF009F0A3706270E9808
:107F90003F18142FC8BF142730208DF884000DF12E
:107FA0008506002F34DD2046294600F003FD0146FA
:107FB0000A4606F1080304200A26B2FBF6F606EB91
:107FC000860EA2EB4E02303203F8012C0A22B6FBD9
:107FD000F2F202EB820EA6EB4E063036401E03F89C
:107FE000026DE9D1083F002F03F10806D9DD0846EC
:107FF00000F0E7FC02460B462046294600F0C8FC8C
:108000000022DFF82C3600F0E3FC04460D46CAE7F8
:108010000DF18500361A0DF1850404E00098401E2C
:10802000761E0090641C20783028F7D0B8F1660FD7
:1080300002D10098401C04E0B8F1650F0CBF01208C
:1080400000200E9940188642B8BF701E00281DD42B
:10805000B04204DA215C3429C8BF392100DC302168
:108060000246631E9D1800E0401E15F80169521E6D
:108070008E42F9D0392902D1A15C491CA154002AB1
:1080800004D50099491C1C46401C00910646009DE1
:108090000E9F30B2002802DC01260FF210644BF074
:1080A0002000662808BF6D1C15D067280FFA85F8D8
:1080B00041D118F1040F44DBB84542DA9DF8400085
:1080C0006D1C010703D430B2B842D8BF074628B2AE
:1080D0003F1A48BF00270FFA85F8B8F1000F00F3E8
:1080E000AF800898411C0891302205990A54002F4E
:1080F00003DC9DF84000010705D50898411C089154
:108100002E2205990A5417EB080FB8BF7D422DB2F5
:108110006842ED1932B20B909542B8BF2E46059BCE
:10812000089836B20996324621461844FEF7C2FB3B
:10813000AD1B0C95CCE0BBF1610F15D14FF0700B6E
:1081400017E030B2B84204DA9DF840100A0758BF71
:1081500007467F1E48BF0027BBF1670F14BF4FF0D3
:10816000450B4FF0650B04E0BBF1410F08BF4FF02A
:10817000500B0898411C0891002F059914F8012B09
:108180000A5403DC9DF84000010719D50898411CEA
:1081900008912E2205990A54002F11DD761E30B267
:1081A0008742B8BF3E460598089B32B22146184424
:1081B000FEF780FB089836B23018BF1B08900B976B
:1081C000059808990844B8F1000F80F800B003D46E
:1081D0002B224270821C04E02D2145464170821CF6
:1081E0006D4200212CAB28460AE004460A2094FB8D
:1081F000F0F000EB8005A4EB450403F8014B491CAB
:1082000000B20028F1DC012906DC4BF020006528D3
:1082100004BF302002F8010B00292CAB08D130201C
:1082200002F8010B06E0491E585C303002F8010BE1
:108230000029F8DC059908980844121A099247E0C9
:1082400030B229B288421BDA0598089B32B2214627
:108250001844FEF72FFB089936B271180891A8EB65
:108260000600002F0B9003DC9DF84000020705D5A7
:10827000059A2E2050540999491C09910C9727E022
:108280000598089B2AB221461844FEF713FB08986C
:10829000761B4044002F089003DC9DF840100A072D
:1082A00004D5411C08912E2205990A5430B2874208
:1082B000B8BF3E460598089B32B204EB080118444B
:1082C000FEF7F8FA089836B23018BE1B08900B96E5
:1082D0009DF8400000F01400102840F0C280079A7A
:1082E00008980B99821809988A1882180C980F9987
:1082F0008018884280F2B580081A0A90B1E09DF893
:108300004200622808D068280ED06A2814D06C2851
:108310001FD0712810D01CE0D9F8001051F8040BC0
:10832000C9F80010C0B21AE0D9F8001051F8040BD7
:10833000C9F8001080B212E0D9F80000C21D22F086
:108340000702C9F80020D2E900010832C9F800206C
:1083500006E0D9F8001051F8040BC9F8001000210C
:10836000CDE902019DF8400001075AD5DDE902235D
:10837000002B08BF002A54D04BF02000782850D1A1
:10838000079812A930220A54401C431C079301F895
:1083900000B046E09DF84200622808D068280ED060
:1083A0006A2814D06C281FD0712810D01CE0D9F88E
:1083B000001051F8040BC9F8001040B21AE0D9F8C7
:1083C000001051F8040BC9F8001000B212E0D9F8FF
:1083D0000000C21D22F00702C9F80020D2E9000106
:1083E0000832C9F8002006E0D9F8001051F8040B53
:1083F000C9F80010C117CDE90201002902D507987C
:108400002D210AE0BDF84000810702D507982B21F5
:1084100003E0C00705D50798202112AA1154401C7B
:10842000079012A8079901440591594602A800F047
:108430004DF816E001200790D9F8000050F8041B11
:10844000C9F800008DF848100BE001212522BBF18E
:10845000000F07918DF8482003D0022207928DF873
:1084600049B00F9D07990A986D1A08992D1A0B9813
:108470006D1A09992D1A0C986D1A9DF840102D1A35
:1084800048073FF5DFAA2021002D8DF800107FF767
:10849000D9AA309E2C46FFF7C9BA4FF0FF3031B051
:1084A000BDE8F08FCBCCCC0C686A6C747A4C0000C1
:1084B0007072696E74665F733A206261642025731E
:1084C00020617267756D656E740000002DE9FC47D0
:1084D00007468A463C6950466F2808BF082505D0E4
:1084E000FFF78EF9782814BF0A251025D7E9000177
:1084F0003C2680468946BAF1640F18BFBAF1690F6D
:1085000005D1002903D5D8F1000869EB4909B9F173
:10851000000F08BFB8F1000F0CD1386B50B9082D0F
:108520003AD197F83800010736D530223B2684F837
:108530003B2031E08DF800A0404649462A46EB1723
:1085400000F050FA3032D0B2761E3A2801960EDA98
:10855000A255404649462A46EB1700F043FA8046AA
:108560005FEA010908BFB8F1000F05D108E09DF8E6
:1085700000001218513AEBE7F868A1198842DBD3E2
:10858000082D09D197F83800010705D5A05D3028DE
:1085900002D0761E3020A055C6F13C03BB61A11964
:1085A000F960386B834208DAC31A3B624FF6EF700A
:1085B000398F01403987BDE8F38700280ED597F839
:1085C000380000F01400102808D17A6B7969386AF5
:1085D000521A121AD21A002AC8BF3A62BDE8F387AB
:1085E0002DE9D04306460F4614464FF00008DFF849
:1085F000449012E0E00707D542464B4630463946E4
:1086000000F0E6F906460F464046494642464B46CC
:1086100000F0DEF9641080468946002CEAD130462D
:108620003946BDE8D0830000A08601000000F03F7D
:1086300084D7974100002440F8B505460E461746FA
:108640001C4600205CB117F8011BB068A847B06059
:1086500030B1F06A401CF0620020641EF3D1F2BD1C
:108660004FF0FF30F2BD00007072696E74665F7388
:108670003A20256E20646973616C6C6F77656400C5
:108680007072696E74663A2062616420256E2061A2
:108690007267756D656E7400000000006E616E009B
:1086A0004E414E00696E6600494E460030000000A3
:1086B000C9B202788A421AB11CBF10F8012FF9E73B
:1086C00018BF00207047000080B500B906A005491A
:1086D0000B681BB122220021984701E000F09AFAB2
:1086E000222002BD301B0228636F6E7374726169B1
:1086F0006E742068616E646C65723A2062616420F9
:108700006D6573736167650000F10103810704D033
:1087100010F8011B820781B1FAD10268A2F1013180
:10872000914311F0803104BF50F8042FF6E709BAE5
:10873000B1FA81F100EBD100401CC01A7047000073
:10874000C9B2830706D0521E22D310F8013B9942CA
:10875000F7D11FE0083A13D302F1040241EA0121E4
:1087600041EA014150F8043B121F21BF4B40A3F1E5
:10877000013C2CEA030C1CF0803FF3D0C9B2001F6F
:10878000083210F8013B521E28BF91EA030FF8D8B7
:1087900018BF0120401E704710B5144600F002F8C3
:1087A000226010BDC1F30A5343B14A0012F5001F05
:1087B00028D2A3F2FE32A1EB0251704750EA410CDD
:1087C00020D001F0004C31EA0C01B1FA81F204BF73
:1087D000B0FA80F3D2180B3AB2F120032CBF00FAA2
:1087E00003F1914041EA0C013EBFC2F1200C20FA96
:1087F0000CF319439040524240F2FD33D21A01EB80
:10880000035170470022704741EA030C50EA4C0CB8
:1088100052EA0C0C4FF4001C09D307D01CEB410F9B
:108820009CBF1CEB430F8B4208BF824270471CEB7E
:10883000430FFBD8994208BF9042704741EA030CAE
:1088400050EA4C0C52EA0C0C4FF4001C09D307D030
:108850001CEB410F9CBF1CEB430F994208BF904299
:1088600070471CEB410FFBD88B4208BF8242704718
:1088700000B541EC100B104600F004F851EC100B61
:1088800000BD00BF020030EE101B40F2FF7C37D469
:108890001CEA115313D063456BD09B18634504D277
:1088A00001EB025120EE101B704701F0004141EA3C
:1088B0000C51002041EC100BAFF30080704710EE1C
:1088C000100B50EA410054D0B2F57F7F08D202EB82
:1088D0005C010905002041EC110B20EE010B7047F3
:1088E0004FF0FE41002341EC113B20EE010BB2F5AD
:1088F0007E7230EE101B4FEA410342EB5353CDE73B
:1089000052421CEA115316D0634532D09A4204D227
:10891000A1EB025120EE101B70475B1ED21AA1EB97
:10892000035120EE101B372A0CD3002001F0004128
:1089300041EC100BC0E710EE100B50EA410018D0CC
:10894000372AF2D2C2EB5C021105002041EC110B78
:10895000F1EE100A20F01F0121F4F851E1EE101A97
:1089600020EE010BF1EE101AE1EE100A11F0080FE3
:10897000A2D1704741EC100BBDEEC00B10EE100AF7
:10898000704700EE100AB8EEC00B51EC100B7047A8
:1089900041EC100B43EC112B30EE410B51EC100B62
:1089A000704741EC100B43EC112B80EE010B51ECA6
:1089B000100B704741EC100BBCEEC00B10EE100A10
:1089C000704700EE100AB8EE400B51EC100B7047E8
:1089D00041EC100B43EC112B20EE010B51EC100B72
:1089E00070470000BBBBE1B1B2F5803F80F07E80F4
:1089F000022A1ED98C46B1FBF2F102FB11C31B0403
:108A000043EA1043B3FBF2FC02FB1C3380B240EAA2
:108A10000343B3FBF2F002FB103240EA0C400023A8
:108A20007047022A05D98446B0FBF2F002FB10C25F
:108A300070474AB105D100F0010249085FEA3000F1
:108A4000704700220023704700F0E8B80B000200D6
:108A5000002100207047904271EB030CF6D3B3F570
:108A6000803F2FD2F0B5B3FA83F7B1FA81F4A7F1C2
:108A70000F0E3D1B5340CEF1200602FA0EF2F341D9
:108A80005340B5F10F0746D80F3C2C444140C4F188
:108A90002006A040F1414140B1FBF3F603FB161163
:108AA000A2FB0645001BA94102D2761E801859413F
:108AB00080EA010221FA0EF362FA0EF200215A4016
:108AC0003046F0BD30B4B1FBF3FC03FB1C11A2FB3C
:108AD0000C45001BA94103D2ACF1010C801859418F
:108AE00030BC02460B46604600217047B2F1807FE1
:108AF00065D3F0B5B2FA82F7B1FA81F4C7F10F0687
:108B00003D1B22FA06F307F1110EF24120355A40BF
:108B1000B5F10F07B8D94140C4F12006A040F1419A
:108B20004140B1FBF3FC03FB1C11A2FB0C45001BF5
:108B3000A94103D2BCF1010C801859410F2F12D367
:108B40000F3FC90341EA5041B1FBF3F603FB161195
:108B5000A2FB0645D4EBC030A94102D2761E801894
:108B6000594146EACC3C07B34140C7F12006B84022
:108B7000F1414140B1FBF3F603FB1611A2FB0645A0
:108B8000001BA94102D2761E8018594180EA0102D9
:108B900021FA0EF3C7F1200462FA0EF20CFA07F084
:108BA0005A402CFA04F13043F0BD80EA010221FA68
:108BB0000EF3002162FA0EF260465A40F0BD8C4678
:108BC000B1FBF2F102FB11C31B0243EA1063B3FBDA
:108BD000F2FC02FB1C331B024CEA002043EA106348
:108BE000B3FBF2FC02FB1C331B024CEA002043EAFD
:108BF0001063B3FBF2FC02FB1C331B024CEA0020A7
:108C000043EA1063B3FBF2FC02FB1C324CEA002087
:108C100000237047012000F003B8000070470000F7
:108C200080B5AFF30080024A11001820ABBEFBE70D
:108C3000260002002DE9F84F2DED068B002000F0F4
:108C4000EAFFDFF8CCAB9AF80F00012840F0198555
:108C500001F09BFA01F086FADFF81C0C008800EEA8
:108C6000100AB8EE400ADFEDA00A20EE200ADFF875
:108C70000C0CD0ED000A9FED9D1A00EE810ADFF882
:108C8000FC0B80ED000ADFF8F80B0188DFF8BC0B65
:108C90000088091ADFF8E80B0180DFF8E80B01888B
:108CA000DFF8E40B0088091ADFF8D80B0180DFF841
:108CB000DC4B2188DFF8D80B0088091A21801021AD
:108CC000DFF8D0BB5A4601290FDB12F01F00411814
:108CD000BFF34F8FDFF8C00B02602032203901292B
:108CE000F8DABFF34F8FBFF36F8FDFF8B06BDBF8AD
:108CF0000400306100207061DFF8A49BDBF80800FD
:108D0000C9F810000020C9F81400300001F098FBE9
:108D1000484601F095FBDFF8F85C306A2861DFF81F
:108D2000846B30686861DFF8807BDFF8580BB0F93E
:108D3000000000EE100AB8EEC00AD7ED010A80EE7E
:108D4000208ADFF8D08CD9F82000C8F81000DFF8AE
:108D50005C9BD9F80000C8F81400DFF8240BB0F9C8
:108D6000000000EE100AB8EEC00AD7ED010AC0EE0E
:108D7000208ADFF83C1B91ED000ADFF8380B0288EF
:108D800041F641739A4269DBDFF82C0B007800EE64
:108D9000100AB8EE400A8BED030AF8EE088AB0EE2E
:108DA000089AB0EE491AF0EE680A9BED010AF2EE5D
:108DB000041A80EE210A01F081FC85ED040A306876
:108DC0006861DFF8C00AB0F9000000EE100AB8EEE2
:108DD000C00AD7ED010A80EE208AB0EE491AF0EE03
:108DE000680A9BED020AF2EE041A80EE210A01F0F5
:108DF00065FCB1EE400A88ED040AD9F80000C8F815
:108E00001400DFF87C0AB0F9000000EE100AB8EE9A
:108E1000C00AD7ED010AC0EE208ADFF8FCABDFF80C
:108E2000FC0B0068CAF810000020CAF814009AED84
:108E3000040ADAED050A30EE600ADFEDB70AB4EE97
:108E4000600AF1EE10FAC0F28A829AED050ADFEDAF
:108E5000D50A30EE200A8AED050A8FE2DBED000A22
:108E6000B7EE001AF4EE410AF1EE10FA40D10022FA
:108E7000DFF8AC3B1A80DFF8AC2B1388C92B01DB81
:108E800000230380DFF8A03B1878002808D10020D9
:108E900010800020DFF8941B08800120187010E07B
:108EA0001088401C1080DFF8840B0288521C02805E
:108EB0000288652A05DB00220280DFF8600B00686B
:108EC0000860DFF8580B90ED000A012018700020B0
:108ED000DFF8641B08800020DFF8601B08700020AA
:108EE000DFF85C1B087094E09A99193FCDCCCC3E1A
:108EF000DBED000AF5EE400AF1EE10FA40F0898051
:108F00000022DFF8203B1A800022DFF8203B1A8085
:108F1000DFF8142B1378012B18D1DFF89C090178A6
:108F2000491C017001780B2901DB0A210170002026
:108F300010700020DFF8001B08800020DFF8001B05
:108F400008700020DFF8F41A087062E0DFF8682982
:108F500012780A2A02D10288521C0280DFF8C02A45
:108F60001088401C10801088652812DBDFF8D03A8A
:108F7000187800280DD10020108001201870DFF82B
:108F8000BC2A1078002802D10120107001E00020D6
:108F90001070DFF8AC0A007801283AD1DFF8980A9F
:108FA0000288521C0280028840F2DD539A420BDB99
:108FB00000220280DFF8842A1078002802D10120E4
:108FC000107001E000201070DFF8700A00780028AF
:108FD00002D191ED000A05E091ED000ADFEDD90A1A
:108FE00030EE200ADFED4C0AB4EE600AF1EE10FA22
:108FF00004DBDFEDD20A30EE200A0AE0DFEDD00A12
:10900000B4EE600AF1EE10FA03D5DFED660A30EE39
:10901000200ADFF804BADFF8040A0068CBF8100071
:109020008BED050A9BED040ADBED050A30EE600AC4
:10903000DFED390AB4EE600AF1EE10FA08DB9BEDC1
:10904000050ADFED580A30EE200A8BED050A0EE026
:10905000DFEDBB0AB4EE600AF1EE10FA07D59BED26
:10906000050ADFEDB60A30EE200A8BED050AB4F9E9
:10907000000000EE100AB8EEC00AD7ED010A80EE3B
:10908000209A9FEDACAB99ED000AB7EEC00A20EE36
:109090000A0BB7EEC00B01F007FCDFF8A849DFF8B8
:1090A000DC07D0ED000A60EE209A96ED000AB7EEDC
:1090B000C00A20EE0A0BB7EEC00B01F0F5FB29EE5B
:1090C000800A84ED000ADFF8800994ED000AD0EDF3
:1090D000000A30EE600AB7EEC00A9FEDD42B80EE96
:1090E000020BB7EEC00BDFF86469DFEDD20A20EEA9
:1090F000200AD6ED000A9FEDCC1A00EE810A86ED1B
:10910000000A21680160DFF8480901780F2905DAB3
:109110000178491C017018E00100344301780F29DF
:1091200013DB00210170DFF82C09BAF904104FF4A9
:10913000FA7291FBF2F100EE101AB8EEC00AD0ED0F
:10914000040A30EE200A80ED040ADFF808799FED6A
:10915000DA1ADFEDDA0A97ED040A01F0AFFA87EDCB
:10916000040A280001F06CF9404601F069F95846FC
:1091700001F066F997ED040AD4ED000A30EE600ABA
:10918000DFEDCF0AB4EE600AF1EE10FA0CDBFBEE75
:10919000040A30EE200AD7ED040A30EEC00A87ED4B
:1091A000050A15E00000B443FBEE040AB4EE600AC1
:1091B000F1EE10FA0AD5F3EE040A30EE200AD7EDEC
:1091C000040A30EEC00A87ED050A01E038697861CB
:1091D000DFF884983068C9F814004946380001F077
:1091E000B7F9DFF87848DFF8780890ED000AD9ED94
:1091F000080A30EE200A84ED000A9FEDB21ADFED76
:10920000B20A94ED000A01F059FA84ED000ADFF881
:1092100068060088782804DA9AF81000012840F0DF
:109220009380DFF84068DFEDA99A6421B0EE691AF7
:10923000F0EE480A95ED080A300001F095F9DFF8E4
:1092400028586421B0EE691AF0EE680A98ED080A11
:10925000280001F089F9DFF814781421B0EE691ABA
:10926000F0EE490A9BED080A380001F07DF9DFF8BD
:1092700000889FED978ADFED978AB0EE681AF0EECE
:10928000480A96ED050A01F019FA88ED000ADFF8A0
:10929000E467B0EE681AF0EE480A95ED050A01F0B1
:1092A0000DFA86ED000ADFF8D0579FED8B1ADFED3F
:1092B0008B0A97ED050A01F001FA85ED000A94ED9D
:1092C000000AD6ED000A30EE600AD8ED000A30EE52
:1092D000200AD5ED000A70EE201A94ED000AD6EDB2
:1092E000000A30EE200AD8ED000A30EE200AD5ED53
:1092F000000A30EE601A94ED000AD6ED000A30EE56
:10930000600AD8ED000A30EE600AD5ED000A70EE72
:10931000600A94ED000A96ED002A30EE020A98EDFC
:10932000002A30EE420A95ED002A30EE020A00F0E3
:10933000F3FA13E01839359D46DF913F0000B4C3BE
:10934000000034C30000F042D4ED001A94ED001A7E
:10935000D4ED000A94ED000A00F0DEFAEDE1DFED55
:10936000C30AB4EE600AF1EE10FA07D59AED050AC9
:10937000DFEDBF0A30EE200A8AED050AB4F90000DD
:1093800000EE100AB8EEC00AD7ED010A80EE209A6E
:109390009FEDB4AB99ED000AB7EEC00A20EE0A0BC0
:1093A000B7EEC00B01F080FADFF8D046DFF8CC044E
:1093B000D0ED000A60EE209A96ED000AB7EEC00AE2
:1093C00020EE0A0BB7EEC00B01F06EFA29EE800A10
:1093D00084ED000ADFF8700694ED000AD0ED000A73
:1093E00030EE600AB7EEC00A9FED102B80EE020B44
:1093F000B7EEC00BDFF85466DFED0E0A20EE200A50
:10940000D6ED000A9FED081A00EE810A86ED000AEB
:1094100021680160DFF8680601780F290CDA01780D
:10942000491C01701BE000BFCDCC4C3E9A99999924
:109430009999A93FCDCC4C3F01780F290FDB002132
:109440000170DFF8100690ED040AB7EEC00A9FED38
:10945000BF2B30EE020BB7EEC00B80ED040ADFF835
:10946000F4759FED151ADFED150A97ED040A01F06A
:1094700025F987ED040A280000F0E2FF404600F0DD
:10948000DFFF504600F0DCFF97ED040AD4ED000A40
:1094900030EE600ADFED0A0AB4EE600AF1EE10FA6F
:1094A0001EDBFBEE040A30EE200AD7ED040A30EE94
:1094B000C00A87ED050A27E00080D444000016C4E6
:1094C0000100A041007014460080BB446F12833A33
:1094D00000401CC600401C460000FA440000FAC4CC
:1094E000FBEE040AB4EE600AF1EE10FA0AD5F3EED0
:1094F000040A30EE200AD7ED040A30EEC00A87EDE8
:10950000050A01E038697861DFF84C953068C9F8E0
:1095100014004946380001F01BF8DFF84045DFF839
:10952000400590ED000AD9ED080A30EE200A84EDDE
:10953000000A9FED841ADFED840A94ED000A01F021
:10954000BDF884ED000ACC4800889628C0F29280CD
:10955000DFF81065DFEDAD9A6421B0EE691AF0EE28
:10956000480A95ED080A300000F0FEFFDFF8F854D5
:109570006421B0EE691AF0EE680A98ED080A280036
:1095800000F0F2FFDFF8E4741421B0EE691AF0EE97
:10959000490A9AED080A380000F0E6FFDFF8D084A7
:1095A0009FEDA88ADFEDA88AB0EE681AF0EE480AAF
:1095B00096ED050A01F082F888ED000ADFF8B46440
:1095C000B0EE681AF0EE480A95ED050A01F076F85B
:1095D00086ED000ADFF8A0549FEDA51ADFEDA50A7D
:1095E00097ED050A01F06AF885ED000A94ED000A8E
:1095F000D6ED000A30EE600AD8ED000A30EE200AFF
:10960000D5ED000A70EE201A94ED000AD6ED000A9E
:1096100030EE200AD8ED000A30EE200AD5ED000A1F
:1096200030EE601A94ED000AD6ED000A30EE600AC2
:10963000D8ED000A30EE600AD5ED000A70EE600A3F
:1096400094ED000A96ED002A30EE020A98ED002A09
:1096500030EE420A95ED002A30EE020A00F05CF985
:109660006BE000BF1839359D46DF913F000034C3E1
:109670000000B4C3002300220021002001F016F9ED
:109680005BE09AF80F00002857D100230022002148
:10969000002001F00BF9DFF8CC030021C1600021AC
:1096A0000161DFF8C4130022CA6000220A61DFF8FA
:1096B000BC230023D36000231361002343610020F7
:1096C000486100205061DFF848130020C861D14A8A
:1096D0000020D061D0480023C361DFF87833002434
:1096E000DC61DFF874430025E56100258D61002110
:1096F000916100218161002199610021A161DFF860
:109700004C1300220A60C549096841615A48008823
:1097100000EE100AB8EE400ACB4880ED000A9AF835
:109720001100012809D19FED520AF0EE401AB0EE67
:10973000401AF0EE400A00F0EFF8BDEC068BBDE8F1
:10974000F18F0000007014460080BB443333333384
:10975000333303C080B5012000F05DFA01BD80B550
:10976000022000F058FA01BD80B5032000F053FA42
:1097700001BD80B5042000F04EFA01BD80B5052082
:1097800000F049FA01BD80B5062000F044FA01BDA1
:1097900080B5072000F03FFA01BD80B5082000F039
:1097A0003AFA01BD80B5092000F035FA01BD80B557
:1097B0000A2000F030FA01BD80B50B2000F02BFA32
:1097C00001BD80B50C2000F026FA01BD80B50D204A
:1097D00000F021FA01BD80B50E2000F01CFA01F066
:1097E000E3F801BD80B5002001F03EFA002801D069
:1097F00002F00DF801BD80B5012001F035FA002816
:1098000002D0A0480068804701BD00006F12833A73
:109810009C1A022880B5022001F026FA002801D007
:1098200002F0A0F801BD80B5032001F01DFA01BDD2
:1098300080B5042001F018FA002802D09248006890
:10984000804701BD00401CC600401C46541B022836
:1098500080B5052001F008FA01BD80B5062001F0B1
:1098600003FA002802D087480068804701BD000045
:109870000000FA440000FAC4461B0228F01A02282D
:10988000481B02284A1B0228561B02284C1B022890
:10989000581B02281410002870EF00E0E000022896
:1098A0000C010228241B0228C01A0228201B0228AF
:1098B000F41A0228441B0228611B0228704780B555
:1098C000082002F0E5F8092002F0E2F801BD80B5B9
:1098D000102002F0DDF8142002F0DAF801BD704724
:1098E00070477047704770477047704770477047C0
:1098F0007047704780B5752002F0CAF8002801D083
:1099000000F094FC01BD7047704770477047704786
:109910007047704770477047F8B52DED068BF0EE35
:10992000608AB0EE419AB0EE618A584CDFED409A01
:109930009FED40AAB0EE4A1AF0EE690A00F0BEFEB2
:10994000BDEEC00A10EE100A2080514DB0EE4A1A4A
:10995000F0EE690AB0EE680A00F0B0FEBDEEC00A93
:1099600010EE100A28804B4EB0EE4A1AF0EE690A4B
:10997000B0EE490A00F0A2FEBDEEC00A10EE100AD9
:109980003080454FB0EE4A1AF0EE690AB0EE480A50
:1099900000F094FEBDEEC00A10EE100A38803F4879
:1099A0000078002802D02088208003E0B4F900006D
:1099B000404220803A480078002802D02888288039
:1099C00003E0B5F9000040422880364800780028BE
:1099D00002D03088308003E0B6F900004042308089
:1099E00031480078002802D03888388003E0B7F981
:1099F000000040423880B7F90030B6F90020B5F9D0
:109A00000010B4F9000000F051FFBDEC068BF1BD71
:109A100004000228300002285C000228281B0228CB
:109A2000421B0228401B02286B0902283E1B022809
:109A30000080BB4400401C463C1B0228601B0228DF
:109A40005F1B0228F81A0228E81A0228EC1A0228DA
:109A5000621B022888000228B4000228D81A0228B3
:109A6000000002283801022850010228680102285B
:109A7000DC1A0228E01A0228E41A0228FC1A02283A
:109A8000631B02287008022874080228341B02286D
:109A9000361B0228381B02283A1B02285C1B0228AE
:109AA0006A0902285D1B02285E1B0228022801D3D6
:109AB000012010E00B00DBB2042B01DB01200AE0E7
:109AC000DFF86C3303EB8000C9B2405C824201D303
:109AD000012000E000207047F8B506000F001500D7
:109AE0001C00022E01D301201DE02A003900C9B25A
:109AF0003000FFF7DBFF012801D1012013E038001F
:109B0000C0B2002812D1B4F5807F0DD2DFF8240353
:109B10007603304400EB850010F58050016864F353
:109B20000F2101600020F2BD0120FCE7FFB2012FF0
:109B300011D1B4F5803F0CD2DFF8F802760330443F
:109B400000EB850010F5A050016864F31721016057
:109B5000E8E70120E7E70120E5E700B20012C0B224
:109B60007047F8B505000E001700280000B2FFF797
:109B7000F4FF04002000C0B2022801D3012023E03A
:109B80003A003100C9B22000C0B2FFF78FFF0128B0
:109B900001D1012018E0A7492000C0B240030844C9
:109BA0002A00D2B200EB8200D0F8000CF6B266F3C5
:109BB000092067F30700E4B264032144EDB201EB2E
:109BC0008501C1F8000C0020F2BD70B504000D0045
:109BD0001600022C01D301201CE032002900C9B27A
:109BE0002000FFF763FF012801D1012012E0914915
:109BF0006003085850F0004050F0407050F47F006F
:109C0000EDB265F3092066F3070062038850640330
:109C10000859002070BD80B50100C9B2032906DAD9
:109C20008549C0B2C0010844FDF7C5FD07E083497E
:109C3000C0B2C0010844B0F5C070FDF7BCFD01BD65
:109C400070B596B004000D005021002202AE300025
:109C5000FCF788FE00262000C0B203286ADA002242
:109C600001212000C0B200F2711000B2FFF779FFAD
:109C70002000C0B200F2711000B2FFF76EFF09239E
:109C800000220121C0B2FFF727FF2000C0B200F27E
:109C9000711000B2FFF761FF00220121C0B2FFF78F
:109CA00094FF2000C0B210F5D570ADF8000002207E
:109CB000ADF8020001208DF8040003226048210065
:109CC000C9B250F82110684601F09AFFED000295E4
:109CD00000208DF80C0000208DF80D0000208DF87C
:109CE0000E0000208DF8100003208DF84C0001209C
:109CF000149000208DF8540000208DF855004E4D32
:109D000002A92000C0B2C0012844FDF785FC200054
:109D1000C0B2C0012844FDF73FFD2000C0B2C00121
:109D20002844FDF750FDE4B2E40105EB0400FDF723
:109D30003CFD7AE0002201212000C0B210F5B17094
:109D400000B2FFF70EFF2000C0B210F5B17000B2F4
:109D5000FFF703FF092300220121C0B2FFF7BCFE79
:109D60002000C0B210F5B17000B2FFF7F6FE00227D
:109D70000121C0B2FFF729FF2000C0B200F29B1002
:109D8000ADF800000220ADF8020001208DF80400BB
:109D900003222B482100C9B250F82110684601F077
:109DA0002FFFED00002005E0B5F5803F01D3761CC4
:109DB0006D08401C0828F7DB02958DF80C60002028
:109DC0008DF80D0000208DF80E0000208DF8100099
:109DD00003208DF84C000120149000208DF85400D1
:109DE00000208DF85500154D02A92000C0B2C00119
:109DF0002844B0F5C070FDF70FFC2000C0B2C001D0
:109E00002844B0F5C070FDF7C7FC2000C0B2C00107
:109E10002844B0F5C070FDF7D6FCE4B2E40105EBD0
:109E20000400B0F5C070FDF7C0FC16B070BD0000B6
:109E300050FF0910000004400000594000805840C5
:109E4000E408022880B50A000821DFF89835196077
:109E5000D2B20100C9B2022002F068F90820DFF88E
:109E60008815086001BD80B501000820DFF8742561
:109E7000106051F08001C9B2022002F0CBF9082134
:109E8000DFF864251160C0B202BD10B513000822CE
:109E9000DFF8504522600A0050F080000100C9B28E
:109EA000022002F02CFA0820DFF83C15086010BDF3
:109EB000020012F4F841100080B2000410F00040DB
:109EC0000B009BB2002B03D0B3F5F84F19D021E063
:109ED0009205920D13009BB2002B22D0520001E09C
:109EE0005200491C5305FBD589B2D1F17001C90557
:109EF00092B2DFF8F83413EA42330918591808000F
:109F00000FE092B2DFF8E41411EA4231081810F1C0
:109F1000FF4006E092B25204520C12F5E03210EB10
:109F2000423070477FB504000D009FEDBE0A2888BF
:109F3000FFF7BEFF00906E466888FFF7B9FF7060BC
:109F4000A888FFF7B5FFB060E888FFF7B1FFF060C1
:109F50009DED000ADDED000A20EE200AD6ED010A93
:109F600096ED011A00EE810AD6ED020A96ED021A6C
:109F700000EE810AD6ED030A96ED031A00EE810A7F
:109F800002F0AAFBDFEDA80AB4EE600AF1EE10FAC7
:109F900021DBD6ED030AF5EE400AF1EE10FA02D508
:109FA000B1EE400AFFE7D6ED010AC0EE800AC4ED2B
:109FB000000AD6ED020AC0EE800AC4ED010ADDED0A
:109FC000000AC0EE800AC4ED020AD6ED030A80EE54
:109FD000800A84ED030A7FBD2DE9F0412DED048B4D
:109FE00084B004000D0016001F0094ED000AD4EDAB
:109FF000000A20EE208A94ED010AD4ED010A20EE39
:10A00000200AD4ED020A94ED021A60EE818AB0EEC5
:10A01000009A30EE080AF7EE000A40EE490A94ED85
:10A02000010A94ED031A20EE010A94ED001AD4ED12
:10A03000021A01EE210A20EE090A02F05DFB8DED05
:10A04000000AE84694ED000AD4ED030A20EE200A47
:10A05000D4ED010A94ED021A00EEC10A20EE090ABD
:10A0600002F080FBB1EE400A88ED010A38EE280AC2
:10A07000F7EE000A40EE490A94ED000A94ED011A49
:10A0800020EE010A94ED021AD4ED031A01EE210A22
:10A0900020EE090A02F030FB88ED020A9FEDAC0ABF
:10A0A000DDED000A60EE800A9FEDAA1AC0EE810A7B
:10A0B000CDED000AD8ED010A60EE800A9FEDA51AE9
:10A0C000C0EE810AC8ED010AD8ED020A20EE800A2E
:10A0D000DFEDA00A80EE200A88ED020A98ED020A60
:10A0E000B5EE400AF1EE10FA06D598ED020ADFED62
:10A0F0009A0A30EE200A01E098ED020A88ED020A81
:10A1000000982860D8F80400306098ED020ADFED6E
:10A11000B40A30EE200A87ED000A04B0BDEC048BCF
:10A12000BDE8F08180B50100C9B20120FFF78AFEC9
:10A1300001BD70B50020002500263000461C80B20D
:10A14000B0F5807F0ADA0F20FFF78DFE04000120B2
:10A15000FDF774F9E4B2702CEFD100E0012528007E
:10A16000C0B270BDE0B5062269462820FFF78DFE1B
:10A17000BDF800009E490880BDF802009D49088096
:10A18000BDF804009C49088007BDE0B50622694679
:10A190002220FFF77AFEBDF8000098490880BDF83C
:10A1A000020097490880BDF804009649088007BD61
:10A1B0003EB595480078062832D06D4672B68020AC
:10A1C000FFF7B0FF20211720FFF73CFE31210220CE
:10A1D000FFF738FE00240CE014F14C01C9B208204E
:10A1E000FFF730FE0920FFF73EFE2100C9B2685498
:10A1F000641C2000C0B20828EEDB00211720FFF706
:10A2000021FE0020FFF78EFF804C69462000FFF7FB
:10A2100089FE7F4B7F4A80492000FFF7DDFE62B652
:10A2200037BD0000000000007012833A80B5FFF7D0
:10A23000BFFF01BD7FB505000024734805700820ED
:10A24000029002200190022000900223734A002114
:10A25000022002F0DDF80323012201217B2002F01D
:10A26000DBFA0A20FDF7EAF8FFF763FF002808D0C1
:10A2700040F2B3136A4A6B49002001F0FFFA01244F
:10A2800061E004210120FFF7DDFD1E20FDF7D6F877
:10A2900044211220FFF7D6FD02211720FFF7D2FD3F
:10A2A000614E6248306004211520FFF7CBFD604805
:10A2B000706015211020FFF7C5FD18211120FFF750
:10A2C000C1FD01211620FFF7BDFD08211820FFF771
:10A2D000B9FD2800C0B2062835D080210E20FFF736
:10A2E000B1FD08211320FFF7ADFD30216320FFF7FA
:10A2F000A9FDE91C51F01001C9B21020FFF7A2FD21
:10A30000E91C51F01001C9B21120FFF79BFD80201C
:10A31000FFF708FFED0055F043052900C9B25E20A4
:10A32000FFF790FD02210420FFF78CFD002117208C
:10A33000FFF788FD0020FFF7F5FE00F00FF8012180
:10A34000752001F0CBFB2000C0B204B070BD00004E
:10A3500000003443DA0F49400000B443F8B56420EC
:10A36000FDF76CF80024002500260027FFE73800E1
:10A3700080B2B0F5FA7F1BDAFFF707FF1F48B0F98C
:10A3800000103329F3DA1E49B1F90020332AEEDA3E
:10A390001C4AB2F90030332BE9DA00880419088826
:10A3A0004519108886197F1C0120FDF747F8DEE764
:10A3B00024B2380080B294FBF0F01E4908802DB220
:10A3C000380080B295FBF0F0401C1B49088036B283
:10A3D000BFB296FBF7F0401C18490880F1BD0000A1
:10A3E000000034C3840731408807314000E07F001B
:10A3F0004E1B0228501B0228521B0228481B022811
:10A400004A1B02284C1B0228701B0228B01A022883
:10A41000281B0228241B0228201B02288096980053
:10A42000D4F8091030FE0910C01A0228E112804544
:10A430003A926441541B0228561B0228581B0228DA
:10A4400090ED040AD0ED050A30EE600A80ED030AB3
:10A4500090ED070AD0ED030A30EE200A80ED070ADE
:10A4600090ED060AB5EE400AF1EE10FA01D1C1688E
:10A47000816190ED030AD0ED060A30EE600AD0ED5E
:10A48000000A90ED031A60EE810AB7EEE01AD0EDF3
:10A49000010A90ED072A60EE820AB7EEE02A9FEDEE
:10A4A0002A4B02EE041BD0ED020A20EE800AB7EE22
:10A4B000C00A9FED253B80EE030B31EE000BB7EE9B
:10A4C000C00B80ED080AC168816190ED090AD0EDEA
:10A4D0000A0AB4EE600AF1EE10FA34D590ED0A0AD9
:10A4E000D0ED080AB4EE600AF1EE10FA11D5816AD7
:10A4F000016290ED030AB5EE400AF1EE10FA22DD9A
:10A5000090ED070AD0ED030A30EE600A80ED070AED
:10A5100019E090ED080AD0ED090AB4EE600AF1EEF8
:10A5200010FA10D5416A016290ED030AB5EE400AB7
:10A53000F1EE10FA07D590ED070AD0ED030A30EEE0
:10A54000600A80ED070A7047FCA9F1D24D62503FC6
:10A5500038B504000D002000FFF772FF206A286163
:10A560002800FFF76DFF31BD38B52DED028B0400DB
:10A57000B0EE408A0D0094ED030A30EE600AD4ED8F
:10A58000010AF0EE001A60EEA10AD4ED011A94ED72
:10A59000012A61EE821A94ED002AD4ED052A94ED89
:10A5A000043A02EE223A00EEC03AD4ED030A43EE3A
:10A5B000010AC4ED030A21EEC00ADFED3D8A28003E
:10A5C000C0B2404200EE900AF8EEE00A60EEA80A3F
:10A5D000D4ED051AF4EE610AF1EE10FA07DBB5EEE0
:10A5E000400AF1EE10FA02DD9FED320A15E0280074
:10A5F000C0B200EE900AF8EE600A60EEA80AD4ED50
:10A60000051AF4EE601AF1EE10FA06DBB5EE400A18
:10A61000F1EE10FA01D59FED270AD4ED040A40EEC1
:10A62000010AC4ED040A2800C0B200EE100AB8EE18
:10A63000400A20EE280AD4ED000A20EE200ADFEDC1
:10A640001E0A20EE200AB0EE401AF1EE400A94ED08
:10A65000040A00F033F884ED040A94ED020AD4ED04
:10A66000030A78EE600A20EE800AD4ED040A30EE88
:10A67000600AD4ED000A80EE200A84ED050A280065
:10A68000C0B200EE100AB8EE400A20EE281AEDB271
:10A690006D4200EE105AB8EEC00A60EE280A94ED42
:10A6A000050A00F00BF884ED050ABDEC028B31BD04
:10A6B0000000C84200000000CDCC4C3FB4EE600A60
:10A6C000F1EE10FA02D5B0EE600A06E0B4EE401AE0
:10A6D000F1EE10FA01D5B0EE410A7047DFED620AE3
:10A6E00060EE200A10EE902A22F0004101EE101ACE
:10A6F000DFED5E1AB4EE611AF1EE10FA25D54FF0D7
:10A700007C5102F000420A4301EE102A71EE200A49
:10A71000FDEEE00A10EE901A00296AD0FAEEC90A9E
:10A720009FED531A00EE810ADFED521A00EEA10AE6
:10A730009FED512A00EE820ADFED502A00EEA20AB8
:10A740009FED4F1A00EE810A53E010EE101A4B00F5
:10A750001B1613F1010F0AD14900081610F1010F61
:10A7600002D1090240F07F809FED460A7047490000
:10A7700004D1002877D0B7EE000A70474FF07C5123
:10A7800002F000420A4301EE102A71EE200A10EE98
:10A79000902A51000DD0090EC1F196011829A8BFC9
:10A7A00002F0004203DA0029C4BFCA408A4000EE2A
:10A7B000902A10EE901A490017D09FED331A20EE20
:10A7C000811ADFED2B1A01EE210A9FED2A2A01EEF4
:10A7D000020ADFED292A01EE220A9FED283A01EE56
:10A7E000030ADFED271A01EE210AFDEEE00A10EE62
:10A7F000901A01F00301081810EE101A21F0004120
:10A8000000EE901A9FED211AF4EE410AF1EE10FAD3
:10A8100004D5C10723D5B7EE000A20E0C10760EEDA
:10A82000000A0ED59FED1A0A9FED1A1A00EE801A43
:10A83000DFED191A41EE201AB7EE000A01EEA00A68
:10A840000DE09FED162ADFED161A40EE821ADFEDBD
:10A85000152A20EE201A41EEA02A01EE220A8007D6
:10A8600048BFB1EE400A704783F9223F0000004F15
:10A870000000C9C600A0FDC00020A2BA000034B389
:10A880000030C2AEFFFFFF7F00008038000080393B
:10A890009349B2BA36A02A3DDFFFFFBE6E8C4CB999
:10A8A0004283083CA1AA2ABE012017E738B50C0054
:10A8B0003049A5250D7001254D7005002DB22D12D2
:10A8C0008D70C870200000B2001208714C71100029
:10A8D00000B200128871CA71180000B2001208722A
:10A8E0004B7200208872002204E08B7A885CC318C7
:10A8F0008B72521C0A2AF8DB0B22022000F04AFB62
:10A9000031BD80B51B49A520087002204870002089
:10A9100088700020C8700020087100204871002055
:10A9200088710020C8710020087200204872A7209A
:10A9300088720B22022000F02DFB01BD38B50B21DF
:10A9400000220C4C25002800FCF70CF80B210022FB
:10A9500014F10B052800FCF705F80821002214F17A
:10A9600018052800FBF7FEFF0020A0750020E07509
:10A9700031BD0000F419022880B5202320225FF4A5
:10A98000E121022000F0C4FC0121022000F0E7FBDD
:10A99000FFF7D4FF0023002200210020FFF786FFED
:10A9A000FFF7AFFF01BD0000F8B519480078002897
:10A9B0002DD00020174C08202060174D042028605F
:10A9C00008202860042020600820206004202860DF
:10A9D000002615E008202860104F072002F0EAF852
:10A9E0003100C9B227F81100042002F0E3F8310069
:10A9F000C9B207EB4101A1F8000108202060761CD4
:10AA00003000C0B28028E5DB012005490870F1BDA7
:10AA1000731B0228080331400403314074120228DA
:10AA2000741B0228022801D3012010E00B00DBB2C6
:10AA3000042B01DB01200AE0DFF8CC3803EB8000B7
:10AA4000C9B2405C824201D3012000E0002070477F
:10AA5000F8B504000F0015001E00022C01D30120E0
:10AA60002AE02A003900C9B22000FFF7DBFF0128E5
:10AA700001D1012020E006983900C9B202291ED177
:10AA8000B6F5803F19D2202817D24FF4C052DFF814
:10AA90007C1863030B4403EB850313441F6866F3C0
:10AAA00017271F606403214401EB850111440A68E4
:10AAB00060F3C7020A600020F2BD0120FCE7FFB28C
:10AAC000032F1FD1B6F1807F1AD2202818D24FF45D
:10AAD000E052DFF8381863030B4403EB850313449B
:10AAE0001F6807F0FF0757EA06271F606403214429
:10AAF00001EB850111440A6860F3C7020A60DAE7D6
:10AB00000120D9E70120D7E700B20012C0B2704798
:10AB1000F8B505000E001700280000B2FFF7F4FF9B
:10AB200004002000C0B2022801D3012024E03A0032
:10AB30003100C9B22000C0B2FFF774FF012801D173
:10AB4000012019E0DFF8C4172000C0B24003084418
:10AB50002A00D2B200EB8200D0F8000CF6B266F305
:10AB6000092067F30700E4B264032144EDB201EB6E
:10AB70008501C1F8000C0020F2BD70B504000D0085
:10AB80001600022C01D301201DE032002900C9B2B9
:10AB90002000FFF747FF012801D1012013E0DFF873
:10ABA0006C176003085850F0004050F0407050F4AB
:10ABB0007F00EDB265F3092066F307006203885059
:10ABC00064030859002070BDD0F840037047D0F8E6
:10ABD0000803C005C00D704710F541710A6852F4B2
:10ABE00080320A6010F541710A6832F480320A60DE
:10ABF000D0F804037047C0F840127047D0F808023C
:10AC0000C005C00D7047D0F80802C0F3C0307047CF
:10AC100038B505002800FFF7F1FF04002800FFF712
:10AC2000F2FF0419002C01D1012000E00020C0B285
:10AC300032BDC0F8C81F7047D0F8C80F7047C0F8C1
:10AC4000C01FD0F8C00F7047C0F8881F7047D0F8F9
:10AC5000880F7047C0F8801FD0F8800F70470168D8
:10AC600051F00041016070472DE9F84F04000125C3
:10AC700000200020DFF858082100C9B250F82160F8
:10AC8000D6F80403000601D1042700E001273000B4
:10AC9000FFF7D2FF3900C9B2084253D03800C0B222
:10ACA000012835D13000FFF792FF80465FF00009A0
:10ACB00001E019F101094046C0B2814522DADFF80E
:10ACC00014A82000C0B21AF80000411C2200D2B221
:10ACD0000AF80210DFF800182200D2B2120101EBCC
:10ACE000020BC0B200903000FFF76EFF00990BF826
:10ACF00001002000C0B21AF800001028D9DB300093
:10AD0000FFF76AFF0120DFF8D417E4B2085513E01B
:10AD10003000FFF759FFDFF8C0172200D2B212014E
:10AD200088540120DFF8AC172200D2B288540120E9
:10AD3000DFF8A817E4B20855FFB239003000FFF77A
:10AD40007EFF0AE03000FFF782FF800505D54FF453
:10AD500000713000FFF77EFF00252800C0B2BDE87B
:10AD6000F28F38B504001500C9B200290ED01029A1
:10AD700019D0202924D030292FD031293AD0402988
:10AD800045D0502950D060295BD067E0DFF85007EC
:10AD9000A06001202073112060734FF48C70E0815B
:10ADA0001220208260E0DFF83C07A06001202073C1
:10ADB0001120607340F21D10E0816B20208253E06F
:10ADC000DFF82407A06001202073112060734FF486
:10ADD0008E70E0816A20208246E0DFF81007A060D4
:10ADE000022020731120607340F21B10E081692063
:10ADF000208239E0DFF8F806A060012020731120DE
:10AE0000607340F21B10E081692020822CE0DFF8A3
:10AE1000E406A06001202073132060734FF48D704E
:10AE2000E081682020821FE0DFF8CC06A0600120CE
:10AE300020731120607340F21F10E0816D2020828A
:10AE400012E0DFF8B806A0600120207311206073C3
:10AE50004FF48F70E0816C20208205E0DE22DFF865
:10AE6000A016002000F0ECFCEDB2002D0ED0102D4D
:10AE700019D0202D24D0302D2FD0312D3AD0402D77
:10AE800045D0502D50D0602D5BD067E0DFF85006E4
:10AE9000206000202071112060714FF48C70E081DF
:10AEA0001220208261E0DFF83C0620600020207143
:10AEB0001120607140F21D10E0816B20208254E06F
:10AEC000DFF82406206000202071112060714FF40B
:10AED0008E70E0816A20208247E0DFF81006206053
:10AEE000012020711120607140F21B10E081692067
:10AEF00020823AE0DFF8F805206000202071112060
:10AF0000607140F21B10E081692020822DE0DFF8A3
:10AF1000E405206000202071132060714FF48D70D3
:10AF2000E0816820208220E0DFF8CC05206000204E
:10AF300020711120607140F21F10E0816D2020828D
:10AF400013E0DFF8B8052060002020711120607147
:10AF50004FF48F70E0816C20208206E04FF49172F4
:10AF6000DFF89C15002000F06BFC31BD38B5040003
:10AF7000DFF85C55C9B22000C0B255F82000FFF7D9
:10AF80003AFE2000C0B255F82000FFF741FE00282D
:10AF9000F7D031BD70B505000E00140006E0317821
:10AFA0002800C0B2FFF7E2FF641E761C002CF6D129
:10AFB00070BD38B504000D0005E029782000C0B24E
:10AFC000FFF7D4FF6D1C28780028F6D131BD30B4CE
:10AFD0000022DFF808350200D2B29A5C002A2CD099
:10AFE000DFF8F4240400E4B22401145D0C70DFF8EF
:10AFF000E4440100C9B2615C491E0500EDB261552F
:10B000000100C9B2615C002912D000210300DBB24B
:10B01000E35C99420FDA0300DBB21B011344050025
:10B02000EDB22D0115440D446D785D54491CEDE7DA
:10B030000021C0B21954012000E00020C0B230BC91
:10B04000704770B505000C00DFF884642800C0B2BA
:10B0500056F82000FFF7FBFD4008400001002800E3
:10B06000C0B256F82000FFF7EFFD2800C0B256F836
:10B070002000FFF7ECFD30F0020001002800C0B214
:10B0800056F82000FFF7E0FD2800C0B256F8200077
:10B09000FFF7DDFD30F0200001002800C0B256F8B7
:10B0A0002000FFF7D1FD2800C0B256F82000FFF7BE
:10B0B000CEFD30F0400001002800C0B256F820005C
:10B0C000FFF7C2FD2800C0B256F82000FFF7BFFD11
:10B0D00030F0100001002800C0B256F82000FFF741
:10B0E000B3FD2800C0B256F82000FFF7B0FD30F4E1
:10B0F000807001002800C0B256F82000FFF7A4FDC0
:10B100002800C0B256F82000FFF7A1FD30F480609F
:10B1100001002800C0B256F82000FFF795FD002C72
:10B120000ED02800C0B256F82000FFF785FD50F47D
:10B1300000700100EDB256F82500FFF785FD0DE027
:10B140002800C0B256F82000FFF776FD30F40070FA
:10B150000100EDB256F82500FFF776FD70BD70B521
:10B1600005000C00DFF868632800C0B256F8200024
:10B17000FFF762FD30F0080001002800C0B256F869
:10B180002000FFF756FD2800C0B256F82000FFF758
:10B1900053FD30F0200001002800C0B256F8200016
:10B1A000FFF747FD2800C0B256F82000FFF744FD26
:10B1B00030F4807001002800C0B256F82000FFF77C
:10B1C00038FD2800C0B256F82000FFF735FD30F4F6
:10B1D000007001002800C0B256F82000FFF729FDDA
:10B1E0002800C0B256F82000FFF726FD30F40060BA
:10B1F00001002800C0B256F82000FFF71AFD280011
:10B20000C0B256F82000D0F8040300061FD1002C6D
:10B210005BD12800C0B256F82000FFF70DFD4008B2
:10B22000400001002800C0B256F82000FFF701FDE1
:10B230002800C0B256F82000FFF7FEFC30F00400F2
:10B240000100EDB256F82500FFF7F3FC70BD002CAD
:10B250001DD02800C0B256F82000FFF7EDFC30F0FA
:10B26000040001002800C0B256F82000FFF7E1FCFE
:10B270002800C0B256F82000FFF7DEFC50F00100B5
:10B280000100EDB256F82500FFF7D3FCDEE72800F9
:10B29000C0B256F82000FFF7CFFC30F004000100E8
:10B2A0002800C0B256F82000FFF7C3FC2800C0B247
:10B2B00056F82000FFF7C0FC400840000100EDB246
:10B2C00056F82500FFF7B5FCC0E72800C0B256F8D5
:10B2D0002000FFF7B1FC4008400001002800C0B288
:10B2E00056F82000FFF7A5FC2800C0B256F8200051
:10B2F000FFF7A2FC50F004000100EDB256F8250063
:10B30000FFF797FCA2E7000050FF0910000004407F
:10B310002DE9F0412DED028BA8B005000E001700BD
:10B3200028003900C9B20909C0B2884201D1012000
:10B3300000E000201C00DFF8C88140F28522414671
:10B34000C0B200F07DFA28002100C9B20909C0B2DC
:10B35000884201D1012000E0002040F286224146CF
:10B36000C0B200F06DFA02A8142101F06DFD342185
:10B3700000220DF168084046FBF7F4FA4C21002248
:10B380000DF11C084046FBF7EDFA082080B206FBE1
:10B3900000F65C48B0FBF6F85A4806FB180000EED1
:10B3A000100AB8EE400B01EE106AB8EE411B80EEB9
:10B3B000010BBFEEED0B10EE100B08EE100A220091
:10B3C000D2B23900C9B202A8FFF7CBFC08201B900B
:10B3D0009DF80D008DF870001AAA9DF80C100298C7
:10B3E000FBF73BFF06201B909DF815008DF87000C1
:10B3F0001AAA9DF814100498FBF72FFF002007905D
:10B40000082008900820099002200B9000200C9042
:10B4100000201290002014902D4C2800C0B254F847
:10B42000200001F057FE38492A00D2B238204243AA
:10B430000A4407A92800C0B254F8200001F008FD12
:10B440002800C0B254F82000FFF709FC2A00D2B24D
:10B450000321BDF91600FFF75BFBBDF91600FFF7EE
:10B4600053FB8DED008AB8F1010843462A00D2B2A1
:10B470000321C0B2FFF7ECFABDF91600FFF744FB59
:10B480002A00D2B20321C0B2FFF777FBBDF9180042
:10B49000ADF800000320ADF8020001208DF8040093
:10B4A00007221A482900C9B250F82110684600F056
:10B4B000A7FB00212800C0B2FFF751FE00212800A1
:10B4C000C0B2FFF7BEFD28B0BDEC028BBDE8F08135
:10B4D0004C090228C81A0228B0180228D01A0228DB
:10B4E0000000314000023140000531408008314009
:10B4F0008006314000073140000131408001314079
:10B50000A8FA091000B4C4047414022830090228EF
:10B5100082B000200190002000900020019009E0FE
:10B520000098401C00900098B0F5005FF8D3019897
:10B53000401C01900198B0F5805F02D2002000907D
:10B54000F1E702B0704780B501000020FFF731FD40
:10B5500001BD2DE9F043ADF5137D070088461600C7
:10B560001C000020ADF802000020ADF80000002013
:10B5700002900020ADF804000020ADF8060040461F
:10B58000FDF7C2F80290DFF8A0532888002801D008
:10B5900028698047DFF894030078002800F03381A1
:10B5A0002888002800F01181BDF90600411CADF883
:10B5B00006103A00010089B20020EB689847474620
:10B5C0004046FDF7A1F802906888A97990FBF1F058
:10B5D000ADF804003800471C00780028FAD100209C
:10B5E000ADF800000EE07F1E38782F2802D03878A2
:10B5F0005C2804D1BDF80000401CADF800000298A2
:10B60000401E0290BDF80000022802DA02980028CD
:10B61000E9D50298002806D47A1CDFF8141353A841
:10B6200001F0A0FD0EE0BDF80000002805D13A00B1
:10B63000C04953A801F096FD04E03A00BC4953A864
:10B6400001F090FD0020ADF8020042E0BDF80010CE
:10B65000BDF80020BDF8023053AF9BB2BDF9040025
:10B66000434313FA82F0385C43AA89B25054BDF8C0
:10B670000000401CADF80000BDF8000080B2BDF92C
:10B68000041088420EDA53A8FDF73EF8BDF80020FA
:10B69000BDF802309BB2BDF904104B4313FA82F19E
:10B6A0008842D3D2002043A9BDF800208854BDF9B8
:10B6B0000600411CADF8061043AAE97911FB00F120
:10B6C00089B20020EB689847BDF80200401CADF835
:10B6D0000200BDF8027053A8FDF716F8BDF904107A
:10B6E000B0FBF1F0401CBFB2874203D20020ADF89E
:10B6F0000000C1E73200904953A801F033FDBDF9C5
:10B700000600411CADF8061053AAE97911FB00F1BF
:10B7100089B20020EB689847002C74D00020ADF867
:10B72000020041E0BDF80010BDF80020BDF8023075
:10B730009BB2BDF90400434313FA82F0205C43AA94
:10B7400089B25054BDF80000401CADF80000BDF8AF
:10B75000000080B2BDF9041088420EDA2000FCF728
:10B76000D3FFBDF80020BDF802309BB2BDF9041034
:10B770004B4313FA82F18842D4D2002043A9BDF88A
:10B7800000208854BDF90600411CADF8061043AAFC
:10B79000E97911FB00F189B20020EB689847BDF808
:10B7A0000200401CADF80200BDF802602000FCF76A
:10B7B000ABFFBDF90410B0FBF1F0401CB6B28642FD
:10B7C00021D20020ADF80000C1E74FF480710022C3
:10B7D0000DF10C094846FBF7C5F83800A968884701
:10B7E000002C07D0009433004246544903A801F0CE
:10B7F000B9FC05E033004246514903A801F0B2FC10
:10B8000003A8A96888470DF5137DBDE8F08310B53E
:10B8100046480078002809D04B4C21000020FFF753
:10B82000D6FB01222100474801F021FD10BD10B5D3
:10B8300014002200D2B20020FFF7ACFB200010BDA4
:10B8400038B50C001500C0B2002803D13F4800787D
:10B85000002800D131BD3E490878002800D0FEE71D
:10B860000878401C087000F0BFF900232A0021006E
:10B870003848FFF76EFEFFF74BFEF6E710B51400F1
:10B880001A00C0B2002808D128480078002804D047
:10B890000B0021003048FFF75CFE10BD0021018045
:10B8A0004FF6FF7141808180FF218171C1710021BC
:10B8B00081600021C1600021016170471A4902883E
:10B8C0000A8042884A8082888A8082798A71C27915
:10B8D000CA7182688A60C268CA6000690861012012
:10B8E00012490870704700B585B06846FFF7D6FF6B
:10B8F0001A4802906846FFF7E1FF05B000BD80B529
:10B90000FFF7F1FF002300225FF4E1310020FFF791
:10B91000FFFC4023124A00210A4801F048FE0121A1
:10B920000020FFF71CFC01BD741A0228681B0228C6
:10B9300020FF0910F4FE09102CFF091014FE091055
:10B94000B4FE0910441A0228691B02286D09022856
:10B950006A1B022804FF091038FF091047B50910B7
:10B96000B41902281FB50020019040480078002833
:10B9700068D004E0012269463D4801F078FC694640
:10B980000220FFF724FB0028F4D19DF800000A28CC
:10B9900058D106200190364C012301AA02A92000AB
:10B9A00001F035FD032228A10DF10B0001F01EFE70
:10B9B000002810D12748017802293DD001210170CB
:10B9C000200001F043FC0190002301AA224920003D
:10B9D00001F01DFD30E003221CA10DF10B0001F070
:10B9E00005FE002810D11D480178022924D001212C
:10B9F0000170200001F02AFC0190002301AA1849DF
:10BA0000200001F004FD17E0032211A10DF10B004D
:10BA100001F0ECFD00280FD11248017802290BD06B
:10BA200001210170200001F011FC0190002301AA06
:10BA30000D49200001F0EBFC200001F0CDFB0120BE
:10BA40000C4908701FBD0000524D4300474741009C
:10BA5000544853006E1B0228401702286D1B022811
:10BA6000C01602286F1B0228C01702286C1B022870
:10BA70005C1A02286B1B02284269012212FA01F1AA
:10BA8000416140697047C069C84010F001007047CB
:10BA900070B5040000262100C9B208202B4D91FB8F
:10BAA000F0F200FB12112000C0B2C010C001284407
:10BAB000FFF7E9FF00280ED02100C9B2082091FB52
:10BAC000F0F200FB1211E4B2E410E40105EB040013
:10BAD000FFF7D2FF01263000C0B270BD78B58FB03D
:10BAE00004000D003421002202AE3000FAF73AFFC4
:10BAF00008200390EDB20595012006902100C9B2FF
:10BB0000082002AA91FBF0F300FB13110F48230059
:10BB1000DBB2DB10DB011844FBF79FFB2000C0B257
:10BB2000C008C0B21630ADF800000720ADF8020022
:10BB300001208DF8040003220548E4B2E41050F817
:10BB40002410684600F05CF810B070BD0000314071
:10BB500084080228010009B2002908D4012210F04B
:10BB60001F018A401B4900B2400941F8202070475C
:10BB7000010009B2002908D4012210F01F018A40F7
:10BB8000154900B2400941F820207047020012B266
:10BB9000002A04D44901114A00B2115407E04901B6
:10BBA0000F4A00B210F00F00104400F8041C704758
:10BBB000002800D162B60B480168491C016070473B
:10BBC00072B608490868002802D00868401E08605C
:10BBD0000868704700E100E080E200E000E400E077
:10BBE00018ED00E01C1B022880B5FFF7E9FF01F00B
:10BBF00013FD01BD80B5C9B200B2FFF7C7FF01BD9B
:10BC000070B504000D001600200001F015FD29009C
:10BC1000B4F9000001F04FFD3100C9B2B4F90200DF
:10BC2000FFF7E8FFB4F90200FFF7A2FFB4F9020042
:10BC3000FFF790FF70BD0000D0F80803C005C00DED
:10BC4000704710F541710A6852F480320A6010F5AD
:10BC500041710A6832F480320A60D0F804037047F8
:10BC6000C0F840127047D0F80802C005C00D7047F8
:10BC7000D0F80802C0F3C030704738B5050028007E
:10BC8000FFF7F1FF04002800FFF7F2FF0419002C72
:10BC900001D1012000E00020C0B232BD0068C0F335
:10BCA0008130002801D1802000E0402070470168E9
:10BCB00051F00041016070472030026861F39B62DF
:10BCC0000260704780B5FFF7B7FF02BD80B5FFF790
:10BCD000B8FF01BD022801D3012010E00B00DBB248
:10BCE000042B01DB01200AE0DFF8203503EB8000A4
:10BCF000C9B2405C824201D3012000E000207047BD
:10BD0000F8B504000F0015001E00022C01D301201D
:10BD10002AE02A003900C9B22000FFF7DBFF012822
:10BD200001D1012020E006983900C9B202291ED1B4
:10BD3000B6F5803F19D2202817D24FF4C052DFF851
:10BD4000D01463030B4403EB850313441F6866F3AD
:10BD500017271F606403214401EB850111440A6821
:10BD600060F3C7020A600020F2BD0120FCE7FFB2C9
:10BD7000032F1FD1B6F1807F1AD2202818D24FF49A
:10BD8000E052DFF88C1463030B4403EB8503134488
:10BD90001F6807F0FF0757EA06271F606403214466
:10BDA00001EB850111440A6860F3C7020A60DAE713
:10BDB0000120D9E70120D7E700B20012C0B27047D6
:10BDC000F8B505000E001700280000B2FFF7F4FFD9
:10BDD00004002000C0B2022801D3012024E03A0070
:10BDE0003100C9B22000C0B2FFF774FF012801D1B1
:10BDF000012019E0DFF818142000C0B24003084405
:10BE00002A00D2B200EB8200D0F8000CF6B266F342
:10BE1000092067F30700E4B264032144EDB201EBAB
:10BE20008501C1F8000C0020F2BD70B504000D00C2
:10BE30001600022C01D301201DE032002900C9B2F6
:10BE40002000FFF747FF012801D1012013E0DFF8B0
:10BE5000C0136003085850F0004050F0407050F498
:10BE60007F00EDB265F3092066F307006203885096
:10BE700064030859002070BD0100C020C9B2002928
:10BE800005D0022907D004D3032906D006E01220EA
:10BE900004E0622002E07A2000E01A20C0B270477D
:10BEA0000100C020C9B2002905D0022907D004D35F
:10BEB000032906D006E0112004E0612002E0792089
:10BEC00000E01920C0B270470100C020C9B20029AB
:10BED00005D0022907D004D3032906D006E010209C
:10BEE00004E0602002E0782000E01820C0B2704733
:10BEF0000100C020C9B200290BD002290DD00AD3FD
:10BF000004290ED00BD306290FD00CD307290ED04D
:10BF10000EE013200CE014200AE0632008E0642007
:10BF200006E07B2004E0292002E01B2000E01C202A
:10BF3000C0B2704701000020C9B2002905D0022913
:10BF400007D004D3032906D006E0132004E0132011
:10BF500002E0132000E01320C0B27047010000206F
:10BF6000C9B2002905D0022907D004D3032906D07D
:10BF700006E0132004E0132002E0132000E0132069
:10BF8000C0B2704701000020C9B2002905D00229C3
:10BF900007D004D3032906D006E0132004E01320C1
:10BFA00002E0132000E01320C0B27047010000201F
:10BFB000C9B200290BD002290DD00AD304290ED012
:10BFC0000BD306290FD00CD307290ED00EE0132077
:10BFD0000CE013200AE0132008E0132006E01320F1
:10BFE00004E0132002E0132000E01320C0B27047E9
:10BFF000C9B2082902D0102946D096E0DFF8001413
:10C000000200D2B251F82220126832F440420300FA
:10C01000DBB251F823301A600200D2B251F822206C
:10C02000D2F80022520952010300DBB251F823304A
:10C03000C3F800220200D2B251F82220D2F8002226
:10C0400052F007020300DBB251F82330C3F800229C
:10C050000200D2B251F82220D2F800235209520134
:10C060000300DBB251F82330C3F800230200D2B240
:10C0700051F82220D2F8002352F00702C0B251F842
:10C080002000C0F8002350E0DFF874130200D2B2A1
:10C0900051F82220126832F440420300DBB251F81A
:10C0A00023301A600200D2B251F82220126852F4F2
:10C0B00080420300DBB251F823301A600200D2B292
:10C0C00051F82220D2F80022520952010300DBB2BB
:10C0D00051F82330C3F800220200D2B251F82220D6
:10C0E000D2F8002252F00F020300DBB251F82330E5
:10C0F000C3F800220200D2B251F82220D2F8002365
:10C10000520952010300DBB251F82330C3F8002377
:10C110000200D2B251F82220D2F8002352F00F02CE
:10C12000C0B251F82000C0F8002370472DE9F0415B
:10C1300004000F00160008212000C0B2FFF758FFCE
:10C14000DFF8C0522000C0B2285C08280FD02000C1
:10C15000C0B2285CC010DFF8B01211EBC011012092
:10C160002200D2B2AA5C12F0070290400860DFF809
:10C170009082FFB239002000C0B258F82000FFF7CB
:10C180006FFD2000C0B258F82000FFF787FD0700C0
:10C190002000C0B258F82000FFF765FD8742F0D0BC
:10C1A000F6B231002000C0B258F82000FFF758FD69
:10C1B0002000C0B258F82000FFF770FD06002000F4
:10C1C000C0B258F82000FFF74EFD8642F0D02000A4
:10C1D000C0B258F82000FFF750FD0028F7D020002B
:10C1E000C0B2285C08280ED02000C0B2285CC01065
:10C1F000DFF8181211EBC0110120E4B22A5D12F031
:10C20000070290400860BDE8F081000050FF09106F
:10C2100000000440F8B504000D00002008212000B3
:10C22000C0B2FFF7E5FE774E2000C0B2305C0828B0
:10C230000ED02000C0B2305CC010734911EBC011A9
:10C2400001202200D2B2B25C12F0070290400860D6
:10C250006B4F2000C0B257F82000FFF733FD0028D5
:10C2600005D02000C0B257F82000FFF72FFDEDB237
:10C2700029002000C0B257F82000FFF7F1FC200091
:10C28000C0B257F82000FFF71DFD0028F7D02000AE
:10C29000C0B257F82000FFF719FD00212000C0B2FE
:10C2A00057F82000FFF7DCFC2000C0B257F8200050
:10C2B000FFF7E3FC0028F7D02000C0B257F82000B9
:10C2C000FFF700FD0028F7D02000C0B257F820008B
:10C2D000D0F840032100C9B2715C08290DD02100BB
:10C2E000C9B2715CC910494A12EBC1120121E4B212
:10C2F000335D13F0070399401160C0B2F2BD2DE920
:10C30000F84380460D0016001C0008214046C0B2CC
:10C31000FFF76EFE3B4F4046C0B2385C08280ED097
:10C320004046C0B2385CC010374911EBC011012043
:10C330004246D2B2BA5C12F0070290400860DFF8C1
:10C34000C0904046C0B259F82000FFF7BBFC00285F
:10C3500005D04046C0B259F82000FFF7B7FCEDB257
:10C3600029004046C0B259F82000FFF779FC40464A
:10C37000C0B259F82000FFF7A5FC0028F7D04046CE
:10C38000C0B259F82000FFF7A1FC00214046C0B21E
:10C3900059F82000FFF764FC4046C0B259F820006D
:10C3A000FFF76BFC0028F7D04046C0B259F82000D8
:10C3B000FFF788FC0028F7D04046C0B259F82000AB
:10C3C000D0F840033070761C641E002CDDD140464E
:10C3D000C0B2385C08280FD04046C0B2385CC010EC
:10C3E0000A4911EBC01101205FFA88F817F80820FC
:10C3F00012F0070290400860BDE8F18300000000E1
:10C40000200902282C1B022804003140080031407A
:10C410002DE9F84F2DED028B9EB006000F009946D6
:10C42000042080B202FB00F2A848B0FBF2F8A74853
:10C4300002FB180000EE100AB8EE400B01EE102AC5
:10C44000B8EE411B80EE010BBFEEED0B10EE100BB2
:10C4500008EE100A3421002201AC2000FAF782FA1B
:10C460003C2100220EAC2000FAF77CFA300049464D
:10C47000C0B2C9B2884201D1012000E000202A9D4B
:10C48000DFF84CA24FF470725146C0B2FFF7D8F9F2
:10C4900048462900C0B2C9B2884201D1012000E05B
:10C4A00000202B9C40F2C1325146C0B2FFF7C8F9C0
:10C4B000062002902800C0B2FFF750FD8DF80C0056
:10C4C0002800C0B2FFF7ECFC82465FF0080B2800A2
:10C4D000C0B2FFF7E5FC7F4D01AA9AFBFBF10BFB15
:10C4E00011AA5146C0B2C010C0012844FAF7B5FEE7
:10C4F000062002904846C0B2FFF71CFD8DF80C00E4
:10C500004846C0B2FFF7B8FC82465FF0080B4846C9
:10C51000C0B2FFF7B1FC01AA9AFBFBF10BFB11AA19
:10C520005146C0B2C010C0012844FAF796FE200060
:10C53000C0B204281ED0082002902000C0B2FFF72D
:10C5400021FD8DF80C002000C0B2FFF7BDFC814634
:10C550005FF0080A2000C0B2FFF7B6FC01AA99FB01
:10C56000FAF10AFB11994946C0B2C010C001284433
:10C57000FAF773FE2C9C2000C0B208281ED00620BB
:10C5800002902000C0B2FFF711FD8DF80C002000D2
:10C59000C0B2FFF7ADFC81465FF0080A2000C0B2D0
:10C5A000FFF7A6FC01AA99FBFAF10AFB119949468B
:10C5B000C0B2C010C0012844FAF74FFE3000C0B22C
:10C5C000032803D23000C0B2401C00E0002032003B
:10C5D000D2B2D21D032110F58F7000B2FFF7F0FB2D
:10C5E0003000C0B2032803D23000C0B2401C00E0CB
:10C5F000002010F58F7000B2FFF7DEFB8DED008A92
:10C60000B8F1010843463200D2B2D21D0321C0B2B4
:10C61000FFF776FB3000C0B2032803D23000C0B26F
:10C62000401C00E0002010F58F7000B2FFF7C4FB43
:10C630003200D2B2D21D0321C0B2FFF7F6FBFFB227
:10C64000002F05D0022F09D005D3032F09D00AE00F
:10C650000020109007E00120109004E002201090CC
:10C6600001E00320109001200E9000200F90042084
:10C670001190082012900820139001208DF850008E
:10C6800001208DF85300104D00220EA93000C0B2D9
:10C6900055F8200001F026F800213000C0B255F80E
:10C6A0002000FFF709FB3000C0B255F82000FFF76B
:10C6B000FEFA0448F6B284551EB0BDEC028BBDE80C
:10C6C000F18F00002C1B02282009022800B4C404AA
:10C6D00034FA091000003140B5EEC00AF1EE10FA4C
:10C6E00002D4B1EEC00A70476FF0004C00EE10CAE1
:10C6F000AFF300807047000052EC101AB0EEC00A91
:10C70000C80F49005200F0EEE00A28BF0C3011F1CA
:10C71000807F38BF12F1807F0CD28A4238BF80F010
:10C720000400124214D034BF80EE800A80EE200A4A
:10C7300001F0D0B811F1807F08BF80F0040098BFED
:10C7400012F1807F08D88A4214BF00224FF07E5237
:10C7500000EE102A01F0BEB86FF0004100EE101A92
:10C760007047000010EE101A4FF07E5201EE902A32
:10C77000C80F31F0004120D000EE101A914212D8BB
:10C7800071EEC00A0D4A31EE801A61EE200AF1EE18
:10C79000E00A914286BF80F0040080EE800A80EEBD
:10C7A000200A01F097B8490011F1807F9CBF6FF01B
:10C7B000004100EE101AAFF300807047F404353FDB
:10C7C000012212FA01F181607047012212FA01F18F
:10C7D0004160704780B5C9B200290ED00100C9B2CE
:10C7E000082291FBF2F302FB13112D4AC0B2C010D4
:10C7F000C0011044FFF7E4FF0DE00100C9B20822B8
:10C8000091FBF2F302FB1311254AC0B2C010C00124
:10C810001044FFF7DAFF01BD2DE9F8418DB00400A7
:10C820000E0015001F0034210022E8464046FAF7AA
:10C8300099F8F6B2002E0ED1FFB2002F02D0022FCF
:10C8400003D005E00F2001900DE0082001900AE0E0
:10C850000820019007E0FFB2042F02D10F200190C1
:10C8600001E00E2001902000C0B2C0280FD02100AE
:10C87000C9B208206A4691FBF0F300FB1311084887
:10C880002300DBB2DB10DB011844FAF7E6FC2900D9
:10C89000C9B22000C0B2FFF79DFF0EB0BDE8F08125
:10C8A00000003140022801D3012010E00B00DBB270
:10C8B000042B01DB01200AE0DFF8683503EB800080
:10C8C000C9B2405C824201D3012000E000207047E1
:10C8D000F8B506000F0015001C00022E01D3012040
:10C8E0001DE02A003900C9B23000FFF7DBFF012844
:10C8F00001D1012013E03800C0B2002812D1B4F5F4
:10C90000807F0DD2DFF820057603304400EB8500F0
:10C9100010F58050016864F30F2101600020F2BD22
:10C920000120FCE7FFB2012F11D1B4F5803F0CD2FA
:10C93000DFF8F4047603304400EB850010F5A050D6
:10C94000016864F317210160E8E70120E7E70120AF
:10C95000E5E700B20012C0B27047F8B505000E005E
:10C960001700280000B2FFF7F4FF04002000C0B257
:10C97000022801D3012024E03A003100C9B220008E
:10C98000C0B2FFF78FFF012801D1012019E0DFF8C5
:10C9900098142000C0B2400308442A00D2B200EB31
:10C9A0008200D0F8000CF6B266F3092067F30700A6
:10C9B000E4B264032144EDB201EB8501C1F8000C3F
:10C9C0000020F2BD70B504000D001600022C01D34A
:10C9D00001201DE032002900C9B22000FFF762FFEC
:10C9E000012801D1012013E0DFF83C14600308584E
:10C9F00050F0004050F0407050F47F00EDB265F30D
:10CA0000092066F307006203885064030859002078
:10CA100070BD0100C9B2002964D0012964D0022987
:10CA200064D0032964D0042964D0052964D0062980
:10CA300064D0072964D0102964D0112964D0122948
:10CA400064D0132964D0142964D0152964D0162920
:10CA500064D0172964D0182964D0192964D01A2900
:10CA600064D01C2964D01D2964D0202964D02429D5
:10CA700064D0252964D0262964D0272964D02829A8
:10CA800064D0292964D02C2964D02D2964D02E2982
:10CA900064D02F2964D0302964D0312964D0322960
:10CAA00064D0332964D0342964D0352964D038293E
:10CAB00064D0392964D03C2964D03D2964D03E2912
:10CAC00064D0402964D0412964D0422964D04329EC
:10CAD00064D0442964D0452964D0462964D04729CC
:10CAE00064D065E0302063E0312061E032205FE017
:10CAF00033205DE034205BE0352059E0362057E0FC
:10CB0000372055E0382053E0392051E03A204FE0FB
:10CB10003B204DE03C204BE03D2049E03E2047E0FB
:10CB20003F2045E0412043E0422041E043203FE0F8
:10CB300048203DE049203BE0542039E0602037E0C8
:10CB4000612035E0622033E0632031E064202FE093
:10CB500065202DE068202BE0692029E06A2027E08D
:10CB60006B2025E06C2023E06D2021E06E201FE08B
:10CB70006F201DE070201BE0712019E0742017E089
:10CB8000752015E0782013E0792011E07A200FE07D
:10CB900090200DE091200BE0922009E0932007E027
:10CBA000942005E0952003E0962001E09720FFE720
:10CBB000C0B2704730B40100C9B249090200D2B214
:10CBC000202392FBF3F403FB1422984BC0B21B5CAE
:10CBD0005B00D3F10403964C0800C0B254F8200067
:10CBE0001500EDB2AD01284400F63C00056855F093
:10CBF000010505600800C0B254F82000D0F800021A
:10CC0000C00F0028F6D1C9B254F82100D2B2920167
:10CC10001044D0F8240880B2184180B230BC70476C
:10CC2000F8B504000D00A02282492800C0B2FEF72A
:10CC300007FE0027002606E02000C0B2FFF7BAFF7B
:10CC400017FA80F7761C30002900C0B2C9B28842BA
:10CC5000F2D3EDB2B7FBF5F080B2F2BDF0B597B00C
:10CC600004000D00002000200020342100220AAE24
:10CC70003000F9F777FE082100226E463000F9F700
:10CC800071FE6A482100C9B245542000C0B220217B
:10CC9000674D90FBF1F201FB120080012100C9B247
:10CCA000491155F82110084410F5006000F054FFB8
:10CCB00000200B902000C0B2FFF7ABFE0600082753
:10CCC0002000C0B2FFF7A5FE0AAA96FBF7F107FB0A
:10CCD00011663100584BC0B2C010C0011844FAF7B9
:10CCE000BCFA06275548B0FBF7F6022201212000C6
:10CCF000C0B24009C0B200F2231000B2FFF72DFE0F
:10CD00002000C0B24009C0B200F2231000B2FFF709
:10CD100020FE7F1E3B0002220121C0B2FFF7D8FD9A
:10CD20002000C0B24009C0B200F2231000B2FFF7E9
:10CD300010FE02220121C0B2FFF744FE00208DF850
:10CD4000030001208DF8050001208DF80600012068
:10CD50008DF8070069462000C0B2401155F8200048
:10CD600000F00AFE4FF4167235480021E2FB06017E
:10CD7000344A0023FBF736FE06002021002202AFD2
:10CD80003800F9F7EFFD03208DF80A002000C0B24B
:10CD9000202190FBF1F201FB12008DF80D00012023
:10CDA0008DF81000ADF8146001208DF80B00012003
:10CDB0008DF822002000C0B2202202A990FBF2F3DD
:10CDC00002FB130080012200D2B2521155F822203A
:10CDD000104410F5006000F015FE2000C0B22021C4
:10CDE00090FBF1F201FB120080012100C9B2491150
:10CDF00055F82110084410F5006000F0C3FE200033
:10CE0000C0B2202190FBF1F201FB12008001E4B2DC
:10CE1000641155F82410084410F5006000F0BEFEBF
:10CE200017B0F0BD50FF0910000004406C19022833
:10CE300078080228C0F909100000314000B4C40489
:10CE40000065CD1D00CA9A3B002200F0FDBE000027
:10CE50002DE9F44FDFF8D822DFF8D8321B68DFF86D
:10CE6000D8422468DFF8D4522D68DFF8D4623668DF
:10CE7000DFF8D0723F68DFF8D0C2DCF800C0DFF81E
:10CE8000CCE2DEF800E0DFF8C882D8F80080DFF8F6
:10CE9000C492D9F80090DFF8C0A2DAF800A0002808
:10CEA00000F01581002900F012810A68022A06D1DB
:10CEB00091F82620002A02D15FF0000B03E0D1F8A0
:10CEC00004B0BBF1010B91F82420002A01D001220B
:10CED00000E0002262F3104333F440436BF303039A
:10CEE000022262F3196303600A7812F0030262F30C
:10CEF0001964046491F82520002A01D0012200E081
:10CF0000002262F38615CA7E002A01D0012200E0C9
:10CF1000002262F38A254A7E002A01D0012200E025
:10CF2000002262F308258A7E002A01D0012200E057
:10CF3000002262F349258A6B521E12F00F0262F33F
:10CF400013450A69521E12F00702ED08ED00154361
:10CF50004A6962F304154A69520862F3451585640B
:10CF60000A7B002A01D0012200E0002262F3082699
:10CF70000A7E002A01D0012200E0002262F3492645
:10CF80008A68521E12F01F02760976011643C0F815
:10CF900000630A7F02F0FF023F0A3F02174391F845
:10CFA000202002F0FF0262F31747C0F8107391F8D7
:10CFB0002720002A01D0012200E0002262F3082C81
:10CFC0000A69521E12F007025FEADC0C5FEACC0C21
:10CFD00052EA0C0C4A6962F3041C4A69520862F373
:10CFE000451CC0F844C00A7B002A01D0012200E0A1
:10CFF000002262F3082E8A68521E12F01F025FEAB6
:10D000005E1E5FEA4E1E52EA0E0E0A68012A01D128
:10D01000012200E0002262F3104EC0F800E291F815
:10D020003C2002F0FF025FEA18285FEA082852EA73
:10D030000808C0F8048391F82820002A01D00122B2
:10D0400000E0002262F35969CA6A012A01D1012273
:10D0500000E0002262F318694A6B012A01D1012322
:10D0600000E00023009A63F3104991F8303003F098
:10D07000FF035FEA19295FEA092953EA0909C0F8A1
:10D08000509091F8443003F0FF035FEA1A2A5FEAF8
:10D090000A2A53EA0A0AC0F804A28B6CC0F8883F37
:10D0A000096CC0F8C81F002A10D000205060002072
:10D0B0001060002090600020D060002010620020EE
:10D0C000D06200201063DFF894005063002210004B
:10D0D000BDE8F28FDFF8881001605FF44011016451
:10D0E0000021816440F20711C0F800130022C0F84B
:10D0F00004230022C0F8102300224264C0F800126A
:10D100000021C0F80412002101650021C0F8C81EEA
:10D110000021C0F8881E0021C0F8C81F0021C0F8F7
:10D12000881F0021C0F8081F0021C0F8481F704761
:10D130000160AA00E4FF0910E8FF0910ECFF0910E4
:10D14000F0FF0910F4FF0910F8FF0910FCFF0910A7
:10D1500000000A1004000A1008000A10EFCDAB000E
:10D160000F0000030CB430B583B00A4606A9029143
:10D17000044600250194009502AB01A908487844B3
:10D180001E30FAF740FB019A157000284EBF044686
:10D190000198041B204603B030BC5DF80CFB00BFB7
:10D1A000BB97FFFF82688918816003E0826841694C
:10D1B000521A8260816842699142F7D27047C26810
:10D1C0008918C16003E0C2684169521AC260C1682F
:10D1D00042699142F7D2704770B50400002C01D02B
:10D1E000012000E000205422DFF8FC13C0B2FEF75B
:10D1F00027FB0025207850F0010020700020A0605F
:10D200000020E060606920616078002803D0022877
:10D2100010D007D315E06169002266683000F9F785
:10D22000A1FB0EE061694900002266683000F9F751
:10D2300099FB06E061698900002266683000F9F711
:10D2400091FB002020702800C0B270BD10B5040012
:10D25000002C01D0012000E000207022DFF88813AC
:10D26000C0B2FEF7EDFA60692169401A10BD2DE9E0
:10D27000F84305001600002D01D0012000E0002039
:10D280000C00AA22DFF86013C0B2FEF7D9FA00271B
:10D290000020002C01D10327B5E0287810F0050FFD
:10D2A00001D00427AFE0287850F0040028702869E6
:10D2B000B042C0F0A380D5F81480A868B8EB00088D
:10D2C000B04567D26878002803D0022841D01FD328
:10D2D00090E0424621006868AB6800EB03094846CD
:10D2E000F9F7E8FA41462800FFF75CFFB6EB0802C1
:10D2F00004EB08016868AB6800EB03042000F9F751
:10D30000D9FAB6EB080841462800FFF74BFF71E059
:10D310005FEA480221006868AB6800EB43094846B1
:10D32000F9F7C8FA41462800FFF73CFFB6EB0802C0
:10D33000520004EB48016868AB6800EB430420002E
:10D34000F9F7B8FAB6EB080841462800FFF72AFFBC
:10D3500050E05FEA880221006868AB6800EB83094F
:10D360004846F9F7A7FA41462800FFF71BFFB6EB3E
:10D370000802920004EB88016868AB6800EB830444
:10D380002000F9F797FAB6EB080841462800FFF7A6
:10D3900009FF2FE06878002803D002281DD00ED3A3
:10D3A00028E0320021006868AB6800EB030420002D
:10D3B000F9F780FA31002800FFF7F4FE1AE0720056
:10D3C00021006868AB6800EB43042000F9F772FAAB
:10D3D00031002800FFF7E6FE0CE0B200210068688B
:10D3E000AB6800EB83042000F9F764FA31002800F1
:10D3F000FFF7D8FE2869861B2E6100E005272878F4
:10D4000010F0FB0028703800C0B2BDE8F2832DE9AF
:10D41000F04705000E001F00002D01D0012000E0A4
:10D4200000201400DFF8C08140F25B124146C0B218
:10D43000FEF706FA002C01D0012000E000204FF496
:10D44000AE724146C0B2FEF7FBF95FF00008002063
:10D450000020002E02D15FF003088BE0297811F044
:10D46000030F03D020605FF006089CE02800FFF760
:10D47000EDFE2168884209D220605FF0070800288D
:10D4800004D1287810F0F70028708CE0287850F04C
:10D4900008002870D5F81490E868B9EB00092068F6
:10D4A000814522D36878002803D0022813D008D3FE
:10D4B0005CE022686868E96801443000F9F7FAF92D
:10D4C00054E0226852006868E96800EB41013000CE
:10D4D000F9F7F0F94AE0226892006868E96800EB21
:10D4E00081013000F9F7E6F940E06878002803D0C0
:10D4F000022827D011D339E04A466868E968014418
:10D50000B2465046F9F7D6F92268B2EB09026968CB
:10D510004E443000F9F7CEF928E05FEA4902686826
:10D52000E96800EB4101B2465046F9F7C3F92268B9
:10D53000B2EB09025200696806EB49063000F9F7C0
:10D54000B9F913E05FEA89026868E96800EB8101D4
:10D55000B2465046F9F7AEF92268B2EB09029200E2
:10D56000696806EB89063000F9F7A4F9287810F00D
:10D57000F7002870FFB2002F15D128780B2802D1B0
:10D580005FF002080FE0287850F002002870216850
:10D590002800FFF714FE29692068411829612878BE
:10D5A00010F0FD0028704046C0B2BDE8F087F8B525
:10D5B00004000E0017001D00002C01D0012000E027
:10D5C00000204FF407720849C0B2FEF739F9002075
:10D5D00067600021217066700021A1600021E16078
:10D5E00025616561C0B2F2BD4CF909108AB10B78B2
:10D5F00090F800C09C4506D110F8013B4BB1491C86
:10D60000521EF4D105E002D24FF0FF3070470120E6
:10D610007047002070470000002007E00549C20164
:10D620008A5822F00042C301CA50401C3F28F5DB53
:10D63000704700000000584030B40021234A1368AE
:10D64000234A1468002832D0224A1568C5F30325FE
:10D650000E2D0FD01268C2F303220D2A28D1827832
:10D6600012F00F022409240114430279002A15D074
:10D67000012214E0827812F00F021B091B011343F0
:10D680000279002A01D0012200E0002262F3DF7358
:10D69000114AB0F9000042F8203009E0002262F39C
:10D6A000DF740E4AB0F9000042F8204000E006495D
:10D6B000080030BC70470A4B1A68002A03D01A6869
:10D6C00000B242F820107047010056000C000A100A
:10D6D00010000A100000204000A0204000C02040A0
:10D6E0006C0802282DE9F041DFF8D0311C00DFF88A
:10D6F000D051D5F800C0DFF8CC512D68DFF8C861F3
:10D700003668DFF8C8713F685FF0000E5FF0000E0A
:10D71000002800F0D080002900F0CD804C68002C5B
:10D7200001D18C6805E04C68022C01D1002400E096
:10D730000224D1F810E0D1F81480C64502D3D1F804
:10D7400010E001E0D1F814E0BEF1090F08D23CF47A
:10D75000404C91F82130002B12D05CF4807C11E019
:10D76000BEF1110F03D2012363F38F3CF1E7BEF149
:10D77000210F03D2022363F38F3CEAE718009BE0FA
:10D780003CF4807CCB685B1E13F00F035FEA1C1C2B
:10D790005FEA0C1C53EA0C0C012363F3196CC0F80C
:10D7A00000C00B7F002B01D0002300E0012363F3B6
:10D7B00000054B681B0963F34105CB7E63F3041539
:10D7C0004B7E63F345150B68012B01D1012300E06B
:10D7D000002363F3DF7523005B0863F3820564F3C2
:10D7E000C3054B7F63F308258B7F63F34925CB7F0C
:10D7F00063F38A2591F8203063F3CB250B7913F07E
:10D80000030363F3196505620B7E63F308278B7EC0
:10D8100063F349270B695B1E13F01F037F097F0128
:10D820001F43C0F8007391F8243003F0FF0310F594
:10D83000417425682D0A2D022B4323600B7E63F370
:10D8400008264B695B1E13F01F03760976011E4301
:10D85000C0F8006291F82C3003F0FF0310F501745A
:10D8600025682D0A2D022B4323600B6BC0F8883FDF
:10D870008B6AC0F8C83F91F8383010F5706425689D
:10D8800063F34925256091F8391010F574631C681D
:10D8900061F3CB241C600021C0F8C81E002A09D007
:10D8A00000201060002090610020D0600020D06136
:10D8B0000748106200242000BDE8F0810140AA0062
:10D8C000D4FF0910D8FF0910DCFF0910E0FF091090
:10D8D000EFCDAB001AA210EE101A43F2A40CC3F65F
:10D8E000896CF2EC060A614509DB00EE803A70EEC5
:10D8F000800A83EE200A40F0020010EE101A490060
:10D90000D1F1E6410BD860EE000A20EE203A03EE9A
:10D91000010A01EEA02A42EE202A80EE220A4008E7
:10D9200010F0020F18BFB1EE400A02EB8002D2EDF8
:10D93000000A30EE200A28BFB1EE400A704700000E
:10D94000D7B3DD3F6AD5033F2B94A93DB82A593F91
:10D950000000803F000080BF00000000920A063FE8
:10D96000DB0FC93F920A863FDB0FC93F920A064090
:10D97000DB0F4940368D274070B40022DFF8A43217
:10D980001C68002939D00B7813F00F0310F1100533
:10D990002E683609360133432B604B7863F3070456
:10D9A0008B78002B01D0012300E0002363F30824CF
:10D9B000CB7863F349240B79002B01D0012300E0DD
:10D9C000002363F38A244B79002B01D0012300E06C
:10D9D000002363F35D748B79002B01D0012300E0F9
:10D9E000002363F39E74C979002901D0012100E06E
:10D9F000002161F3DF74046001E0DFF844221000CD
:10DA000070BC70472DE9F84F81460C000025DFF807
:10DA10001802D0F800A0DFF814020668DFF8100240
:10DA20000768DFF81002D0F80080DFF80C02D0F8A9
:10DA300000B0002C00F08B80484600F0A9F85BF4A1
:10DA4000806B5BF4007B5BF4807B5BF0020B5BF034
:10DA5000010B5BF0040BC9F810B0207810F0070040
:10DA60005FEADA0A5FEACA0A50EA0A0A607810F046
:10DA7000070060F3061AA07810F0030060F3092A8B
:10DA8000E078002801D0012000E0002060F3CB2ADC
:10DA90002079002801D0012000E0002060F3DF7A27
:10DAA000C9F800A0607910F03F00B609B60106433E
:10DAB000A07910F0030060F38716E07910F00700FA
:10DAC00060F30A26207A002801D0012000E000201F
:10DAD00060F3CB26607A10F0030060F30D36A07A75
:10DAE00010F0030060F38F36A0890005000D60F38D
:10DAF0001B46A07B60F3DF76C9F80460E07B10F082
:10DB00000700FF08FF000743207C60F38617607C56
:10DB100060F3C717A07C60F30F27E07C10F01F00B4
:10DB200060F31447207D10F0030060F39757C9F8A5
:10DB30000870E08A60F30F08208B60F31F48C9F873
:10DB40000C8014F11A01484600F02EF801E0DFF8CD
:10DB5000F0502800BDE8F28FDFF8E81009684FF4B4
:10DB6000006202600022826351F4806151F400710E
:10DB700051F4807151F0020151F0010151F00401A2
:10DB8000016170473830016851F001010160704750
:10DB90003830016849084900016070473C3001682D
:10DBA00051F001010160704710B40022DFF88C30A1
:10DBB0001C68002931D04B79002B01D0012300E0F3
:10DBC000002363F38A240B79002B01D0012300E0AA
:10DBD000002363F34924CB78002B01D0012300E01C
:10DBE000002363F308244B78002B01D0012300E0CD
:10DBF000002363F341040B78002B01D0012300E0E4
:10DC0000002363F300048978002901D0012100E09A
:10DC1000002161F38204846101E0DFF82420100018
:10DC200010BC704780FF091084FF091088FF09109D
:10DC30008CFF091090FF091094FF09109CFF091038
:10DC40000100DA0098FF091000B500BF13009646E6
:10DC50009446103928BFA0E80C50FAD85FEA417CFE
:10DC600028BF0CC048BF40F8042BC90728BF20F8C4
:10DC7000022B48BF00F8012B00BD0000DFF8C411E3
:10DC80000868C0F34000002801D0022002E00868C4
:10DC900010F001007047DFF8B001006810F00100DB
:10DCA00070470000C21E022A01D3012002E0C01EFC
:10DCB0000860002070471CB5FF246946FFF7F2FF9B
:10DCC000C0B2002802D02000C0B207E0DFF8FC019B
:10DCD000009950F8210010F00100C0B216BD0000FC
:10DCE000002801D0032801D3012002E0401E086073
:10DCF000002070471CB5FF246946FFF7F1FFC0B252
:10DD0000002802D02000C0B208E0DFF8C40100996A
:10DD100009010844C06810F00100C0B216BD00003F
:10DD2000DFF8BC010068800810F00100704738B5CA
:10DD300004002000C0B2082811D3DFF8985118223F
:10DD4000DFF89411280000F00DFC0020E87540F683
:10DD50005B00DFF8881108600020F9F707FCDFF8A6
:10DD6000CC112000C0B251F82000C0F300200028E0
:10DD700005D0E4B251F8240010F00F0000E0FF20BD
:10DD800032BD38B504002000C0B2082811D3DFF836
:10DD900044511822DFF84011280000F0E3FB002076
:10DDA000E8754FF40960DFF8341108600020F9F7D6
:10DDB000DDFBDFF87801E4B250F82400C0F3011075
:10DDC000C0B232BDDFF868211368C3F307230360D4
:10DDD0001068C0F3C40008607047DFF8582113686A
:10DDE000C3F3072303601068C0F3C40008607047E2
:10DDF00038B50400072C11D3DFF8D8501822DFF80B
:10DE0000C411280000F0AEFB0020E8754FF4CE707E
:10DE1000DFF8C81008600020F9F7A8FBDFF8A001C0
:10DE200050F8240010F00700010009B2042907D1BE
:10DE3000DFF8880150F8240010F01F0050F48070C3
:10DE400000B232BD2415264040152640DFF8B0123E
:10DE500009688A03920B0260090E11F00101C17179
:10DE6000DFF8A01209680A00D204D20C82800A00EE
:10DE7000120C02F0FF020281090C01F0FF01418146
:10DE8000DFF84411096811F00F0202730A00C2F3AF
:10DE9000031242730A00120AD204D20CC281090F83
:10DEA00011F003010174DFF8641309680A00120A13
:10DEB00012F0070282710A00120CD205D20D4282C2
:10DEC000890F11F0010101757047000040162640CE
:10DED000001926402C1A0228CCF70910001B022832
:10DEE000100027401CB50C006946FFF7DBFE01005F
:10DEF000C9B2002901D0C0B217E0DFF8B40400991C
:10DF000050F8210010F07F012160C0F3042161600E
:10DF1000C0F30441A1600100090F11F00301617316
:10DF2000C00E10F001002073002016BD40122640E4
:10DF300008002040080420401CB50C006946FFF78B
:10DF4000CFFE0100C9B2002901D0C0B235E0DFF830
:10DF5000101500980001085800F0FF022260C0F37D
:10DF600004226260C0F30442A260000F10F00300BC
:10DF7000207300980001084442681000C00F6073CD
:10DF8000C2F30270002801D0012000E00020A0733D
:10DF900022F07F422261009800010844806801005D
:10DFA000C90F21750100090E11F001016175A075FD
:10DFB000000C10F00700E075002016BD000126409F
:10DFC0000012264050F809103815264080B501008F
:10DFD000DFF868051822F8F77DFC0120DFF86015EE
:10DFE0000870002002BDDFF85C150968C90F002920
:10DFF00008D0DFF84C150978002907D1002101600D
:10E0000003207047002101600320FAE7DFF82C1598
:10E01000096801600020F4E710B50400FFF72EFE48
:10E02000002803D10020206003200DE0DFF8100558
:10E030000078002805D0DFF8040580682060002003
:10E0400002E000202060032010BD0000DFF8F01483
:10E050000978002905D0DFF8E41449680160002040
:10E0600002E00021016003207047DFF8DC1409683A
:10E07000C90F002908D0DFF8C8140978002907D192
:10E080000021016003207047002101600320FAE7AE
:10E09000DFF8A814C96801600020F4E7DFF8AC14C9
:10E0A0000968C90F002908D0DFF8941409780029FD
:10E0B00007D1002101600320704700210160032087
:10E0C000FAE7DFF87814096901600020F4E710B579
:10E0D0000400FFF725FE002803D100202060032064
:10E0E0000DE0DFF85C040078002805D0DFF84C0470
:10E0F00040692060002002E000202060032010BD65
:10E10000301526403415264010B50C00C0B2FFF77C
:10E110006FFE00280ED0012810D0022812D0B0F5D2
:10E12000887F13D040F21111884213D0B0F58A7F56
:10E1300014D017E02000FFF756FF16E02000FFF78D
:10E1400085FF12E02000FFF767FF0EE02000FFF7D9
:10E150008CFF0AE02000FFF7BAFF06E02000FFF77F
:10E160009DFF02E000202060032010BD80B501006B
:10E170000020FFF7C9FF02BD80B50322D2B2824260
:10E1800003D200200860012003E0401CC0B2FFF76A
:10E19000BBFF02BD18B587B004006846FFF7E6FF75
:10E1A0000100C9B2002903D000212160C0B22BE0D8
:10E1B00001A8FFF74BFE9DF81400022803D1009838
:10E1C0002060002020E0DFF888030068C00F0028EE
:10E1D00008D0FFF760FDC0B2002807D10020206002
:10E1E000032011E00098206000200DE000990198C4
:10E1F0004143BDF80800B1FBF0F09DF80B10491C3D
:10E20000B0FBF1F02060002008B010BD3C152640A6
:10E21000F0B58BB005000C0069462800C0B2FFF7CE
:10E22000ABFF0100C9B2002903D000212160C0B2B8
:10E23000BCE02800C0B202284CD307A92800C0B215
:10E24000401CFFF74FFEC0B2002811D0DFF8046376
:10E250001822DFF80413300000F084F90020F07574
:10E2600040F66310DFF8F41208600020F9F77EF939
:10E270004F482900C9B200EB810050F8080CC00FCC
:10E28000002807D09DF82900022807D100982060B7
:10E2900000208BE000982060002087E0EDB26D1C2C
:10E2A0002800FFF708FD0100C9B2002902D0C0B262
:10E2B000FF2803D100202060032077E00099079811
:10E2C00041430898B1FBF0F00999B0FBF1F02060F0
:10E2D00000206BE001A92800C0B2401CFFF72CFE13
:10E2E000C0B2002811D0DFF86C621822DFF8681283
:10E2F000300000F037F90020F07540F67F10DFF8AD
:10E300005C1208600020F9F731F955482900C9B2BC
:10E3100009014058C00F002807D09DF810000228BE
:10E3200007D100982060002040E000982060002085
:10E330003CE0EDB26D1C2800FFF7DCFC0100C9B227
:10E34000002902D0C0B2FF2803D1002020600320A2
:10E350002CE09DF8110001281DD1009A0023019E98
:10E3600000273F0647EA162736060598002136188B
:10E370004F41A6FB020106FB031107FB0211029AA3
:10E38000039BA3FB0223FAF72DFB000E40EA0120BA
:10E39000090E206009E00099019841430298B1FB01
:10E3A000F0F00399B0FBF1F0206000200BB0F0BD5D
:10E3B0000016264010B50323421E0400E4B2002CD0
:10E3C00003D10800FFF7E6FE0CE01400DBB2E4B274
:10E3D000A34204D31000C0B2FFF71AFF02E0C0B29C
:10E3E000FFF792FE10BD38B505000C002800C0B242
:10E3F000FFF79DFC0100C9B2FF2904D12000FFF7FF
:10E40000F2FDC0B21BE06946C0B2FFF7D3FF0100C6
:10E41000C9B2002903D000212160C0B20FE028005A
:10E42000C0B2FFF7AEFCC0B2002805D002280BD066
:10E4300006D303280CD00FE000982060002032BDE6
:10E44000009840082060F9E7009880082060F5E710
:10E450000098C0082060F1E7002020600320EEE76C
:10E46000001926401FB5040002A90120FFF7BBFFD9
:10E470000100C9B2002903D000212160C0B21AE016
:10E48000694601A8FFF79EFC01980021421C71F12A
:10E49000FF335B0143EAD263520100980021121856
:10E4A0004B4102980021490141EAD0614001FAF74D
:10E4B00099FA2060002004B010BD1FB5040002A925
:10E4C0000120FFF790FF0100C9B2002903D000210D
:10E4D0002160C0B21AE0694601A8FFF77EFC0198EE
:10E4E0000021421C71F1FF335B0143EAD263520108
:10E4F0000098002112184B4102980021490141EA7D
:10E50000D0614001FAF76EFA2060002004B010BD1F
:10E5100080B5DFF84C100A68C2F303220E2A07D038
:10E520000968C1F303210D2905D1FFF7C6FF02BD1C
:10E53000FFF798FFFBE70120F9E70000141A022813
:10E54000641B022818152640081526400C15264085
:10E55000301526402C1A022850F80910001B0228FA
:10E560000000204001B58B071AD1830724D1121F68
:10E5700021D351F8043BA3F1013C2CEA030C1CF01D
:10E58000803C04BF40F8043BF1E79CFA8CFCBCFAE9
:10E590008CF1C1F118018B40CB4040F8043B13E0F3
:10E5A000042A09D311F8013B521E00F8013B5BB16C
:10E5B0008B07F7D1D9E7121D5AB111F8013B521E52
:10E5C00000F8013B03B1F8D111001CBF0022F8F79D
:10E5D000CDF901BD54500080000404040000080877
:10E5E000AD3000800201030300000300AD380100DC
:10E5F00001E0014000400040010004000000000173
:10E6000054580040041A0100545C014000002710D7
:10E6100000000FA00FA003E802801F4000000500CB
:10E62000547000800320032000000008547801008B
:10E630000113002900330000020000010401080258
:10E6400054880140000000000000000000000000AD
:10E650000000000000000C00AD48010001F40000C3
:10E66000030600100807080700000008AD6001005D
:10E670000000008000000000201F01F400001D0ABF
:10E68000AD70008008001F4000000001AD780080E0
:10E6900000A0032000010190AD8000400000280090
:10E6A000AD8400800000320003200000AD8C0080AB
:10E6B0000258FF380000000CAD94010000019000EA
:10E6C000FFFFFC000000040000000101ADA400C039
:10E6D0000480061A0040058000000106ADB000C0AD
:10E6E0000480061A1900058000000190ADBC0440AA
:10E6F00000000000000000000012002500000006DD
:10E7000000000005000000050000000600000004F5
:10E710000000000F0000005A000000000000000987
:10E720000B0C0B0B0303110501010101000000009C
:10E73000000D0000AE00010400000004000000080D
:10E740000000000A0000000C0000000D0000000E98
:10E750000000000800000008000000100000001089
:10E760000000002000000020000000060000050A54
:10E7700002000C0800000000AE400040000001FF55
:10E78000AE44004000100401AE48004000001000FC
:10E79000AE4C004000000001AE50014000000014EB
:10E7A0000400280003206C00000000000000258009
:10E7B000AE64004000000002AED8010000C805DCD5
:10E7C000000007AE0104000000000301B550028202
:10E7D0000000000000000000000000000000000039
:10E7E0000000000000000000000000000000000029
:10E7F0000000000000000000000000000000000019
:10E800000000000000000000000000000000000008
:10E8100000000000000000000000000000000000F8
:10E82000B5A002820000000000000000000000000F
:10E8300000000000000000000000000000000000D8
:10E8400000000000000000000000000000000000C8
:10E8500000000000000000000000000000000000B8
:10E8600000000000000000000000000000000000A8
:10E8700000000000B5F0004000FF0000B39C010064
:10E88000349B0435021B087C800012010001080043
:10E89000B6C000C0000060000000200000000000C2
:10E8A000AEA8004000000405AEAC008001000100ED
:10E8B00000020000AEB4004000000000AEB80081CD
:10E8C0000000000000000000AEC000810000000059
:10E8D00000000000AEC80081080101080000000827
:10E8E000AED000810108080800000001B5F40080E6
:10E8F0000000000000000000B5FC008000000000E7
:10E9000000000000B604004000000000B60800440B
:10E9100000000000000000000000000000000000F7
:10E92000B6180044000000000000000000000000D5
:10E9300000000000B62800440000000000000000B5
:10E940000000000000000000B63800440000000095
:10E95000000000000000000000000000B6480100B8
:10E9600000000000000000000000000000000000A7
:10E97000B658010000000000000000000000000088
:10E9800000000000B6680100000000000000000068
:10E9900000000000000000000000000F000103C89C
:10E9A0009FD800C0032009600B0808170808080357
:10E9B0009FE4014000000000000000000000000093
:10E9C00001E00020000000209FF8004017171717F3
:10E9D0009FFC0404000046A4000037660000266087
:10E9E00000001CBC00001773000011250000110777
:10E9F00000000E6300008B4C000060A200003DC0D0
:10EA0000000026AA00001BC2000018040000149792
:10EA1000000010ED0001281B000093F0000057617A
:10EA20000000302B000020AA00001AB6000015C319
:10EA30000000160E00017FBB0000AD58000071AF52
:10EA4000000036D9000022FB00001C96000018834D
:10EA50000000179600019000000097D60000663B6A
:10EA60000000330A000020CD00001938000016A570
:10EA7000000014BB0000AFCF0000657D00003D9397
:10EA8000000029D10000194E000015BA000011C67F
:10EA90000000127F0000731D0000422C00002E8237
:10EAA00000001E800000181C0000132D00000FC67F
:10EAB00000000F8500004F04000033E900001F062E
:10EAC000000018400000132C0000129700000E01F7
:10EAD00000000DACA0FC01000000000000000003DD
:10EAE0000000000000000000A10C010000000080F8
:10EAF000000000030000000000000000A11C00C096
:10EB0000000070EB0C8001E000000026A128090243
:10EB100000000000000000000000000000010000F4
:10EB20000036000301D9014302330217024B0241B0
:10EB3000011702220027005D0005001100000001FE
:10EB400000000000000000000000000000000000C5
:10EB500000000000000000000000000000000000B5
:10EB600000000000000000000000000000000000A5
:10EB70000000000000000000000000000000000095
:10EB80000000000000000000000000000000000085
:10EB90000000000000000000000000000000000075
:10EBA0000000000000000000000000000000000065
:10EBB0000000000000000000000000000000000055
:10EBC0000000000000000000000000000000000045
:10EBD0000000000000000000000000000000000035
:10EBE0000000000000000000000000000000000025
:10EBF0000000000000000000000000000000000015
:10EC00000000000000000000000000000000000004
:10EC100000000000000000000000000000000000F4
:10EC200000000000000000000000000000000000E4
:10EC3000A248004000000000A24C0081000000003B
:10EC400000000000A254008100000000000000004D
:10EC5000A25C00810000000000000000A2640081AE
:10EC60000000000000000000A26C00840000000012
:10EC70000000000000000000000000000000000094
:10EC8000000000000000000000000000A28C0082D4
:10EC90000000000000000000000000000000000074
:10ECA0000000000F0501030470B40A0092B2012AAB
:10ECB00002D1B0F9000042E001221CE01D00ADB21B
:10ECC00000EB450535F8025C1E00B6B220F8165080
:10ECD0005B1E1D00ADB2002D09D025001E00B6B28E
:10ECE00000EB460636F9026C2DB2B542E6DB9BB26C
:10ECF00020F81340521C13000C009BB2A4B2A34294
:10ED000005D213009BB230F913401300E1E7CA07A4
:10ED100004D589B231F00101405E10E00A0092B2E0
:10ED200032F00102024432F9022C89B231F00101C1
:10ED3000405E00FA82F0022190FBF1F000B270BC5C
:10ED4000704778B5A1B06E48007800284FD00020F9
:10ED50008DF8000000246B4E69463000F6F7CAFFBC
:10ED6000C0B2002803D19DF80000002800D13EE089
:10ED7000654D29003000F6F7F2FFC0B2002836D109
:10ED800000201CE00100C9B2294491F882100A0059
:10ED9000D2B2052A02D0C9B209290FD10100C9B2E5
:10EDA00005EB4101B1F902100A0012B2002A05D4A4
:10EDB00001AA23009BB222F81310641C401C01001E
:10EDC000524A1278C9B29142DCD3200080B20028A6
:10EDD00003D100204E49087009E0210089B201A842
:10EDE000FFF762FF4B49088001204949087022B0B3
:10EDF00070BD1CB5002000208DF80000F7F78CFCDA
:10EE00000323012201212B20FDF706FD3220F8F714
:10EE100015FB0820404908600A20F8F70FFB08207E
:10EE20003E4908603220F8F709FB364C522020801A
:10EE300069462000F6F796FBC0B2002803D19DF882
:10EE40000000002807D1B623354A36490020FCF7D8
:10EE500015FD012050E02000F6F7B3FBC0B20028FA
:10EE600007D0BE232E4A30490020FCF707FD0220C0
:10EE700042E010212000F7F711F8C0B2002807D0B7
:10EE8000C623274A29490020FCF7F8FC032033E079
:10EE900001212000F7F7A6F8C0B2002807D0CE2342
:10EEA0001F4A23490020FCF7E9FC042024E032211A
:10EEB0002000F7F782F8C0B2002807D0D623184AFE
:10EEC0001C490020FCF7DAFC052015E02000F6F7CD
:10EED0000FFEC0B2002807D0DE23114A16490020D9
:10EEE000FCF7CCFC062007E008492000F6F7BFFF3E
:10EEF0000120034908700020C0B216BD00000000C8
:10EF0000671B022870090228FC1502286C090228D8
:10EF1000661B0228461B02288402314088023140C9
:10EF20001CFB09101CFC091024FD091044FD0910EC
:10EF3000BCFC091044FC091064FD091038B500F050
:10EF400077F900F042F800F0C9F8714908688003C9
:10EF500012D4BFF34F8FBFF36F8F00206D4A106044
:10EF6000BFF34F8FBFF36F8F086850F40030086015
:10EF7000BFF34F8FBFF36F8F0868C00324D4002006
:10EF8000654A1060BFF34F8F64480268C2F34E3386
:10EF9000C2F3C90443F6E07010EA431050EA8470EB
:10EFA0005F4D28602000441E0028F3D11800431E46
:10EFB0000028EDD1BFF34F8F086850F4803008600F
:10EFC000BFF34F8FBFF36F8F31BD70B586B068460A
:10EFD00054491822F7F77EFC00200AE06946020037
:10EFE000D2B201EBC2014968491C11F0070F0DD1E3
:10EFF000401C0100C9B2032909D269460200D2B2FD
:10F0000011F8321011F0070FE8D0FEE7FEE7464C8A
:10F01000207810F0070F00D0FEE7444D2868401C10
:10F0200010F0070F00D0FEE7002622E0684631000E
:10F03000C9B200EBC10041683000C0B252F83000E4
:10F0400000F043F814E000200028EFD02168491EAA
:10F050003000C0B252F8300000F037F86846310096
:10F06000C9B200EBC10041682868401C00F02DF8CF
:10F07000761C3000C0B2032825D26A463000C0B2E8
:10F0800052F83000002813D020683100C9B252F87D
:10F09000311088420AD368463100C9B200EBC10082
:10F0A00040682168884201D30120CDE70020CBE7EA
:10F0B00068463100C9B200EBC1004068216888424F
:10F0C000C1D30120C0E706B070BD0022002302E0DA
:10F0D000C0E9002308308842FAD3704730B414489E
:10F0E00080081449144A002308E01C00E4B252F8D6
:10F0F00024401D00EDB241F825405B1C1C000500BA
:10F10000E4B2EDB2AC42F0D30C48016030BC7047C1
:10F1100014ED00E050EF00E084ED00E080ED00E051
:10F1200060EF00E084FE09103CF7091040F7091079
:10F1300080000000801B02280000081008ED00E09D
:10F1400010B5002042490860BFF34F8F4148016865
:10F15000C1F34E32C1F3C90343F6E07010EA421026
:10F1600050EA83703C4C20601800431E0028F3D105
:10F170001000421E0028EDD1BFF34F8FBFF36F8FF9
:10F18000BFF34F8FBFF36F8F002034490860BFF388
:10F190004F8FBFF36F8F00F001F810BD38B586B008
:10F1A00068462F491822F7F795FB6846FEF70EFFD1
:10F1B000C0B200280DD02B4C18222B492000FFF79D
:10F1C000D1F90020E0754E20284908600020F8F7AA
:10F1D000CDF9274D2800FFF79BF9C0B200280DD0CC
:10F1E000204C182220492000FFF7BCF90020E075D0
:10F1F00050201E4908600020F8F7B8F91D4928681A
:10F2000008600A681C4882181C48B2FBF0F01C4ACF
:10F2100010601C48096801F2E7314FF47A72B1FBC3
:10F22000F2F101600068C0031749086007B030BD03
:10F2300080B500F02DF815490A6852F470020A6092
:10F24000BFF34F8FBFF36F8F00F026F801BD0000B2
:10F2500084ED00E080ED00E074EF00E050EF00E0AE
:10F260009CFE09102C1A022844F70910001B0228E2
:10F27000041B0228081B02283F420F0040420F00D7
:10F28000101B02280C1B0228141B022888ED00E02A
:10F29000EFF3108072B6704780F31088704700005B
:10F2A000010009B2002908D4012210F01F018A4090
:10F2B0004F4900B2400941F820207047FEE780B571
:10F2C0004C4800684C4801680800C00F002805D071
:10F2D0004A488905890D50F8210080470020FFF732
:10F2E000DFFF01BD80B54648006846480168080058
:10F2F000C00F002805D041488905890D50F821002C
:10F3000080470120FFF7CCFF01BD80B53E48006873
:10F310003E4801680800C00F002805D0374889051D
:10F32000890D50F8210080470220FFF7B9FF01BD89
:10F3300080B537480068374801680800C00F0028CA
:10F3400005D02E488905890D50F8210080470320FB
:10F35000FFF7A6FF01BD80B52F4800682F48016860
:10F360000800C00F002805D024488905890D50F8F1
:10F37000210080470420FFF793FF01BD80B5284896
:10F380000068284801680800C00F002805D01B4805
:10F390008905890D50F8210080470520FFF780FF7F
:10F3A00001BD80B520480068204801680800C00FF2
:10F3B000002805D011488905890D50F821008047A3
:10F3C0000620FFF76DFF01BD80B519480068194898
:10F3D00001680800C00F002805D008488905890D7C
:10F3E00050F8210080470720FFF75AFF01BD0000B9
:10F3F00080E200E0A0FF0910000120408001022807
:10F40000A4FF091004012040A8FF091008012040B2
:10F41000ACFF09100C012040B0FF09101001204082
:10F42000B4FF091014012040B8FF09101801204052
:10F43000BCFF09101C01204000B587B03A4800F01D
:10F4400083F8FCF75CFA0520FAF7F4FEFBF794FA70
:10F4500000F0CAF8FFF7CDFCC0B20100334800F05D
:10F46000E3F80323012201219820FDF7D5F90221B9
:10F470001520FDF7F3FB44F620610120FAF7E0FBCD
:10F480004FF47A710020FAF7DBFB00219820FDF79A
:10F49000A1F90020B2EE080A13E0002101700A2150
:10F4A0001520FDF7BDFB80B200EE100AB8EE400A51
:10F4B000DFED1B0A20EE200ADFED1A0A20EE200AFB
:10F4C00029E0FFF73EFC1A481A490988069190ED99
:10F4D000040AB7EEC00A8DED040B174991ED000A3E
:10F4E000B7EEC00A8DED020B144991ED080AB7EE94
:10F4F000C00A8DED000B90ED080AB7EEC00A53EC80
:10F50000102B0F4800F090F80E4801783229C4DA29
:10F510000178491C01701420F7F790FFD1E700BF74
:10F52000666632413333533A80B2E60EF8FD091075
:10F5300088000228461B0228D81A0228B400022894
:10F54000BCFB0910651B022880B505490860FFF760
:10F55000F7FDF7F7A2FF0020FCF72AFB01BD000032
:10F56000181B022870B500250020284C284E207852
:10F5700006EB00010620FBF72AFD002833D0207897
:10F58000401C20702078012804D13078A32801D0B5
:10F59000002020702078122825DB71780020707000
:10F5A000002202E0B05C4519521C122AFADB080066
:10F5B000EDB2C0B2854210D10120164A1070012070
:10F5C000154A10700020154A108071701222144DD7
:10F5D00031002800F7F76EF902E000200D490870AD
:10F5E00000200020207070BD80B5602360225FF491
:10F5F000E1310620FBF78CFE01210620FBF7AFFD71
:10F600000849062000F025F801BD0000721B022801
:10F61000881A0228711B02286E0902285A1B022828
:10F620009C1A022865F509100EB4C0B5024603A85D
:10F6300000210190009101AB0121044878440C3075
:10F64000F8F7E1F806BC5DF810FB00BF8108000088
:10F6500070470C4A10701078052809D1080000285E
:10F6600003D10948094908600BE00848016008E037
:10F670000800002803D104480549086001E0044857
:10F6800001607047751B022851F6091074080228A2
:10F690007008022872B61D4908684FEA102000F071
:10F6A0000F000E2808BF1A490D2808BF194907285E
:10F6B00008BF1949082808BF1849086820F00B003E
:10F6C00008600868BFF34F8F154816490860BFF3FC
:10F6D0004F8F1549086840F0070008601349086813
:10F6E00040F007000860BFF34F8FBFF36F8F00201B
:10F6F0000021124AE2E802016A45FBD10C4FB847EB
:10F700000C4FB8470C4FB847FEE700000000204000
:10F710000C0020400C0420400C0820400C0C204021
:10F720000000081008ED00E090EF00E094EF00E02A
:10F730003DEF091095FC091069FE091000FF07282C
:10F74000FFFF0728433A5C436F64655C6265696646
:10F75000656E5C6F6C645C435954344242375F4C55
:10F760006962726172792D6D61737465725C536543
:10F77000656B667265655F4359543442425F4F70F2
:10F78000656E736F757263655F4C696272617279E1
:10F790005C6C69627261726965735C73646B5C74E2
:10F7A0007669696268346D5C7372635C73797374D3
:10F7B000656D5C73797374656D5F74766969626891
:10F7C000346D5F636D372E6300000000433A5C4385
:10F7D0006F64655C62656966656E5C6F6C645C43F2
:10F7E0005954344242375F4C6962726172792D6DAF
:10F7F00061737465725C5365656B667265655F43C2
:10F8000059543442425F4F70656E736F7572636511
:10F810005F4C6962726172795C6C69627261726973
:10F8200065735C73646B5C747669696268346D5C83
:10F830007372635C647269766572735C7379736307
:10F840006C6B5C63795F737973636C6B2E6800001B
:10F85000433A5C436F64655C62656966656E5C6FC4
:10F860006C645C435954344242375F4C6962726144
:10F8700072792D6D61737465725C5365656B667228
:10F8800065655F4359543442425F4F70656E736FD4
:10F89000757263655F4C6962726172795C6C6962F2
:10F8A0007261726965735C73646B5C7476696962BA
:10F8B00068346D5C7372635C647269766572735CE4
:10F8C000737973636C6B5C63795F737973636C6B6F
:10F8D0002E630000433A5C436F64655C6265696651
:10F8E000656E5C6F6C645C435954344242375F4CC4
:10F8F0006962726172792D6D61737465725C5365B2
:10F90000656B667265655F4359543442425F4F7060
:10F91000656E736F757263655F4C6962726172794F
:10F920005C6C69627261726965735C7A665F64655A
:10F93000766963655C7A665F6465766963655F694D
:10F940006D7536363072632E63000000433A5C43B7
:10F950006F64655C62656966656E5C6F6C645C4370
:10F960005954344242375F4C6962726172792D6D2D
:10F9700061737465725C5365656B667265655F4340
:10F9800059543442425F4F70656E736F7572636590
:10F990005F4C6962726172795C6C696272617269F2
:10F9A00065735C7A665F636F6D6D6F6E5C7A665FC0
:10F9B000636F6D6D6F6E5F6669666F2E630000002A
:10F9C000433A5C436F64655C62656966656E5C6F53
:10F9D0006C645C435954344242375F4C69627261D3
:10F9E00072792D6D61737465725C5365656B6672B7
:10F9F00065655F4359543442425F4F70656E736F63
:10FA0000757263655F4C6962726172795C6C696280
:10FA10007261726965735C7A665F64726976657239
:10FA20005C7A665F6472697665725F6164632E6397
:10FA300000000000433A5C436F64655C6265696680
:10FA4000656E5C6F6C645C435954344242375F4C62
:10FA50006962726172792D6D61737465725C536550
:10FA6000656B667265655F4359543442425F4F70FF
:10FA7000656E736F757263655F4C696272617279EE
:10FA80005C6C69627261726965735C7A665F6472EC
:10FA9000697665725C7A665F6472697665725F73B7
:10FAA00070692E6300000000433A5C436F64655C3C
:10FAB00062656966656E5C6F6C645C435954344280
:10FAC00042375F4C6962726172792D6D6173746542
:10FAD000725C5365656B667265655F435954344269
:10FAE000425F4F70656E736F757263655F4C6962DC
:10FAF000726172795C6C69627261726965735C7A59
:10FB0000665F6472697665725C7A665F6472697654
:10FB100065725F756172742E63000000433A5C4346
:10FB20006F64655C62656966656E5C6F6C645C439E
:10FB30005954344242375F4C6962726172792D6D5B
:10FB400061737465725C5365656B667265655F436E
:10FB500059543442425F4F70656E736F75726365BE
:10FB60005F4C6962726172795C70726F6A6563740E
:10FB70005C636F64655C766C35336C3863782E63D8
:10FB80000000000030B4002512E050F8042BD30729
:10FB900044BF4A44521E091F042942F8045BFAD2AA
:10FBA00013468C0744BF15809B1CC90748BF1D70B6
:10FBB00050F8041B0029E8D130BC704744617461DF
:10FBC0003A25302E32662C20202025302E32662C0D
:10FBD00020202025302E32662C20202025302E3269
:10FBE000662C2020202025640A0000000D00000063
:10FBF000C000B4544000C0540401D0540404D05593
:10FC0000010484DB0404C4DB0204C4DE020444DF18
:10FC1000010444E0010484E0C00858D8564C353350
:10FC20004C384358206E6F7420616C697665206192
:10FC3000742064656661756C7420616464726573B8
:10FC4000732E0000564C35334C384358207365747E
:10FC50002072616E67696E67206672657175656E88
:10FC60006379206661696C65642E00005400004071
:10FC70009E1400C09E2001409E3400409E38040423
:10FC80009F3804029FB801009FC801000000000FC8
:10FC90000202002410B5074979441831064C7C440F
:10FCA000163404E00A68081D114488470146A14241
:10FCB000F8D110BD500000006C000000564C3533E8
:10FCC0004C384358207365742074617267657420E2
:10FCD0006F72646572206661696C65642E00000055
:10FCE0004EF68851CEF20001086840F470000860BA
:10FCF000BFF34F8FBFF36F8F4FF00170E1EE100A2B
:10FD00007047000081FEFFFF081200007009022802
:10FD100000000000236BFFFF58030000EA02000010
:10FD200000000228564C35334C384358206669721F
:10FD30006D77617265206C6F6164206661696C65C6
:10FD4000642E0000564C35334C384358207365748C
:10FD5000207265736F6C7574696F6E206661696C73
:10FD600065642E00564C35334C384358207374610B
:10FD700072742072616E67696E67206661696C6576
:10FD8000642E000004207146084202D0EFF309807F
:10FD900001E0EFF3088000B50149884700BD00008D
:10FDA0007175091080B58DF80000012269460120A7
:10FDB000FBF73DFD012802D19DF8000002BD4FF088
:10FDC000FF3002BD00F00EF8002801D0FFF762FFFF
:10FDD000AFF300800020AFF30080FFF72DFB00F0B1
:10FDE00003F800000020704700F000B807463846CE
:10FDF000F8F716FFFBE70000564C35334C384358F4
:10FE000020696E697420726573756C743A2025647C
:10FE10000A0000000D0A66696C65202573206C6974
:10FE20006E652025643A2025732E0D0A000000001F
:10FE3000696D7536363072632073656C6620636851
:10FE400065636B206572726F722E0000042071462C
:10FE5000084201D0EFF30980EFF3088000B50149B3
:10FE6000884700BD45FF09100548014603B46846B0
:10FE700080F30988AFF30080FFF732FFFFF7A2FF9E
:10FE8000A5EDF5FE00000228FFFF07280000002076
:10FE9000FF3F002000000000FF3F000000127A003A
:10FEA000000000000024F40000800000008000003A
:10FEB000008000000D0A66696C65202573206C695E
:10FEC0006E652025642E0D0A0000000038B504463A
:10FED0000D462846FFF766FFA84218BF00242046BB
:10FEE00032BD00000700000000000000000000001C
:10FEF000000000C066696C653A206D646B2F257345
:10FF000000000000417373657274206572726F7235
:10FF100000000000000000000000000F00020008C8
:10FF200066696C653A202573000000006C696E6597
:10FF30003A202564000000004C6F67206D657373E4
:10FF400061676500816911F8021CC9B201607047E0
:10FF500003010000101100100F0404000810100726
:10FF60000000000F030101E40F040417081010073C
:10FF700000780008000000080000000F05010000E4
:10FF80000000000000000000000000000000000071
:10FF90000000000000000000000000000000000061
:10FFA0000000000000000000000000000000000051
:10FFB0000000000000000000000000000000000041
:10FFC0000000000000000000000000000000000031
:10FFD0000000000000000000000000000000000021
:10FFE0000000000000000000000000000000000011
:10FFF0000000000000000000000000000000000001
:02000004100AE0
:1000000000000000000000000000000000000000F0
:1000100000000000000000000000000000000000E0
:100020000000000000000000A0FC01000100010031
:1000300000030000FFF7FEBFFFF7A4BEFFF7A2BE5C
:10004000FFF7A0BEFFF7FEBFFFF7FEBFFFF7FEBF43
:10005000FFF7FEBFFFF7FEBFFFF7FEBFFFF7FEBFD4
:10006000FFF7FEBFFFF7FEBFFFF7FEBFFFF7FEBFC4
:10007000F007100080D4459A991940000113FAC482
:1000800004F21B442CF00211CDCC4C3F2C12482C16
:1000900012485832992C400217B7D13934F301F085
:1000A000423C12962CF00C0896446666E63F0AD74E
:1000B000A33CA69B443C601001C028C50420034516
:1000C0004260653D24F00209ACC5A7368C13A0C080
:1000D00004F21B402C140133337308B403B0429A6A
:1000E00099D910411813C442A4B118150C1110125B
:1000F0006830B29918F002FFBDF2091004F1FF0454
:10010000F1FF04F1FF04F1FF04F1FF04F177042093
:10011000068001022851F6091004100400009040E6
:100120000010041006209040BD980910BF0412CFA3
:100130000412DF0412E10412E30412E50412E704DE
:1001400012E90412EB0412ED0412EF0412F104128E
:10015000F30412F5041003079909100904120B04A3
:10016000120D04120F0412110412130412150412BA
:1001700017041007358C0910559709105F04126990
:1001800004127304127D04128704129104129B045A
:1001900012A50412AF0412B90412C30412CD041242
:1001A000D7042C01000067B807110412690410017C
:1001B0006640E51412F70412157C1227041231046C
:1001C000125104125B041001000060241265041235
:1001D00064041263044362404000086640770101F2
:1001E00001100101060000000000000000000000F6
:1001F00000000000000000000000000000000000FF
:1002000000000000000000000000000000000000EE
:1002100000000000000000000000000000000000DE
:1002200000000000000000000000000000000000CE
:1002300000000000000000000000000000000000BE
:1002400000000000000000000000000000000000AE
:10025000000000000000000000000000000000009E
:01026000009D
:040000051009FE6977
:00000001FF
